PSJudge,UniqueWordCount,avgEVC,avgSD,binCount,binSize,cocoWindow,cvWindow,elle,ensemble2Accuracy,ensemble2Exact,ensemble2MAE,il,ils,je,judgementCount,judgementFrac,judgementMethod,keywordMethod,le,netAngle,nous,perNeg,perNegDoc,perPos,perPosDoc,pronounCount,pronounFrac,rfAccuracy,rfClassAccuracy,rfClassExact,rfClassMAE,rfMAE,runID,svmAccuracy,svmClassAccuracy,svmClassExact,svmClassMAE,svmMAE,targetWordCount,toBeCount,toBeFrac,vous
0.0339583590521,,0.036825153766,0.0420868510482,112.0,1.0,3.0,3.0,0.0145439251428,,,,0.0532256093929,0.0512643410137,0.0428879365887,0.0451069275962,0.03764717125,pronoun,tfidfNoPro,0.0935593098451,30.0,0.0472352919563,0.297957088422,0.0109485827369,0.144869201351,0.0132963572683,,,0.421052631579,0.657894736842,0.368421052632,1.21052631579,1.24210526316,QK49UX,0.552631578947,0.631578947368,0.368421052632,1.31578947368,1.15606721613,10.0,,,0.0345878935696
0.035091825292,,0.0646313164353,0.0458768577908,112.0,1.0,3.0,3.0,0.0217626096668,,,,0.0801499741554,0.0520114026652,0.0784479520837,0.0537977495079,0.0569103569626,pronoun,tfidfNoPro,0.0990555844395,30.0,0.0788706683442,0.123573839751,0.00753602133522,0.158832707314,0.00613958807053,,,0.583333333333,0.722222222222,0.361111111111,1.19444444444,1.22240740741,7ARFZ1,0.555555555556,0.638888888889,0.277777777778,1.36111111111,1.16584760888,10.0,,,0.0373115461863
0.0456294254225,,0.0372378641698,0.0297477036037,112.0,1.0,3.0,3.0,0.0173211433961,,,,0.0678182238641,0.0709915744014,0.0452657123571,0.0570622319133,0.0650481636168,pronoun,tfidfNoPro,0.0913241066007,30.0,0.0689792679971,0.119118988117,0.0105947502312,0.229895977857,0.00725285004268,,,0.366666666667,0.5,0.233333333333,1.66666666667,1.45644444444,4228OZ,0.566666666667,0.533333333333,0.266666666667,1.5,1.24977015299,10.0,,,0.0367120164096
0.0707862927,,0.0491531906206,0.0362119755221,112.0,1.0,3.0,3.0,0.0329064465465,,,,0.109478926412,0.039458031703,0.0682559191985,0.0522030735441,0.0468662269123,pronoun,tfidfNoPro,0.0914887313867,30.0,0.0631343014266,0.162867878603,0.00797669937355,0.124497103399,0.00899115046821,,,0.481481481481,0.555555555556,0.37037037037,1.44444444444,1.25283950617,X141N0,0.592592592593,0.666666666667,0.407407407407,1.33333333333,1.08915477643,10.0,,,0.0357240521848
0.0499267176,,0.0513218834887,0.032030942606,112.0,1.0,3.0,3.0,0.0145136341028,,,,0.132211652624,0.0483784918483,0.0674577861898,0.0539305527886,0.0343379552784,pronoun,tfidfNoPro,0.147907801449,30.0,0.0635882808375,0.172370935564,0.0105567416331,0.083865447375,0.0125816668348,,,0.481481481481,0.666666666667,0.333333333333,1.22222222222,1.11283950617,97MQ73,0.592592592593,0.666666666667,0.333333333333,1.25925925926,0.983753444086,10.0,,,0.0250195097803
0.0490502629769,,0.03089603404,0.0314551521216,112.0,1.0,3.0,3.0,0.0283589204127,,,,0.0924808804712,0.031151552905,0.143463545293,0.0449437910528,0.0495999805568,pronoun,tfidfNoPro,0.0748191015917,30.0,0.0710914721854,0.13383951824,0.0130441458883,0.150560743326,0.0215687533298,,,0.609756097561,0.780487804878,0.414634146341,0.90243902439,0.950487804878,LU6571,0.609756097561,0.756097560976,0.365853658537,1.0487804878,0.975452785024,10.0,,,0.0336761456092
0.0411836582072,,0.0283636549441,0.0320249523991,112.0,1.0,3.0,3.0,0.0272668012466,,,,0.166317768681,0.0580663889511,0.0806469932727,0.0440510493221,0.0465211080261,pronoun,tfidfNoPro,0.0685291418204,30.0,0.0717104519709,0.0882086939455,0.00983040943375,0.170575931191,0.0132885727032,,,0.567567567568,0.621621621622,0.351351351351,1.45945945946,1.19108108108,IL9MCQ,0.540540540541,0.675675675676,0.324324324324,1.37837837838,1.30978238923,10.0,,,0.0534144238852
0.0340400622679,,0.0413064807,0.0284655741927,112.0,1.0,3.0,3.0,0.0215588708016,,,,0.0711338560148,0.0763833105133,0.107908744436,0.0488970653843,0.0500181921393,pronoun,tfidfNoPro,0.167180574438,30.0,0.0694845394457,0.0965845990912,0.011933732215,0.13773837241,0.00891092865811,,,0.823529411765,0.764705882353,0.441176470588,0.941176470588,0.802549019608,THVRCS,0.705882352941,0.705882352941,0.382352941176,1.0,0.784657467522,10.0,,,0.0284550972919
0.0371773372643,,0.0398650309509,0.0319256303422,112.0,1.0,3.0,3.0,0.0139313842536,,,,0.0787661775191,0.0559194183725,0.103496740966,0.0391738712876,0.0373807050537,pronoun,tfidfNoPro,0.133382059598,30.0,0.0551653195506,0.153094478269,0.0120123041831,0.167137984702,0.00845977487034,,,0.625,0.5625,0.3125,1.28125,0.887083333333,R7BLJ5,0.71875,0.71875,0.28125,1.03125,0.701835238328,10.0,,,0.0331117828178
0.0343601932124,,0.0339818481726,0.0290269570867,112.0,1.0,3.0,3.0,0.0193423250042,,,,0.0837407094852,0.0858242425931,0.115612810249,0.0473496624614,0.0395837330055,pronoun,tfidfNoPro,0.109594290405,30.0,0.0613609840406,0.161155715097,0.0161995512931,0.121770047661,0.0134493961122,,,0.571428571429,0.642857142857,0.285714285714,1.17857142857,1.08666666667,NNMITA,0.571428571429,0.678571428571,0.321428571429,1.17857142857,1.09105583366,10.0,,,0.0276475341215
0.0264134946583,,0.0323812058877,0.034499221953,112.0,1.0,3.0,3.0,0.01716599427,,,,0.129577854551,0.047340721086,0.133924426611,0.0421192695912,0.0399442902976,pronoun,tfidfNoPro,0.141313379959,30.0,0.0519724730257,0.0614126882216,0.0093871542097,0.200352654653,0.00608040779364,,,0.702702702703,0.675675675676,0.378378378378,1.08108108108,0.97036036036,PZJ6F2,0.675675675676,0.756756756757,0.405405405405,0.945945945946,0.872730547533,10.0,,,0.0261147632309
0.0405839647653,,0.0571151810912,0.041463109817,112.0,1.0,3.0,3.0,0.0150756242773,,,,0.068569805344,0.105327014761,0.0796635166893,0.0477689937988,0.0289629803778,pronoun,tfidfNoPro,0.0811890920654,30.0,0.0433469842721,0.206832418703,0.0443230328273,0.0857528961578,0.0239436250755,,,0.428571428571,0.542857142857,0.314285714286,1.45714285714,1.20542857143,WU1D1B,0.628571428571,0.542857142857,0.2,1.51428571429,1.05932895906,10.0,,,0.0300817599779
0.0434276989942,,0.0380021651437,0.0523108036914,112.0,1.0,3.0,3.0,0.0160739467705,,,,0.156957696543,0.0407091719732,0.0715143906534,0.0361547596958,0.0398085073242,pronoun,tfidfNoPro,0.105406159914,30.0,0.090070369407,0.0949100257958,0.0216232201585,0.145706269291,0.0188922627684,,,0.609756097561,0.585365853659,0.268292682927,1.36585365854,1.01504065041,5WY5KC,0.658536585366,0.682926829268,0.243902439024,1.24390243902,1.01985545077,10.0,,,0.0284325518751
0.0265612062271,,0.0568946864904,0.0514312823985,112.0,1.0,3.0,3.0,0.0182357965935,,,,0.136220168825,0.105083693054,0.0775686015356,0.0396646504672,0.0320557617585,pronoun,tfidfNoPro,0.0931052968085,30.0,0.075741316305,0.120920070997,0.00848995652202,0.121430430958,0.00482951420809,,,0.675675675676,0.72972972973,0.432432432432,1.10810810811,0.902252252252,WLLBHP,0.675675675676,0.756756756757,0.351351351351,0.972972972973,0.860238101183,10.0,,,0.0317675668518
0.0576991580468,,0.0541928995126,0.0401503104406,112.0,1.0,3.0,3.0,0.0123187346577,,,,0.140483281844,0.051209748869,0.0838731594362,0.0814433079303,0.0427461722524,pronoun,tfidfNoPro,0.090265742172,30.0,0.0660339932903,0.154756812656,0.00646075802621,0.0795141102389,0.00920765671644,,,0.4375,0.71875,0.34375,1.0625,1.07916666667,QZJH8O,0.5625,0.78125,0.4375,1.0,1.0078642606,10.0,,,0.0296441539101
0.0376983139487,,0.0549832524091,0.033711043939,112.0,1.0,3.0,3.0,0.0134641312041,,,,0.140620094898,0.0606599713782,0.0972140287141,0.0367890373862,0.0423486773626,pronoun,tfidfNoPro,0.0959304675016,30.0,0.0803687038169,0.123355689604,0.0228354103527,0.119862471398,0.0164923199864,,,0.6,0.8,0.433333333333,0.833333333333,0.976111111111,0A97XZ,0.733333333333,0.7,0.3,1.1,0.938515887832,10.0,,,0.0236663861009
0.0310782750383,,0.0565640886736,0.0327737580949,112.0,1.0,3.0,3.0,0.0167165627297,,,,0.0609049086363,0.0799899868429,0.0775308869462,0.0385743697721,0.0449806314239,pronoun,tfidfNoPro,0.110825659275,30.0,0.0833195897369,0.16919603316,0.0318679350592,0.112308992158,0.0275107159551,,,0.648648648649,0.72972972973,0.378378378378,1.0,0.922972972973,S7ES0S,0.702702702703,0.702702702703,0.405405405405,1.0,0.822217715835,10.0,,,0.0258576064983
0.0286975794463,,0.0607510658267,0.033528994027,112.0,1.0,3.0,3.0,0.0221442861278,,,,0.11258928726,0.0406213065634,0.0729368684033,0.0393213400667,0.0520445084769,pronoun,tfidfNoPro,0.123484275789,30.0,0.052874157993,0.198304920782,0.0176834084392,0.1137035514,0.00924973188382,,,0.545454545455,0.636363636364,0.363636363636,1.15909090909,0.990227272727,UJW0WO,0.590909090909,0.704545454545,0.363636363636,1.11363636364,1.05815486265,10.0,,,0.0220647175147
0.0427039434844,,0.0511136188591,0.0302019156245,112.0,1.0,3.0,3.0,0.0226647770972,,,,0.0844857575605,0.0540337133764,0.0428759114979,0.0421809768242,0.0392319859605,pronoun,tfidfNoPro,0.14613079612,30.0,0.0485330828394,0.129066306266,0.0101517406775,0.218038303274,0.0128069269206,,,0.590909090909,0.772727272727,0.409090909091,0.954545454545,1.14,E01XBS,0.681818181818,0.772727272727,0.5,1.0,0.957091651743,10.0,,,0.0257802436173
0.0533127456893,,0.0381991582569,0.0337786756934,112.0,1.0,3.0,3.0,0.0122821736433,,,,0.094151582767,0.0495449591213,0.111770337321,0.040133831878,0.0337428025132,pronoun,tfidfNoPro,0.126354369918,30.0,0.0659621690259,0.165950761334,0.0148572799821,0.11605142059,0.0159700725485,,,0.527777777778,0.611111111111,0.361111111111,1.19444444444,1.02287037037,G6SVV2,0.638888888889,0.694444444444,0.361111111111,1.05555555556,0.975431423802,10.0,,,0.0279376597175
0.0458673200177,,0.0438759468903,0.0359730805549,112.0,1.0,3.0,3.0,0.0163244074097,,,,0.0790947205949,0.0462355509084,0.136633078369,0.0377699050498,0.0353150947639,pronoun,tfidfNoPro,0.13362779213,30.0,0.0569285055556,0.124039988911,0.00616671096631,0.161301087611,0.00595991369702,,,0.694444444444,0.638888888889,0.277777777778,1.25,0.962222222222,3JC8QQ,0.638888888889,0.722222222222,0.388888888889,1.05555555556,0.901109360191,10.0,,,0.0348868965707
0.0240256018191,,0.0651445180361,0.0327597345064,112.0,1.0,3.0,3.0,0.0265563431121,,,,0.0896640743526,0.0414718705413,0.0845591813383,0.0374695573092,0.034306009678,pronoun,tfidfNoPro,0.157841228927,30.0,0.0556276951253,0.112069494869,0.00938363836426,0.198467322854,0.0113789215292,,,0.634146341463,0.682926829268,0.292682926829,1.12195121951,0.975365853659,AXBIGZ,0.707317073171,0.658536585366,0.341463414634,1.0487804878,0.767896069483,10.0,,,0.0192748076381
0.059951942853,,0.0406008902969,0.0291373869535,112.0,1.0,3.0,3.0,0.0179560300787,,,,0.0472469505873,0.0831574379355,0.0867433619903,0.0632909822295,0.0516870481608,pronoun,tfidfNoPro,0.134767567934,30.0,0.0831699034931,0.111578860254,0.0129938581263,0.131985318062,0.0168207732355,,,0.5625,0.625,0.21875,1.40625,1.19729166667,DOI0BB,0.53125,0.625,0.28125,1.28125,1.1411322524,10.0,,,0.0289116878098
0.0341841895581,,0.0561378983581,0.0420884759162,112.0,1.0,3.0,3.0,0.0188260316793,,,,0.0837127392535,0.0698606640895,0.107142243333,0.0379606710783,0.0355552544445,pronoun,tfidfNoPro,0.118257675981,30.0,0.0659224210533,0.143438563904,0.0109502467492,0.133365317453,0.0108622675464,,,0.76,0.8,0.36,1.0,0.801333333333,K1UDV4,0.84,0.88,0.28,0.96,0.678966566904,10.0,,,0.0317353396027
0.0597021286038,,0.0528826519937,0.0367949705345,112.0,1.0,3.0,3.0,0.0276771977414,,,,0.0854806134392,0.0509380698293,0.0500170037751,0.0513728739712,0.0345867154046,pronoun,tfidfNoPro,0.129231578386,30.0,0.0582406921538,0.124935431959,0.00214087241826,0.208321235651,0.0010766846008,,,0.552631578947,0.684210526316,0.342105263158,1.21052631579,1.20298245614,Y9CA5B,0.578947368421,0.736842105263,0.342105263158,1.10526315789,1.06664804977,10.0,,,0.0266012795385
0.0502286006113,,0.0401170434349,0.0430928369027,112.0,1.0,3.0,3.0,0.0188309549215,,,,0.0976224069684,0.0664563519767,0.0840661220915,0.0335729269107,0.0368846929234,pronoun,tfidfNoPro,0.141743162165,30.0,0.0728233273599,0.165254043117,0.00747774562103,0.0966807017971,0.010001830328,,,0.5,0.6875,0.3125,1.25,1.05583333333,4Q118Q,0.625,0.78125,0.40625,1.0,0.977690197897,10.0,,,0.0351472528705
0.0437733892037,,0.0469722903673,0.0476863859897,112.0,1.0,3.0,3.0,0.0219769074407,,,,0.115324261735,0.0858249477931,0.099170629897,0.0403536323313,0.0436665293223,pronoun,tfidfNoPro,0.155766756169,30.0,0.045188573546,0.115417952071,0.0101224486536,0.0798013267489,0.0107361522996,,,0.659090909091,0.704545454545,0.431818181818,1.09090909091,0.937727272727,J0GL3V,0.727272727273,0.727272727273,0.431818181818,1.04545454545,0.841905775072,10.0,,,0.0382178164331
0.0366868200243,,0.0590171215902,0.0342246976098,112.0,1.0,3.0,3.0,0.0249425124284,,,,0.0963604547426,0.0569657538967,0.0979640955341,0.0332821139116,0.0489988570433,pronoun,tfidfNoPro,0.104510684777,30.0,0.0547750611138,0.131839259738,0.0138323059905,0.161238133246,0.0163775294637,,,0.605263157895,0.578947368421,0.236842105263,1.42105263158,1.07210526316,EDQT86,0.473684210526,0.631578947368,0.289473684211,1.26315789474,1.05412937305,10.0,,,0.0289845988911
0.0471629947114,,0.05206147035,0.0464938961029,112.0,1.0,3.0,3.0,0.0192815907345,,,,0.0935887283014,0.0567222244832,0.0457667624378,0.058804504284,0.0447020993601,pronoun,tfidfNoPro,0.154234787163,30.0,0.0630831121545,0.110512261229,0.0148813974421,0.140458624833,0.0173901087329,,,0.666666666667,0.8,0.5,1.03333333333,1.11411111111,JT1XPO,0.6,0.733333333333,0.433333333333,1.03333333333,1.09975400645,10.0,,,0.034855437679
0.0399854248056,,0.0619866453219,0.0410579952105,112.0,1.0,3.0,3.0,0.0295576924226,,,,0.0781030126812,0.0801984032557,0.0853293470071,0.0610769361905,0.0416328451764,pronoun,tfidfNoPro,0.0480021880353,30.0,0.0659110494393,0.120721386617,0.0119164352884,0.174862719724,0.0113209168937,,,0.527777777778,0.611111111111,0.25,1.52777777778,1.29203703704,QN7PEO,0.555555555556,0.638888888889,0.25,1.55555555556,1.22854434966,10.0,,,0.0483370019312
0.0441735224536,,0.0553566384966,0.0229072762794,112.0,1.0,3.0,3.0,0.0241553054528,,,,0.0555635809078,0.0367269493359,0.0503884619569,0.0488852883498,0.0445257039914,pronoun,tfidfNoPro,0.146127632073,30.0,0.055450002975,0.145594677019,0.0495838244188,0.155431901216,0.0412143548187,,,0.391304347826,0.652173913043,0.391304347826,1.21739130435,1.25869565217,NN37GZ,0.347826086957,0.521739130435,0.304347826087,1.52173913043,1.48686057219,10.0,,,0.023914880256
0.0381616238727,,0.0399541906393,0.0340641635535,112.0,1.0,3.0,3.0,0.0178003442575,,,,0.102598295311,0.0548921843649,0.0719186318244,0.0403585936877,0.0540498958624,pronoun,tfidfNoPro,0.108994932023,30.0,0.0839177889315,0.136403262077,0.0081542216418,0.166267277216,0.0105397925557,,,0.6,0.725,0.4,1.125,1.03591666667,1J532K,0.6,0.7,0.4,1.05,1.02186182712,10.0,,,0.0319248021813
0.0366835815424,,0.0322640139018,0.0400122142803,112.0,1.0,3.0,3.0,0.02034418256,,,,0.169093546564,0.0670748833161,0.0790672854638,0.0388353759203,0.0442471315986,pronoun,tfidfNoPro,0.0997093232411,30.0,0.0636912220531,0.0846636744146,0.00765178183387,0.184855683458,0.00917979810805,,,0.513513513514,0.621621621622,0.405405405405,1.32432432432,1.01945945946,ZYQ3EQ,0.621621621622,0.702702702703,0.432432432432,0.972972972973,0.880987951603,10.0,,,0.0226263017437
0.054806374271,,0.0490410809905,0.0355717079669,112.0,1.0,3.0,3.0,0.0202676216863,,,,0.0622310657856,0.0719140853334,0.0658624053461,0.0572763849243,0.0386058646083,pronoun,tfidfNoPro,0.170179617112,30.0,0.0599729596838,0.129155202897,0.00745501225019,0.139566392125,0.00974666060232,,,0.555555555556,0.722222222222,0.472222222222,0.916666666667,0.964444444444,UQPTMY,0.638888888889,0.861111111111,0.416666666667,0.75,0.836132752984,10.0,,,0.028347564417
0.0356797198755,,0.0489128726554,0.0368118046932,112.0,1.0,3.0,3.0,0.0230387111147,,,,0.1313101181,0.0361001284379,0.11448459109,0.0372378652412,0.059522365283,pronoun,tfidfNoPro,0.0793051134084,30.0,0.0503293354926,0.152067408813,0.0108708125121,0.123457129847,0.0144720372911,,,0.606060606061,0.666666666667,0.272727272727,1.27272727273,1.0495959596,ZH7EI2,0.515151515152,0.636363636364,0.333333333333,1.33333333333,1.04544331328,10.0,,,0.0463999861447
0.0471131242134,,0.0279867600461,0.030789479901,112.0,1.0,3.0,3.0,0.0324170069534,,,,0.0963619212522,0.0621663770153,0.0525786849954,0.0495156049686,0.0420300914892,pronoun,tfidfNoPro,0.131914736326,30.0,0.114271699527,0.114259182593,0.0214304505225,0.121543534863,0.0226825904282,,,0.538461538462,0.615384615385,0.307692307692,1.30769230769,1.17393162393,KB72IO,0.512820512821,0.666666666667,0.358974358974,1.28205128205,1.06637487483,10.0,,,0.0329387549057
0.0352202187943,,0.0543794738972,0.0317752165597,112.0,1.0,3.0,3.0,0.0115826752899,,,,0.072936172704,0.0554536914475,0.0771298404626,0.0382297396737,0.0530233234149,pronoun,tfidfNoPro,0.144399371609,30.0,0.0639596558898,0.16906242126,0.028576335436,0.110867349629,0.0293850048909,,,0.551724137931,0.689655172414,0.379310344828,1.1724137931,1.13954022989,VB50Q2,0.620689655172,0.793103448276,0.48275862069,0.862068965517,0.998005853204,10.0,,,0.0240195090417
0.0316917698214,,0.0309091845767,0.0314999234655,112.0,1.0,3.0,3.0,0.0146015303896,,,,0.0844059132304,0.130807656836,0.0782101216715,0.0585359001257,0.0452003296368,pronoun,tfidfNoPro,0.0755940478055,30.0,0.0788796310796,0.125039093622,0.0146880574966,0.153090935016,0.0164459295392,,,0.512820512821,0.641025641026,0.410256410256,1.10256410256,1.14042735043,7Y8KAW,0.461538461538,0.717948717949,0.384615384615,1.0,1.07247664413,10.0,,,0.0303999756881
0.0770525027784,,0.0262702011671,0.027802840712,112.0,1.0,3.0,3.0,0.0138537469441,,,,0.0648390146568,0.0358329211132,0.0797499956077,0.0335389768616,0.0430764359024,pronoun,tfidfNoPro,0.167973487839,30.0,0.0407304090727,0.179178373637,0.0506899432932,0.0959398839657,0.0354270242979,,,0.510638297872,0.595744680851,0.31914893617,1.23404255319,1.15666666667,MUBJUM,0.63829787234,0.765957446809,0.36170212766,1.02127659574,1.03594800914,10.0,,,0.0280442421514
0.0486455973384,,0.0657285302197,0.0334554053585,112.0,1.0,3.0,3.0,0.0283598249334,,,,0.0979069962699,0.0740525756669,0.0507740843282,0.0377759460071,0.0401763028758,pronoun,tfidfNoPro,0.086954331059,30.0,0.0658227098822,0.178360777397,0.0139864421673,0.126933557711,0.0203924304743,,,0.392857142857,0.678571428571,0.428571428571,1.07142857143,1.26178571429,7NJ3RA,0.5,0.714285714286,0.392857142857,1.10714285714,1.21696285332,10.0,,,0.0306744883104
0.0235555499147,,0.0311549711185,0.034635806549,112.0,1.0,3.0,3.0,0.0122768689704,,,,0.137602579247,0.0571367780594,0.0961655093877,0.0299246735183,0.0815137272,pronoun,tfidfNoPro,0.0917737327942,30.0,0.0971480494305,0.0783530493029,0.0108973131474,0.176121265059,0.00629668461666,,,0.647058823529,0.676470588235,0.352941176471,1.29411764706,1.12784313725,81PN7K,0.588235294118,0.676470588235,0.323529411765,1.26470588235,1.02553039955,10.0,,,0.0354434416842
0.0345464412636,,0.0349041920798,0.0346620505077,112.0,1.0,3.0,3.0,0.0191062976503,,,,0.084243796619,0.0333200171743,0.128385079253,0.0349205957272,0.0299041859969,pronoun,tfidfNoPro,0.160786430493,30.0,0.0545414776615,0.176107259804,0.0160081201668,0.120721830276,0.016074197202,,,0.555555555556,0.638888888889,0.416666666667,1.16666666667,1.07055555556,0HZGVE,0.638888888889,0.666666666667,0.388888888889,1.08333333333,0.911502139876,10.0,,,0.0217680281247
0.0387509495341,,0.0499135396202,0.0326385296487,112.0,1.0,3.0,3.0,0.0229051605718,,,,0.0804143015631,0.070150854349,0.0346532418857,0.0492795953579,0.0477364872571,pronoun,tfidfNoPro,0.0773521478164,30.0,0.090206980784,0.184631298651,0.0237827304642,0.142800755129,0.0227179039092,,,0.571428571429,0.685714285714,0.2,1.4,1.17085714286,ZM39OM,0.542857142857,0.657142857143,0.285714285714,1.48571428571,1.19896415692,10.0,,,0.0320655234582
0.0355759952962,,0.0503842552129,0.0421845019461,112.0,1.0,3.0,3.0,0.0223656941075,,,,0.163569417416,0.0427940653909,0.0813245581839,0.03744272841,0.033039075989,pronoun,tfidfNoPro,0.105701188506,30.0,0.081107677317,0.119713035207,0.0122983168082,0.136363288138,0.00591786797423,,,0.645161290323,0.58064516129,0.354838709677,1.38709677419,1.12956989247,G1NH7B,0.645161290323,0.677419354839,0.322580645161,1.22580645161,0.984164934284,10.0,,,0.0302183340975
0.0338047108683,,0.0332387089358,0.0273677120132,112.0,1.0,3.0,3.0,0.0176491733824,,,,0.0915800968063,0.0517893988065,0.0867941707755,0.0386680306398,0.04381223383,pronoun,tfidfNoPro,0.128895639717,30.0,0.0600528046615,0.105785030908,0.0155492915288,0.221976565097,0.0135705257897,,,0.535714285714,0.607142857143,0.357142857143,1.10714285714,1.04035714286,DVHVJ2,0.642857142857,0.714285714286,0.392857142857,1.0,0.86643367309,10.0,,,0.0294659062405
0.0375209194934,,0.0441808407771,0.0312520028856,112.0,1.0,3.0,3.0,0.0227825589091,,,,0.119782164673,0.0344192033817,0.0821449471405,0.0416330984764,0.0321062910483,pronoun,tfidfNoPro,0.1703875424,30.0,0.0630930781846,0.150451916903,0.0136518001574,0.121026645711,0.00788615467788,,,0.515151515152,0.727272727273,0.393939393939,1.0,1.08686868687,RFOQES,0.545454545455,0.666666666667,0.393939393939,1.0303030303,0.980952722287,10.0,,,0.027680835181
0.0313005614426,,0.0532122227742,0.0287267845422,112.0,1.0,3.0,3.0,0.0163654900698,,,,0.0872416894407,0.0674746585828,0.0489093282055,0.0370807351802,0.0456605493591,pronoun,tfidfNoPro,0.128369354685,30.0,0.0631868653791,0.16957163168,0.0149426238632,0.168989573257,0.00625138921296,,,0.75,0.75,0.5,1.0,0.864523809524,M8KH2Y,0.785714285714,0.714285714286,0.392857142857,1.10714285714,0.922950173177,10.0,,,0.0327165423251
0.0341289449922,,0.0648922032115,0.0306806711893,112.0,1.0,3.0,3.0,0.0110886440366,,,,0.0682222089084,0.0475663253328,0.113506541574,0.0432260188414,0.0428522295581,pronoun,tfidfNoPro,0.142986912906,30.0,0.0673386665898,0.0883382485706,0.00814978919793,0.206632159189,0.00793472400541,,,0.548387096774,0.677419354839,0.354838709677,1.16129032258,1.08301075269,VI29CB,0.483870967742,0.709677419355,0.387096774194,1.12903225806,1.15708390414,10.0,,,0.0224557118979
0.0407058704388,,0.0499106869289,0.0443538213436,112.0,1.0,3.0,3.0,0.0152346255526,,,,0.0809862223491,0.0539402411696,0.159171403415,0.0313590837945,0.0360413345566,pronoun,tfidfNoPro,0.070111658239,30.0,0.0886299595035,0.0937893390973,0.0378818491954,0.138032448071,0.024458763481,,,0.558823529412,0.705882352941,0.323529411765,1.14705882353,1.11490196078,CXULFF,0.647058823529,0.705882352941,0.382352941176,1.11764705882,0.929027681245,10.0,,,0.0353926928647
0.0402713219536,,0.0496074857168,0.0433811915472,112.0,1.0,3.0,3.0,0.0148665496029,,,,0.0830011027737,0.118586198265,0.081596822526,0.0478363645528,0.0456657083129,pronoun,tfidfNoPro,0.121572850855,30.0,0.0520807545052,0.145647801145,0.016301544072,0.0902601468125,0.0174357545954,,,0.516129032258,0.709677419355,0.387096774194,1.03225806452,0.986021505376,RAC5WL,0.548387096774,0.612903225806,0.290322580645,1.1935483871,0.992601379648,10.0,,,0.0318884027636
0.0534872197786,,0.0420961873764,0.0333839641616,112.0,1.0,3.0,3.0,0.0150770483644,,,,0.0938060044866,0.047538412439,0.0408585647778,0.0417576340073,0.0449676659293,pronoun,tfidfNoPro,0.119284853041,30.0,0.0609977636969,0.12441861379,0.0213073383414,0.197716317583,0.0220666328841,,,0.606060606061,0.727272727273,0.454545454545,1.15151515152,1.09363636364,61THV0,0.666666666667,0.757575757576,0.363636363636,1.12121212121,1.05094143903,10.0,,,0.0412357793424
0.0380832044346,,0.0549947745463,0.0299450298988,112.0,1.0,3.0,3.0,0.022103763148,,,,0.0808198377699,0.0846117460699,0.0512931613406,0.0423063077462,0.0541302494458,pronoun,tfidfNoPro,0.170749282668,30.0,0.044708686573,0.176270949722,0.00752196715268,0.104379185484,0.00817347332166,,,0.586206896552,0.724137931034,0.310344827586,1.03448275862,1.02229885057,SVT9CA,0.586206896552,0.655172413793,0.275862068966,1.24137931034,1.0401077667,10.0,,,0.0299083806781
0.0316351767872,,0.0264173703591,0.0209765182423,112.0,1.0,3.0,3.0,0.0294200745615,,,,0.0539076660839,0.0312765242147,0.0740344849151,0.0362307349576,0.043637819261,pronoun,tfidfNoPro,0.102570220389,30.0,0.04528029797,0.15825190585,0.0192634190262,0.287357064421,0.0239492222083,,,0.393939393939,0.515151515152,0.272727272727,1.48484848485,1.41333333333,OAVFV0,0.454545454545,0.545454545455,0.30303030303,1.36363636364,1.28409670156,10.0,,,0.0157915007544
0.0375710019808,,0.041655107501,0.0448190584859,112.0,1.0,3.0,3.0,0.0171580775078,,,,0.117235034096,0.116054852811,0.124847317312,0.0486503001437,0.0449710199014,pronoun,tfidfNoPro,0.0655877559477,30.0,0.0542034957443,0.0907154323602,0.0154780669944,0.120275765377,0.0133258889352,,,0.617647058824,0.735294117647,0.470588235294,0.970588235294,1.09411764706,9LR4LH,0.647058823529,0.676470588235,0.382352941176,1.11764705882,1.0068698144,10.0,,,0.047451824902
0.0307710309949,,0.0451329442535,0.0323317828963,112.0,1.0,3.0,3.0,0.0245685223636,,,,0.103448940508,0.0647721267295,0.0838506610779,0.0396991019614,0.035826033489,pronoun,tfidfNoPro,0.166630104233,30.0,0.0711906886782,0.12879314229,0.0143469215916,0.122057809594,0.0111965404552,,,0.615384615385,0.576923076923,0.384615384615,1.19230769231,1.09128205128,VD6TY7,0.653846153846,0.692307692308,0.346153846154,1.11538461538,0.981064259193,10.0,,,0.0253836488837
0.047483898068,,0.0457297320699,0.036119789065,112.0,1.0,3.0,3.0,0.0142264983439,,,,0.138664037264,0.0646050184837,0.0842960604643,0.061162004235,0.0381474457019,pronoun,tfidfNoPro,0.121255369156,30.0,0.0761980976244,0.0796311742676,0.0291859591024,0.104740809333,0.0260154962836,,,0.564102564103,0.717948717949,0.435897435897,1.05128205128,1.10692307692,42U22V,0.615384615385,0.717948717949,0.487179487179,1.0,0.990007655482,10.0,,,0.0325386105366
0.0367895491367,,0.0514639111509,0.0481075653287,112.0,1.0,3.0,3.0,0.0187315764647,,,,0.111106628167,0.105630747718,0.0917698406193,0.0348589298499,0.0324494509264,pronoun,tfidfNoPro,0.115560240424,30.0,0.0420031337443,0.14922801886,0.00422630231923,0.120579901348,0.00598733585159,,,0.612903225806,0.806451612903,0.516129032258,0.774193548387,0.880430107527,SX2BAW,0.741935483871,0.741935483871,0.516129032258,0.806451612903,0.730831337451,10.0,,,0.0315068680912
0.0511810149393,,0.0281036695006,0.0370150961604,112.0,1.0,3.0,3.0,0.0142731243175,,,,0.099315537478,0.0698509955003,0.175352926186,0.0373830774372,0.0328861958483,pronoun,tfidfNoPro,0.0923288491231,30.0,0.0694683687193,0.162802779887,0.00696698285552,0.0802339647607,0.00728182675448,,,0.488372093023,0.627906976744,0.279069767442,1.3488372093,1.04596899225,10KH7V,0.651162790698,0.651162790698,0.372093023256,1.23255813953,0.966030970848,10.0,,,0.0355555905323
0.0529345687052,,0.0339602663085,0.0410027007209,112.0,1.0,3.0,3.0,0.0137554680777,,,,0.0441763442178,0.112902493362,0.158413704086,0.0501848711701,0.0414383710965,pronoun,tfidfNoPro,0.112481652765,30.0,0.0440052225383,0.0981999135214,0.0264854010095,0.124302259132,0.0210563806572,,,0.472222222222,0.666666666667,0.333333333333,1.25,1.23731481481,O6QTJY,0.444444444444,0.666666666667,0.333333333333,1.27777777778,1.17027677979,10.0,,,0.0247003826329
0.0297868764427,,0.0523891766162,0.0404234322568,112.0,1.0,3.0,3.0,0.0205468520543,,,,0.11354677106,0.10655271742,0.080823751737,0.0397542321211,0.0516456342934,pronoun,tfidfNoPro,0.12776795793,30.0,0.0580096326735,0.0963254483496,0.0123150697183,0.132294680778,0.0124127542398,,,0.75,0.681818181818,0.340909090909,1.18181818182,0.862651515152,IYEGS1,0.659090909091,0.727272727273,0.25,1.11363636364,0.882578126123,10.0,,,0.0254050123089
0.0623165974665,,0.0405483694809,0.0461950184589,112.0,1.0,3.0,3.0,0.0218431141828,,,,0.0842217667847,0.0515403377708,0.159204079284,0.0650298775906,0.0389071217492,pronoun,tfidfNoPro,0.0784015673639,30.0,0.0673712185326,0.161411081518,0.00677947994616,0.0647578341507,0.00599753304374,,,0.533333333333,0.633333333333,0.333333333333,1.26666666667,1.14788888889,GWZDJF,0.666666666667,0.6,0.2,1.43333333333,0.986449988647,10.0,,,0.0454750026758
0.0404551947316,,0.0321224233352,0.0288927374525,112.0,1.0,3.0,3.0,0.0280693124795,,,,0.111108272018,0.0594659314294,0.0440218094384,0.0393308915586,0.0386780114928,pronoun,tfidfNoPro,0.0732498629605,30.0,0.0497203984535,0.133319104436,0.0153065068214,0.261785414551,0.0144521278828,,,0.583333333333,0.75,0.388888888889,1.19444444444,1.16777777778,R8TMS1,0.666666666667,0.805555555556,0.416666666667,1.0,0.969027206184,10.0,,,0.0300220009576
0.0465914931727,,0.0443280525097,0.030781125151,112.0,1.0,3.0,3.0,0.0206031514974,,,,0.0719358356675,0.0995441283507,0.12215669871,0.0498084443641,0.0435927705967,pronoun,tfidfNoPro,0.134260546346,30.0,0.0641722392897,0.104008109197,0.0156968428719,0.107992898164,0.0169371409677,,,0.705882352941,0.735294117647,0.382352941176,0.970588235294,0.872745098039,93RTZK,0.676470588235,0.794117647059,0.382352941176,0.911764705882,0.861521139411,10.0,,,0.0275905231447
0.060060002744,,0.0540965563618,0.0300606189502,112.0,1.0,3.0,3.0,0.0255049509089,,,,0.117791852296,0.0459560090182,0.0817314995822,0.036134211943,0.0424479813632,pronoun,tfidfNoPro,0.102402892572,30.0,0.0639651422103,0.157749375904,0.00809558517957,0.134622041571,0.0090881733131,,,0.76,0.76,0.52,0.88,0.855466666667,OQ5U8T,0.76,0.76,0.44,1.04,0.759933362213,10.0,,,0.0302931060824
0.107895740567,,0.0348959119218,0.041568136335,112.0,1.0,3.0,3.0,0.0106106813425,,,,0.0501913699658,0.0729472147964,0.0957340435473,0.0621379551372,0.0381128105668,pronoun,tfidfNoPro,0.143398721694,30.0,0.0517818095473,0.113410657927,0.0180549555402,0.116352170606,0.00853408030414,,,0.540540540541,0.621621621622,0.324324324324,1.16216216216,0.972432432432,BG3U0R,0.540540540541,0.567567567568,0.243243243243,1.43243243243,0.953846604262,10.0,,,0.0343737402016
0.0406783961971,,0.0573291413491,0.0365745392811,112.0,1.0,3.0,3.0,0.0170788460652,,,,0.0995119898243,0.0757569632304,0.0751040058484,0.0473892510957,0.0341549876648,pronoun,tfidfNoPro,0.121515698718,30.0,0.0602999033627,0.153640827236,0.0054118811945,0.140411956604,0.0103325097645,,,0.606060606061,0.727272727273,0.30303030303,1.09090909091,0.998484848485,J7OBIK,0.727272727273,0.69696969697,0.30303030303,1.06060606061,0.80557964924,10.0,,,0.024809102564
0.0540767534931,,0.0498896451889,0.0287341853167,112.0,1.0,3.0,3.0,0.0184982047021,,,,0.0661060296852,0.0647447730761,0.106643600355,0.0554374917044,0.0567957730975,pronoun,tfidfNoPro,0.0753096834956,30.0,0.0494375060479,0.198319752731,0.0235864260941,0.0958590964636,0.0282471470206,,,0.58064516129,0.612903225806,0.322580645161,1.25806451613,1.14193548387,66S8W5,0.612903225806,0.741935483871,0.387096774194,1.09677419355,1.12340380516,10.0,,,0.0283139315286
0.0349552786888,,0.0635706401923,0.0323443866431,112.0,1.0,3.0,3.0,0.0151152507502,,,,0.136850384163,0.0656842395822,0.058363991768,0.0344960888264,0.0344936077551,pronoun,tfidfNoPro,0.1320271423,30.0,0.0554802810706,0.176399896201,0.00416843427198,0.112545642913,0.00918181662441,,,0.742857142857,0.742857142857,0.485714285714,0.857142857143,0.795714285714,FB0SSR,0.657142857143,0.771428571429,0.371428571429,0.971428571429,0.843094647429,10.0,,,0.0343229182502
0.0315041653738,,0.0267439108888,0.0314143588213,112.0,1.0,3.0,3.0,0.0201406264794,,,,0.139093584773,0.0937473867741,0.10994237326,0.0489274670499,0.0337195022694,pronoun,tfidfNoPro,0.116846995006,30.0,0.053786893955,0.107450611596,0.0121123115935,0.132342132989,0.0141179126687,,,0.53125,0.5625,0.25,1.5,1.10125,J3JEA8,0.59375,0.6875,0.34375,1.21875,0.918008013479,10.0,,,0.0281097665018
0.0372073637101,,0.0392242581024,0.0340831652021,112.0,1.0,3.0,3.0,0.0147888546898,,,,0.0749973979555,0.0553168691063,0.0954784998729,0.0488224306275,0.045352554229,pronoun,tfidfNoPro,0.133434425074,30.0,0.0715107178978,0.0873426654741,0.0578560617448,0.0920263234635,0.071495284998,,,0.604651162791,0.674418604651,0.395348837209,1.09302325581,1.06519379845,K5LRH7,0.627906976744,0.790697674419,0.395348837209,0.953488372093,0.968027740642,10.0,,,0.0410631278521
0.0526119627971,,0.0347222339033,0.0232873040123,112.0,1.0,3.0,3.0,0.0183101294464,,,,0.104160302878,0.0336497842074,0.0527970377799,0.0377784150802,0.0288070812027,pronoun,tfidfNoPro,0.195104818607,30.0,0.057371677427,0.184715997446,0.00776476945205,0.138525888533,0.00512724015964,,,0.387096774194,0.677419354839,0.354838709677,1.1935483871,1.31365591398,51A60Y,0.548387096774,0.677419354839,0.387096774194,1.0,1.04842732026,10.0,,,0.0252653570677
0.0555905274061,,0.0716736227519,0.0376553238645,112.0,1.0,3.0,3.0,0.016778457912,,,,0.0706758105367,0.0652357833702,0.0932636308983,0.0638726363904,0.0460927034675,pronoun,tfidfNoPro,0.154662258824,30.0,0.0648964042974,0.0884226091665,0.00733744841546,0.12787431136,0.0058670450737,,,0.515151515152,0.636363636364,0.393939393939,1.09090909091,1.13828282828,MNG1XD,0.69696969697,0.575757575758,0.363636363636,1.21212121212,0.868913562002,10.0,,,0.0301014262655
0.0504792265239,,0.0597623043172,0.0395582858668,112.0,1.0,3.0,3.0,0.0135089137262,,,,0.146783086714,0.0784068716918,0.105828852329,0.0390298189605,0.0522028955836,pronoun,tfidfNoPro,0.067561278477,30.0,0.0735687671106,0.136033518888,0.00837826269062,0.088387499369,0.00887527860594,,,0.658536585366,0.536585365854,0.292682926829,1.53658536585,1.0037398374,MYAJZT,0.487804878049,0.585365853659,0.292682926829,1.36585365854,1.11242510826,10.0,,,0.0316351391452
0.0331814693416,,0.0436163200324,0.0324479215922,112.0,1.0,3.0,3.0,0.0214485457803,,,,0.059810197931,0.0492698681356,0.131833007211,0.0413270594664,0.0370312841342,pronoun,tfidfNoPro,0.164249903379,30.0,0.0540924674506,0.14735794811,0.0310546857623,0.0974109739553,0.0276167290482,,,0.542857142857,0.714285714286,0.428571428571,0.971428571429,1.06866666667,KQH5UW,0.628571428571,0.714285714286,0.457142857143,0.971428571429,0.89522314978,10.0,,,0.0282516186709
0.0407513729793,,0.0483026535251,0.0343976138851,112.0,1.0,3.0,3.0,0.0190222196744,,,,0.139870984914,0.0920307016575,0.0863957582963,0.0533820270028,0.0360260848589,pronoun,tfidfNoPro,0.0802951084874,30.0,0.0660413928383,0.14672088044,0.0144382752232,0.0747207149242,0.0171261304375,,,0.617647058824,0.676470588235,0.441176470588,1.02941176471,0.918431372549,74R0IN,0.617647058824,0.794117647059,0.470588235294,0.794117647059,0.800442875171,10.0,,,0.0504780808566
0.0314148941632,,0.0645832777509,0.0286981781092,112.0,1.0,3.0,3.0,0.030855326217,,,,0.148758932636,0.0591959214973,0.0980511154921,0.0350744179254,0.0419317444319,pronoun,tfidfNoPro,0.0574134221716,30.0,0.0545828334234,0.136054705157,0.0178428821454,0.144762241849,0.0163424853116,,,0.540540540541,0.72972972973,0.324324324324,1.18918918919,1.11045045045,SWY2QH,0.567567567568,0.702702702703,0.324324324324,1.10810810811,1.11045297754,10.0,,,0.0344376217191
0.0398960689428,,0.0636399036561,0.037129955874,112.0,1.0,3.0,3.0,0.0182129450354,,,,0.0849670010668,0.0752724195611,0.0883262719233,0.0401387068384,0.0351719290626,pronoun,tfidfNoPro,0.123014129385,30.0,0.0516169024212,0.199118222273,0.00470104089998,0.091404322482,0.00588287954929,,,0.642857142857,0.642857142857,0.357142857143,1.10714285714,0.935119047619,7CQ7AN,0.714285714286,0.714285714286,0.5,1.03571428571,0.737746954579,10.0,,,0.0415073010295
0.0466920750846,,0.0527188771585,0.036349384805,112.0,1.0,3.0,3.0,0.0176705144634,,,,0.0928988159471,0.0850540215649,0.0905935079389,0.0370031028168,0.0418616717404,pronoun,tfidfNoPro,0.132017397571,30.0,0.0686183843013,0.187587086114,0.00786565182921,0.0595634744012,0.00607070051912,,,0.470588235294,0.588235294118,0.294117647059,1.35294117647,1.07725490196,DPLKGO,0.647058823529,0.676470588235,0.352941176471,1.11764705882,0.966976325278,10.0,,,0.0374353337448
0.0491893083936,,0.0550334070086,0.033277760122,112.0,1.0,3.0,3.0,0.0173590722449,,,,0.113783543412,0.0371652757546,0.0484863730277,0.0428494286157,0.0531691789404,pronoun,tfidfNoPro,0.128314551582,30.0,0.0733805029745,0.158064015093,0.0170938414339,0.127084893994,0.020863697566,,,0.5,0.7,0.333333333333,1.36666666667,1.26522222222,99KM1E,0.6,0.633333333333,0.3,1.43333333333,1.16952399548,10.0,,,0.0248851498366
0.057797877597,,0.0401123579224,0.0381100270481,112.0,1.0,3.0,3.0,0.0318045694869,,,,0.109289822179,0.0704010550975,0.0545877710479,0.0413705376515,0.07796441607,pronoun,tfidfNoPro,0.0623876376424,30.0,0.083833550643,0.0994010503197,0.012095223035,0.16832048553,0.0152640623541,,,0.5,0.583333333333,0.305555555556,1.47222222222,1.31055555556,A6O3US,0.555555555556,0.611111111111,0.361111111111,1.36111111111,1.2693071278,10.0,,,0.0372595563752
0.0400488055877,,0.0364359546805,0.0350487809851,112.0,1.0,3.0,3.0,0.0187325232275,,,,0.19876312102,0.0314729857787,0.0884008046706,0.0430763123268,0.0376195504232,pronoun,tfidfNoPro,0.0753188749697,30.0,0.0654586775018,0.113964920176,0.0182795154867,0.141347905029,0.0214355837692,,,0.555555555556,0.740740740741,0.444444444444,1.07407407407,1.15074074074,XJJR01,0.592592592593,0.62962962963,0.37037037037,1.22222222222,1.09502635431,10.0,,,0.0345956843676
0.066011635058,,0.0662686167806,0.0450812464257,112.0,1.0,3.0,3.0,0.0118460816893,,,,0.0731699596153,0.0737204661631,0.0960447809628,0.0458476659379,0.0469811475078,pronoun,tfidfNoPro,0.0722508681615,30.0,0.0527408774045,0.130829835461,0.0294240820969,0.126115112678,0.0331592261096,,,0.541666666667,0.5,0.166666666667,1.66666666667,1.23277777778,A823T7,0.541666666667,0.583333333333,0.25,1.5,1.22958110489,10.0,,,0.0305083979474
0.0423104846918,,0.0856173382649,0.0411921579238,112.0,1.0,3.0,3.0,0.0207327146979,,,,0.0688094071661,0.0553641888088,0.12779211377,0.0532990797278,0.0378562335057,pronoun,tfidfNoPro,0.117652540441,30.0,0.0525733878201,0.15290749008,0.0290238830419,0.0632731084201,0.0264197774262,,,0.5,0.647058823529,0.323529411765,1.17647058824,1.21803921569,29HXZY,0.411764705882,0.617647058824,0.235294117647,1.23529411765,1.23885845148,10.0,,,0.0251760942133
0.0491247427219,,0.0756903279894,0.0327233028135,112.0,1.0,3.0,3.0,0.0270448850341,,,,0.105923123901,0.0844701635033,0.0316120358633,0.0471663646394,0.0382900045782,pronoun,tfidfNoPro,0.071343333772,30.0,0.0537720083458,0.181194142025,0.00245437813394,0.175453001542,0.000826707129238,,,0.589743589744,0.666666666667,0.461538461538,1.12820512821,1.10777777778,4C7FCL,0.641025641026,0.794871794872,0.461538461538,0.923076923077,1.01761027903,10.0,,,0.0229114780072
0.0336391397332,,0.0401248770485,0.0348856359153,112.0,1.0,3.0,3.0,0.0160435405969,,,,0.0972450740609,0.0497260127177,0.0830485359176,0.0409941632165,0.0467673358038,pronoun,tfidfNoPro,0.10392288077,30.0,0.0858301529968,0.135305985624,0.0164847635399,0.16600770959,0.0168265591348,,,0.708333333333,0.708333333333,0.25,1.25,0.886805555556,VZ3EJE,0.75,0.791666666667,0.333333333333,1.0,0.765764665007,10.0,,,0.033147633335
0.0395073282837,,0.0660359332592,0.0387171411845,112.0,1.0,3.0,3.0,0.0170284371376,,,,0.0908245209657,0.0498470617357,0.0969594447797,0.0561208686668,0.0434424444751,pronoun,tfidfNoPro,0.129113653792,30.0,0.0738795397164,0.127165563576,0.0144265765276,0.115384015198,0.0130311995338,,,0.633333333333,0.633333333333,0.366666666667,1.26666666667,0.984555555556,8Z94VO,0.533333333333,0.8,0.433333333333,0.9,0.999749264411,10.0,,,0.0285162711689
0.0535147526286,,0.0600401901142,0.0379173574155,112.0,1.0,3.0,3.0,0.0141025865663,,,,0.0682764981951,0.0698762520459,0.109760685986,0.0462792025452,0.0342776384785,pronoun,tfidfNoPro,0.121886258221,30.0,0.0586793226187,0.130186204149,0.0206082530825,0.127439064046,0.0143106535173,,,0.566666666667,0.7,0.466666666667,1.0,1.14733333333,V8OYJL,0.6,0.7,0.4,1.0,0.936540849344,10.0,,,0.0328450803897
0.0289939390451,,0.038814804628,0.0437318984166,112.0,1.0,3.0,3.0,0.0232596386093,,,,0.10865736962,0.101884221708,0.0857833307976,0.0338067632082,0.0283360844545,pronoun,tfidfNoPro,0.167076444453,30.0,0.0860053438006,0.0557233202685,0.0046651031479,0.155038747277,0.00482750399961,,,0.483870967742,0.548387096774,0.258064516129,1.54838709677,1.29225806452,9UA9FX,0.41935483871,0.548387096774,0.225806451613,1.45161290323,1.26471193722,10.0,,,0.0333954865667
0.064889244892,,0.0467808768481,0.0486561630131,112.0,1.0,3.0,3.0,0.0221059125246,,,,0.0915108884766,0.0476548851066,0.103403580746,0.0607662770141,0.0479081179614,pronoun,tfidfNoPro,0.0825085634017,30.0,0.0798258533551,0.134819726481,0.00754824424122,0.1070193117,0.00571514634876,,,0.434782608696,0.608695652174,0.260869565217,1.60869565217,1.53115942029,QFBNQJ,0.521739130435,0.608695652174,0.217391304348,1.5652173913,1.37420645945,10.0,,,0.0488872078898
0.0378445341288,,0.0657425550683,0.0323359355791,112.0,1.0,3.0,3.0,0.0169480146886,,,,0.0870398408037,0.0307002500187,0.115737680198,0.0638873081104,0.0398764155145,pronoun,tfidfNoPro,0.169881568602,30.0,0.0894607918708,0.0949545064367,0.00296152146355,0.120955914184,0.00394120032396,,,0.40625,0.65625,0.3125,1.1875,1.28958333333,3LR1BU,0.59375,0.71875,0.375,0.96875,1.10211753675,10.0,,,0.0277319630092
0.0451931470388,,0.0494361407281,0.0383213044877,112.0,1.0,3.0,3.0,0.0177240669224,,,,0.0942012834774,0.130327003887,0.0811372338698,0.0364958547321,0.037424337852,pronoun,tfidfNoPro,0.085763948756,30.0,0.0908309237574,0.0830808623351,0.0129959255056,0.141569475127,0.0163152857606,,,0.7,0.666666666667,0.3,1.3,1.02611111111,E2Q5PI,0.7,0.733333333333,0.266666666667,1.0,0.885632395687,10.0,,,0.0391832057629
0.0485106433596,,0.0450662697185,0.0405553365443,112.0,1.0,3.0,3.0,0.0147557674317,,,,0.0943433639429,0.114943056562,0.112989329999,0.0450487076009,0.0386703730978,pronoun,tfidfNoPro,0.104322757546,30.0,0.0476526926266,0.14140540506,0.0109318968807,0.0852046042807,0.0144221301808,,,0.59375,0.75,0.34375,1.0625,0.905104166667,NV8BWT,0.78125,0.78125,0.40625,0.9375,0.759668440783,10.0,,,0.0411776651683
0.0486890827655,,0.0588936518674,0.0367545783559,112.0,1.0,3.0,3.0,0.0170886401069,,,,0.0614681902418,0.109525377591,0.0776598817115,0.0472902524652,0.0372587701705,pronoun,tfidfNoPro,0.09677416978,30.0,0.0521316324966,0.17286438155,0.0300826517462,0.096055779116,0.024158730119,,,0.518518518519,0.518518518519,0.259259259259,1.2962962963,1.07,TAP77I,0.481481481481,0.666666666667,0.37037037037,1.11111111111,1.02262530072,10.0,,,0.0333042299167
0.0475268452215,,0.0418303370864,0.0448054188757,112.0,1.0,3.0,3.0,0.0204169719174,,,,0.139655866883,0.052600632503,0.0997784350504,0.0354433369753,0.0398898731707,pronoun,tfidfNoPro,0.103255851623,30.0,0.0951909237433,0.0874387590201,0.0113495221921,0.128195543248,0.0140302550029,,,0.666666666667,0.636363636364,0.363636363636,1.18181818182,0.934545454545,0ILJTX,0.636363636364,0.69696969697,0.454545454545,1.0303030303,0.983377204077,10.0,,,0.0385914274868
0.0425053935886,,0.0609011246322,0.0338350303003,112.0,1.0,3.0,3.0,0.0251894937347,,,,0.0702994487642,0.0779544851879,0.107113279815,0.0473278509908,0.0478417624393,pronoun,tfidfNoPro,0.140094317861,30.0,0.0649418241637,0.110380090984,0.00657711682559,0.123946760992,0.00470128717153,,,0.58064516129,0.709677419355,0.41935483871,1.09677419355,1.08634408602,EL63IF,0.677419354839,0.709677419355,0.258064516129,1.25806451613,0.930413252136,10.0,,,0.0363907325495
0.0406161862509,,0.0464712459254,0.0392846116208,112.0,1.0,3.0,3.0,0.0179469797446,,,,0.0831028220081,0.0566207797086,0.163655738744,0.0458900440554,0.044576788158,pronoun,tfidfNoPro,0.0959936907004,30.0,0.0665179532294,0.0721986490354,0.0151058931207,0.162585017519,0.0132942727195,,,0.6,0.742857142857,0.371428571429,1.11428571429,1.05095238095,8LFJOC,0.571428571429,0.657142857143,0.314285714286,1.2,1.05144135633,10.0,,,0.0361393274596
0.0341881588754,,0.0486778888255,0.0420283347427,112.0,1.0,3.0,3.0,0.0227613273107,,,,0.0929809362147,0.04676166995,0.031712402786,0.0348367472308,0.0459163478341,pronoun,tfidfNoPro,0.0946594138182,30.0,0.0639690434041,0.129867463153,0.00347964795075,0.278440217516,0.00400710553726,,,0.5,0.566666666667,0.3,1.46666666667,1.328,GQEWQ6,0.466666666667,0.566666666667,0.3,1.53333333333,1.31241204152,10.0,,,0.0257132948507
0.0517261646784,,0.0433411976632,0.0306580257796,112.0,1.0,3.0,3.0,0.0131091461735,,,,0.0907953285509,0.043925194797,0.113193580109,0.0389475959159,0.0421961992725,pronoun,tfidfNoPro,0.100352072673,30.0,0.0661477012264,0.108312934474,0.0117631465399,0.202791427004,0.0150553580333,,,0.48275862069,0.758620689655,0.413793103448,0.896551724138,0.99367816092,5XNOUF,0.620689655172,0.689655172414,0.413793103448,1.10344827586,0.913589058531,10.0,,,0.0276849271081
0.0446022223014,,0.0444892376106,0.0390533177173,112.0,1.0,3.0,3.0,0.0133373266995,,,,0.081770481901,0.137410843866,0.0796034156305,0.0453261046789,0.0298970933577,pronoun,tfidfNoPro,0.102074538288,30.0,0.065778875867,0.114858186535,0.00941308974894,0.162757642721,0.00962990758279,,,0.535714285714,0.642857142857,0.321428571429,1.07142857143,1.0519047619,P5WMXN,0.642857142857,0.75,0.428571428571,0.892857142857,0.764358833356,10.0,,,0.0199977154951
0.0475131869206,,0.046015005169,0.0289738522892,112.0,1.0,3.0,3.0,0.019219115331,,,,0.0766556453224,0.0589401083683,0.0893247175679,0.0383094011692,0.038736315375,pronoun,tfidfNoPro,0.158443954986,30.0,0.0647024529489,0.148008414505,0.0105313434236,0.136237470975,0.0109272933691,,,0.592592592593,0.777777777778,0.481481481481,0.851851851852,0.975061728395,8WH9KN,0.740740740741,0.814814814815,0.555555555556,0.62962962963,0.829271592763,10.0,,,0.0274617222801
0.0457078857721,,0.0503376484535,0.0323174902905,112.0,1.0,3.0,3.0,0.0170099972072,,,,0.139597199941,0.0611078322474,0.0955258116029,0.0447174119335,0.0320025504092,pronoun,tfidfNoPro,0.0825694296139,30.0,0.0714256726117,0.173744904206,0.00815182105598,0.0982228340639,0.00784580020091,,,0.483870967742,0.741935483871,0.354838709677,1.16129032258,1.03795698925,VM8L2E,0.677419354839,0.645161290323,0.322580645161,1.22580645161,0.933007704008,10.0,,,0.0397157103906
0.0390672536654,,0.0637530304777,0.0439547224579,112.0,1.0,3.0,3.0,0.0225663286202,,,,0.0977726786101,0.0870090420839,0.0880727555216,0.04991028002,0.036163200684,pronoun,tfidfNoPro,0.0788035074827,30.0,0.0884100318362,0.154338622862,0.0135156496837,0.0917297037422,0.0102874435424,,,0.628571428571,0.771428571429,0.428571428571,0.971428571429,1.09295238095,NKKU3N,0.628571428571,0.771428571429,0.514285714286,0.828571428571,0.956334897018,10.0,,,0.0346457487098
0.0548375630809,,0.0385059998608,0.0294143175623,112.0,1.0,3.0,3.0,0.0155884744193,,,,0.0606054134116,0.0444920085697,0.0411381974469,0.0545434203537,0.0575593773038,pronoun,tfidfNoPro,0.0997485688414,30.0,0.0576095849211,0.152710649714,0.0186356486817,0.238501250559,0.0166360790043,,,0.657142857143,0.6,0.314285714286,1.4,1.01952380952,X14NX7,0.571428571429,0.657142857143,0.257142857143,1.34285714286,1.12537035582,10.0,,,0.0194734462698
0.0430544030783,,0.0455526140549,0.0303167206207,112.0,1.0,3.0,3.0,0.0273546830315,,,,0.0575829178509,0.0562293449649,0.0973937291108,0.0374940217173,0.0335538415326,pronoun,tfidfNoPro,0.205649323362,30.0,0.0649956686209,0.0989172030554,0.0064679875255,0.160266512467,0.00943231056792,,,0.645161290323,0.709677419355,0.41935483871,0.935483870968,1.05612903226,ITOUWV,0.677419354839,0.548387096774,0.354838709677,1.22580645161,0.930617860184,10.0,,,0.0257387184395
0.0453747071886,,0.0388147355405,0.0391170827968,112.0,1.0,3.0,3.0,0.0235616192945,,,,0.120748885603,0.0515488091476,0.0901513931258,0.0385754373206,0.038900124388,pronoun,tfidfNoPro,0.0929367280132,30.0,0.0834055881145,0.14207875679,0.0169285935081,0.118353316451,0.0224286679012,,,0.592592592593,0.814814814815,0.37037037037,1.0,1.06728395062,EZ6K4I,0.703703703704,0.703703703704,0.37037037037,1.11111111111,0.910208800783,10.0,,,0.0370755548172
0.0358857574952,,0.0455272602687,0.0276884434415,112.0,1.0,3.0,3.0,0.0150335992003,,,,0.112894492835,0.0535467359133,0.0802658589673,0.0435626071108,0.0436908440579,pronoun,tfidfNoPro,0.110397269211,30.0,0.0816256253377,0.120105782764,0.00642313017152,0.174147527212,0.00498373155326,,,0.653846153846,0.653846153846,0.346153846154,1.11538461538,1.03782051282,SEN4LN,0.576923076923,0.692307692308,0.269230769231,1.15384615385,0.872103465306,10.0,,,0.0442213344604
0.0372346353497,,0.0423030456562,0.0411757382017,112.0,1.0,3.0,3.0,0.0139458038371,,,,0.0650268100557,0.0610156116989,0.108396283428,0.0578390298766,0.0376595840996,pronoun,tfidfNoPro,0.0855580166602,30.0,0.0743362421687,0.14135802096,0.0283309998886,0.150308019408,0.029676429878,,,0.481481481481,0.62962962963,0.296296296296,1.18518518519,1.19814814815,QQ4CZH,0.481481481481,0.666666666667,0.333333333333,1.25925925926,1.08338227214,10.0,,,0.0258357288335
0.0378945117109,,0.0366561858541,0.0385734216803,112.0,1.0,3.0,3.0,0.0211472567458,,,,0.0960733001717,0.0523230233045,0.1097703042,0.0415070017619,0.0378887573693,pronoun,tfidfNoPro,0.117454609786,30.0,0.0604518462957,0.131946343917,0.0113462274094,0.165268105872,0.00580079278386,,,0.722222222222,0.722222222222,0.444444444444,1.0,0.88712962963,PDBB5T,0.666666666667,0.75,0.5,0.833333333333,0.823507072204,10.0,,,0.0358983111373
0.0377956030708,,0.0406673084803,0.0327361908164,112.0,1.0,3.0,3.0,0.0184823054261,,,,0.151054515225,0.0730741664747,0.0917144776327,0.0382851752015,0.0332571054768,pronoun,tfidfNoPro,0.103011480004,30.0,0.0671679430541,0.102005219117,0.00877587161911,0.151142158688,0.0123087430349,,,0.548387096774,0.612903225806,0.225806451613,1.58064516129,1.19301075269,VTYBQQ,0.548387096774,0.741935483871,0.41935483871,1.1935483871,1.13871607788,10.0,,,0.0385217366777
0.0432426051153,,0.0507079663944,0.0388295475465,112.0,1.0,3.0,3.0,0.0195735794368,,,,0.0759339074109,0.0566023041481,0.0473386872348,0.0407531825869,0.0360746960118,pronoun,tfidfNoPro,0.105886296532,30.0,0.0719380338622,0.186555303703,0.0128940782207,0.167953424934,0.0141053871816,,,0.585365853659,0.731707317073,0.390243902439,1.07317073171,0.980650406504,SZ9SX7,0.682926829268,0.707317073171,0.390243902439,1.07317073171,0.939402556967,10.0,,,0.0316109996806
0.035600163089,,0.0431160744189,0.0292892649193,112.0,1.0,3.0,3.0,0.0216164891533,,,,0.0608071143835,0.0602353717996,0.112100283374,0.041534034555,0.038328417499,pronoun,tfidfNoPro,0.0932183044366,30.0,0.0751634591207,0.168775728069,0.0252529867861,0.136942454093,0.0261004309523,,,0.461538461538,0.730769230769,0.346153846154,1.03846153846,1.08666666667,QKK6S2,0.576923076923,0.807692307692,0.461538461538,0.807692307692,0.957675921602,10.0,,,0.0319194233503
0.043863884877,,0.0303003628108,0.0277028375936,112.0,1.0,3.0,3.0,0.0139884037912,,,,0.133588887339,0.047513597187,0.0932980757372,0.0424406857135,0.0346449512413,pronoun,tfidfNoPro,0.0668641060957,30.0,0.0822424463602,0.207168055316,0.0286058813919,0.0793703701624,0.0218384437043,,,0.512820512821,0.717948717949,0.358974358974,1.10256410256,1.20247863248,W4VH1O,0.512820512821,0.641025641026,0.282051282051,1.33333333333,1.13300965368,10.0,,,0.0465690106795
0.0412904270361,,0.034509681311,0.0372204423929,112.0,1.0,3.0,3.0,0.014497407948,,,,0.0580758087525,0.034142257706,0.0831937151648,0.0466439014461,0.0481170717833,pronoun,tfidfNoPro,0.149719934998,30.0,0.0537604506716,0.125148918749,0.0177734123314,0.211883866784,0.017746234692,,,0.533333333333,0.533333333333,0.266666666667,1.56666666667,1.205,5AXGSO,0.6,0.633333333333,0.4,1.23333333333,1.11678102007,10.0,,,0.0262764682329
0.0355068891217,,0.0382547321303,0.035628424922,112.0,1.0,3.0,3.0,0.0159930414295,,,,0.0630817386236,0.054816845651,0.0635247660744,0.0311370506182,0.041884737501,pronoun,tfidfNoPro,0.075444818174,30.0,0.0980923300268,0.1425694598,0.0132189257402,0.243445268388,0.013915944238,,,0.411764705882,0.588235294118,0.264705882353,1.38235294118,1.34421568627,SEX61F,0.5,0.588235294118,0.147058823529,1.47058823529,1.25572475782,10.0,,,0.0334850275608
0.0426068197641,,0.0666316608427,0.0373803724048,112.0,1.0,3.0,3.0,0.0193861434221,,,,0.112574233326,0.106809545107,0.078319527955,0.0376238568266,0.035167896751,pronoun,tfidfNoPro,0.113932247694,30.0,0.0727042175413,0.0938111339769,0.0188197884633,0.122254168703,0.015139654145,,,0.625,0.7,0.3,1.125,0.956833333333,NEWTPW,0.65,0.675,0.375,1.225,0.897497840336,10.0,,,0.0268387330773
0.0384082266489,,0.0469707099564,0.0501679121989,112.0,1.0,3.0,3.0,0.0185722628488,,,,0.128716057999,0.0918045201025,0.0956919040514,0.0366109115823,0.0319999762135,pronoun,tfidfNoPro,0.0816488790554,30.0,0.0905775163756,0.127984616735,0.0180036575546,0.101356152699,0.0111797157088,,,0.483870967742,0.451612903226,0.290322580645,1.67741935484,1.18032258065,JTIFY3,0.548387096774,0.677419354839,0.387096774194,1.12903225806,1.06573561356,10.0,,,0.0303069802697
0.0562672475254,,0.0424540277173,0.0325303510008,112.0,1.0,3.0,3.0,0.0178108245182,,,,0.0784779505501,0.0623498261217,0.0556089330331,0.0433451661556,0.042982338842,pronoun,tfidfNoPro,0.1257324841,30.0,0.0756153147312,0.14073737692,0.0105651797933,0.172524869813,0.0107860884191,,,0.558823529412,0.558823529412,0.352941176471,1.23529411765,1.00607843137,MWZ4XI,0.558823529412,0.588235294118,0.441176470588,1.14705882353,1.06075621494,10.0,,,0.0322120207597
0.0342694085381,,0.0534750495249,0.0230431570777,112.0,1.0,3.0,3.0,0.0169765717295,,,,0.122318709618,0.0798417200639,0.0637203399958,0.0425498231509,0.0384624917536,pronoun,tfidfNoPro,0.147680347326,30.0,0.0742341079284,0.128750752499,0.00954476416043,0.131549052305,0.00961141530564,,,0.413793103448,0.655172413793,0.379310344828,1.06896551724,1.14551724138,9U332R,0.620689655172,0.655172413793,0.344827586207,1.03448275862,1.03557016443,10.0,,,0.0239722890225
0.0410764447871,,0.0551654001303,0.038502398123,112.0,1.0,3.0,3.0,0.0151482985932,,,,0.0834611683649,0.123910368479,0.115904454384,0.0488492618261,0.0483504210815,pronoun,tfidfNoPro,0.0817396802615,30.0,0.0680590469234,0.144363341668,0.0136544520935,0.0683044189411,0.0155813079339,,,0.483870967742,0.645161290323,0.290322580645,1.25806451613,1.20731182796,CEIRL0,0.516129032258,0.709677419355,0.41935483871,1.0,1.03696690295,10.0,,,0.0379295364104
0.0318458442278,,0.0310981521569,0.0319697535241,112.0,1.0,3.0,3.0,0.0140027769349,,,,0.0599653558864,0.0566922506114,0.037211344632,0.042011015169,0.0337110713752,pronoun,tfidfNoPro,0.123026220694,30.0,0.0587644934062,0.109220739775,0.0120453441062,0.314211903001,0.0117288182157,,,0.5,0.666666666667,0.266666666667,1.3,1.30777777778,GQJNS8,0.5,0.633333333333,0.3,1.23333333333,1.14178872636,10.0,,,0.0324949162827
0.0344676141552,,0.0316685840713,0.0390808287858,112.0,1.0,3.0,3.0,0.021969602126,,,,0.102423329608,0.0744468552376,0.0455738126715,0.0426569511464,0.0402448976856,pronoun,tfidfNoPro,0.109517434185,30.0,0.0692437383915,0.15718795234,0.0118912337206,0.16925004267,0.0109523425765,,,0.512820512821,0.666666666667,0.384615384615,1.15384615385,1.20427350427,TM05MO,0.589743589744,0.666666666667,0.410256410256,1.20512820513,1.15548842855,10.0,,,0.0394247806277
0.0330995411752,,0.0319400394994,0.0363637099697,112.0,1.0,3.0,3.0,0.0225239071942,,,,0.102798140691,0.0556349959219,0.105288325636,0.0463007202432,0.036176018129,pronoun,tfidfNoPro,0.169889332764,30.0,0.0539600995293,0.133385766045,0.00137564909833,0.125077217597,0.00224070893502,,,0.617647058824,0.764705882353,0.470588235294,0.911764705882,1.03205882353,2TKFRM,0.676470588235,0.764705882353,0.352941176471,0.970588235294,0.905135819307,10.0,,,0.0439458275717
0.047474000195,,0.0298151377659,0.0295356034864,112.0,1.0,3.0,3.0,0.012325979201,,,,0.0488199073221,0.0542612485682,0.15236564033,0.0604074861638,0.0287734762216,pronoun,tfidfNoPro,0.10309537915,30.0,0.0601942195328,0.216173725373,0.00747717175955,0.100003397122,0.00704332444158,,,0.4375,0.5,0.25,1.46875,1.30364583333,9GQKRE,0.5,0.5625,0.21875,1.53125,1.111908017,10.0,,,0.0422343033683
0.0367040761988,,0.0392682811761,0.031460800851,112.0,1.0,3.0,3.0,0.0253883844533,,,,0.0706907023247,0.115454142649,0.0385858727046,0.0469825517538,0.0331585941806,pronoun,tfidfNoPro,0.0951470327041,30.0,0.105267966829,0.0885171122518,0.0130483516751,0.226818874754,0.0107916457353,,,0.52380952381,0.690476190476,0.333333333333,1.21428571429,1.19833333333,5P5CWN,0.547619047619,0.690476190476,0.261904761905,1.21428571429,1.11570016851,10.0,,,0.0227156097592
0.0393232538489,,0.0584716125312,0.0269520757717,112.0,1.0,3.0,3.0,0.0180713815777,,,,0.0635804729416,0.0575389164626,0.104589347987,0.0375484294368,0.0595392132243,pronoun,tfidfNoPro,0.133110181558,30.0,0.0705494212576,0.0948632321133,0.0179195980891,0.178745306419,0.0153456199724,,,0.62962962963,0.740740740741,0.407407407407,0.925925925926,1.06975308642,1PYNKT,0.481481481481,0.740740740741,0.481481481481,0.888888888889,1.12524557008,10.0,,,0.0238519368084
0.0314109117254,,0.0509605563103,0.041618782105,112.0,1.0,3.0,3.0,0.0200898920845,,,,0.13033322858,0.042266454351,0.0980845225963,0.0432193521341,0.0545151663903,pronoun,tfidfNoPro,0.122362429362,30.0,0.086502662532,0.114347470176,0.00558153894396,0.111754328993,0.0056364360543,,,0.555555555556,0.62962962963,0.333333333333,1.22222222222,1.06641975309,7PY9ZD,0.666666666667,0.555555555556,0.37037037037,1.25925925926,0.963217400706,10.0,,,0.0413162676619
0.0300644458097,,0.0709551842825,0.0333162615489,112.0,1.0,3.0,3.0,0.0182172358176,,,,0.111730199222,0.0811646502574,0.0561760777911,0.0373400429256,0.0327466069198,pronoun,tfidfNoPro,0.152224769679,30.0,0.0572732912788,0.167798105626,0.00397272161064,0.11470454142,0.0120298181268,,,0.617647058824,0.676470588235,0.323529411765,1.35294117647,0.981764705882,9KWZN9,0.588235294118,0.676470588235,0.382352941176,1.23529411765,1.03210651711,10.0,,,0.020286047684
0.0298819776173,,0.04793108291,0.0296128893212,112.0,1.0,3.0,3.0,0.0152568634903,,,,0.0496483085127,0.0791737820497,0.0552597746751,0.038799386906,0.0541746455573,pronoun,tfidfNoPro,0.0929391913408,30.0,0.0572454006888,0.183216167794,0.020947702179,0.21143944379,0.0149027555297,,,0.5,0.75,0.357142857143,1.14285714286,1.11392857143,5SIT7M,0.75,0.821428571429,0.428571428571,0.928571428571,0.907820016908,10.0,,,0.0195706276383
0.0449511103454,,0.0393697558274,0.0372330086372,112.0,1.0,3.0,3.0,0.0168307722292,,,,0.0728043280562,0.0836103622337,0.0452225123863,0.0482387041838,0.0336453101405,pronoun,tfidfNoPro,0.0860992269022,30.0,0.0670364187446,0.201726843148,0.00994467911655,0.165050305269,0.012599941134,,,0.575757575758,0.727272727273,0.545454545455,0.848484848485,1.07363636364,H0ER2E,0.636363636364,0.666666666667,0.424242424242,1.18181818182,1.01391972819,10.0,,,0.0356367216464
0.0389952729771,,0.0554486606932,0.0364325569837,112.0,1.0,3.0,3.0,0.0166204877137,,,,0.0659571258911,0.0915657767937,0.0624328027788,0.0496931620337,0.0528715398757,pronoun,tfidfNoPro,0.157560046624,30.0,0.0673657869633,0.168997474291,0.00536611159622,0.0937167456691,0.00549299106614,,,0.448275862069,0.586206896552,0.344827586207,1.37931034483,1.21482758621,U8V4CF,0.586206896552,0.689655172414,0.344827586207,1.24137931034,1.1859948563,10.0,,,0.0314834580498
0.0677696640248,,0.0679386606255,0.0325779828624,112.0,1.0,3.0,3.0,0.0154692612838,,,,0.0956232573843,0.0488597781426,0.052491404465,0.0381629387829,0.0437088652895,pronoun,tfidfNoPro,0.103774524045,30.0,0.0641511678334,0.0992849933775,0.0129240083872,0.202580277337,0.0141141878095,,,0.575757575758,0.636363636364,0.424242424242,1.18181818182,1.28545454545,5655TV,0.515151515152,0.666666666667,0.393939393939,1.42424242424,1.31130562176,10.0,,,0.0405690283496
0.0542513633354,,0.0413943668261,0.0347740985329,112.0,1.0,3.0,3.0,0.0290162900491,,,,0.122878882973,0.0398336761248,0.0997983232172,0.0370017085288,0.0391093744697,pronoun,tfidfNoPro,0.116754898843,30.0,0.0700148477216,0.125910807041,0.0361495453432,0.0890429702874,0.0304260050654,,,0.486486486486,0.702702702703,0.540540540541,0.891891891892,1.1536036036,PX3TYX,0.513513513514,0.72972972973,0.540540540541,0.837837837838,1.01318879121,10.0,,,0.0336428416417
0.0385829220176,,0.0536395714208,0.0255207460211,112.0,1.0,3.0,3.0,0.0238134409231,,,,0.132614620957,0.0438529747735,0.109997158484,0.0354445283283,0.0531022445742,pronoun,tfidfNoPro,0.0773690769421,30.0,0.128531935774,0.0739021121786,0.00974870932783,0.16072944781,0.00769684671226,,,0.606060606061,0.757575757576,0.454545454545,1.0303030303,1.05242424242,C34TUK,0.69696969697,0.757575757576,0.454545454545,0.969696969697,0.869493993578,10.0,,,0.0254536637555
0.0283669271179,,0.0617225319046,0.0381886075358,112.0,1.0,3.0,3.0,0.0222408579094,,,,0.165527542528,0.0578657415597,0.0715816553332,0.032486742498,0.0422103007089,pronoun,tfidfNoPro,0.117202211491,30.0,0.0638885593552,0.0625858720595,0.0192989801966,0.162114902146,0.0190872921594,,,0.481481481481,0.592592592593,0.185185185185,1.44444444444,1.3150617284,QDBTCN,0.444444444444,0.666666666667,0.222222222222,1.33333333333,1.34707524907,10.0,,,0.035631275496
0.0359644458765,,0.0497791124623,0.0356409022153,112.0,1.0,3.0,3.0,0.0206908985226,,,,0.0640304569184,0.0497006081928,0.172040550099,0.0500029019334,0.0451403990891,pronoun,tfidfNoPro,0.129321383316,30.0,0.0703688273818,0.144130515165,0.0060310627536,0.0835491429557,0.00259859774242,,,0.448275862069,0.586206896552,0.310344827586,1.37931034483,1.27942528736,CQKRKW,0.551724137931,0.655172413793,0.275862068966,1.27586206897,1.13875522694,10.0,,,0.0410101953768
0.0638194298759,,0.0438598807051,0.0436281627381,112.0,1.0,3.0,3.0,0.0438921798336,,,,0.0825156241225,0.0306077538547,0.0518141717596,0.104200853522,0.0529713522422,pronoun,tfidfNoPro,0.0947624227404,30.0,0.059468342812,0.154161348977,0.0111740132229,0.111595684461,0.0143121515826,,,0.466666666667,0.6,0.311111111111,1.4,1.27644444444,HQ11H0,0.577777777778,0.688888888889,0.422222222222,1.13333333333,1.12628322092,10.0,,,0.0372166275503
0.0229921821257,,0.0422825905086,0.0306872960717,112.0,1.0,3.0,3.0,0.0224595465688,,,,0.124568637424,0.0989890574763,0.0832015009856,0.0495948988156,0.0355142832157,pronoun,tfidfNoPro,0.109782356578,30.0,0.0749065699832,0.102689763987,0.0105104680724,0.156006654972,0.00768516900583,,,0.666666666667,0.666666666667,0.404761904762,1.11904761905,0.890952380952,4AU8WB,0.690476190476,0.714285714286,0.47619047619,0.928571428571,0.839134443369,10.0,,,0.0281290242094
0.0512155414431,,0.0308930722049,0.0518684922657,112.0,1.0,3.0,3.0,0.0142861826027,,,,0.0556276666016,0.0529311488144,0.0620292102781,0.0502065589123,0.0682738316242,pronoun,tfidfNoPro,0.0804236072979,30.0,0.0567122478942,0.189448077938,0.00697213730592,0.167231675471,0.00695259415096,,,0.487179487179,0.564102564103,0.230769230769,1.46153846154,1.18752136752,SFYA3B,0.538461538462,0.589743589744,0.333333333333,1.30769230769,1.10003426028,10.0,,,0.0549279551941
0.0325716482184,,0.0459496109947,0.0319974390636,112.0,1.0,3.0,3.0,0.0133983843561,,,,0.157220850297,0.0826411531053,0.0835063539235,0.0420042346048,0.0374207768461,pronoun,tfidfNoPro,0.0826138512112,30.0,0.0856093623074,0.121082315348,0.0206201339116,0.111748247054,0.0192650796993,,,0.470588235294,0.588235294118,0.323529411765,1.29411764706,1.18568627451,025RJA,0.5,0.676470588235,0.352941176471,1.02941176471,1.0967623689,10.0,,,0.0323505590586
0.0437870288169,,0.0413702034401,0.0323666033061,112.0,1.0,3.0,3.0,0.0166485606623,,,,0.133283916125,0.0459201609897,0.0446033007686,0.0423471865008,0.0605809752575,pronoun,tfidfNoPro,0.143962837015,30.0,0.052881783556,0.0908609172912,0.0197823753717,0.179765910551,0.0193149058681,,,0.535714285714,0.642857142857,0.357142857143,1.46428571429,1.4480952381,UXZ6JU,0.571428571429,0.607142857143,0.428571428571,1.46428571429,1.39174467362,10.0,,,0.0325233344802
0.0679499404112,,0.0374146884006,0.0469556612717,112.0,1.0,3.0,3.0,0.0258602743515,,,,0.0691875363327,0.0511924490713,0.163750128015,0.0448467125713,0.0395892185284,pronoun,tfidfNoPro,0.0594703481732,30.0,0.082718159268,0.151795742694,0.0241287319476,0.0702032218439,0.0228140032219,,,0.575757575758,0.636363636364,0.363636363636,1.30303030303,1.19555555556,ZBTTAA,0.545454545455,0.666666666667,0.363636363636,1.30303030303,1.17182269205,10.0,,,0.0421231838985
0.0682966745286,,0.0424494555503,0.0448087022309,112.0,1.0,3.0,3.0,0.0158427017785,,,,0.108309953303,0.0601364009285,0.128908048479,0.0583156066788,0.0336266465707,pronoun,tfidfNoPro,0.123797139994,30.0,0.059471742416,0.0925662267837,0.0130492883639,0.101510349247,0.0194622118461,,,0.6,0.733333333333,0.366666666667,1.1,1.08255555556,D1ACOT,0.633333333333,0.633333333333,0.366666666667,1.16666666667,0.958090744428,10.0,,,0.0294488513012
0.0365578354966,,0.0329017631244,0.0314729097896,112.0,1.0,3.0,3.0,0.0140631608048,,,,0.152745191275,0.0634227534509,0.0781278777722,0.0603273229717,0.0372713119748,pronoun,tfidfNoPro,0.0779767930576,30.0,0.0949426155447,0.112616186482,0.0109340523433,0.154517841262,0.0109811131348,,,0.588235294118,0.705882352941,0.235294117647,1.20588235294,1.07176470588,R1JJJ6,0.588235294118,0.705882352941,0.205882352941,1.17647058824,1.00855853622,10.0,,,0.0311412715156
0.0546437895398,,0.0334730638537,0.0344030636815,112.0,1.0,3.0,3.0,0.0186392551335,,,,0.106472362725,0.0461780191889,0.0383050290163,0.0484818338485,0.0384296279078,pronoun,tfidfNoPro,0.126714284199,30.0,0.0546590473944,0.103994506791,0.0140351107866,0.233602834229,0.0144108063295,,,0.514285714286,0.628571428571,0.342857142857,1.37142857143,1.26219047619,ZGELJF,0.542857142857,0.628571428571,0.342857142857,1.28571428571,1.22159460797,10.0,,,0.0335573653752
0.0546196766208,,0.0370992614835,0.0409236461393,112.0,1.0,3.0,3.0,0.00965831356527,,,,0.0597612401697,0.0707520418921,0.131028916588,0.0397135334299,0.0403879582911,pronoun,tfidfNoPro,0.112174147569,30.0,0.100899166812,0.119773126857,0.0140923164117,0.128222333665,0.016243601086,,,0.5625,0.65625,0.34375,1.1875,1.06739583333,J133RR,0.65625,0.75,0.34375,1.0,0.904136278939,10.0,,,0.0246507194189
0.0459038920317,,0.0769399215777,0.0208722877982,112.0,1.0,3.0,3.0,0.0138253172904,,,,0.0700708906327,0.0556404157831,0.040606472172,0.052849209101,0.0510332936555,pronoun,tfidfNoPro,0.122122614289,30.0,0.0469309254831,0.107847117801,0.0196700922256,0.232122790037,0.0187255437494,,,0.578947368421,0.657894736842,0.342105263158,1.31578947368,0.993070175439,2LVXKR,0.710526315789,0.736842105263,0.394736842105,1.13157894737,0.958219639106,10.0,,,0.0248392163725
0.032745602062,,0.0480418471741,0.0344379448235,112.0,1.0,3.0,3.0,0.0162288232075,,,,0.0861092182237,0.103120913758,0.0425842447121,0.0427629316354,0.0364762063657,pronoun,tfidfNoPro,0.119305276148,30.0,0.0553523558497,0.117235181216,0.0143899009921,0.197555421057,0.0164931308009,,,0.7,0.7,0.433333333333,1.16666666667,0.876555555556,23EL7Y,0.833333333333,0.733333333333,0.333333333333,1.1,0.72795327499,10.0,,,0.0371610019745
0.0427180594692,,0.0351742257804,0.0315078953472,112.0,1.0,3.0,3.0,0.0195030967817,,,,0.0931574955556,0.0466513287449,0.0907274528642,0.0430558682471,0.0390452973369,pronoun,tfidfNoPro,0.119501941544,30.0,0.0484018259474,0.180770315514,0.0122251598998,0.160792131015,0.0131675068057,,,0.487179487179,0.666666666667,0.282051282051,1.20512820513,1.11735042735,O8RM72,0.564102564103,0.692307692308,0.307692307692,1.12820512821,1.06083908927,10.0,,,0.023600399147
0.0581035630241,,0.0489245858484,0.0465397307159,112.0,1.0,3.0,3.0,0.0193435229783,,,,0.0938070466716,0.046491454848,0.0627098879809,0.0549608676873,0.0396170143549,pronoun,tfidfNoPro,0.100474104018,30.0,0.102348491476,0.0938727007513,0.0202995303394,0.145751063239,0.0167891244703,,,0.578947368421,0.631578947368,0.289473684211,1.26315789474,1.14429824561,4QJPQL,0.605263157895,0.605263157895,0.315789473684,1.31578947368,1.05224347981,10.0,,,0.0499673115967
0.0472327223175,,0.0389364031944,0.0321366635533,112.0,1.0,3.0,3.0,0.0217458924714,,,,0.16616372322,0.10565378132,0.0937833315257,0.0462075200456,0.0367476386364,pronoun,tfidfNoPro,0.0571664215575,30.0,0.0637556305553,0.170744404752,0.00752550030093,0.0664393083135,0.010964070735,,,0.545454545455,0.757575757576,0.393939393939,1.15151515152,1.14787878788,1RM6GZ,0.545454545455,0.69696969697,0.333333333333,1.21212121212,1.15277198115,10.0,,,0.0347969875012
0.0600381966558,,0.0444395423822,0.0319963873601,112.0,1.0,3.0,3.0,0.021665805546,,,,0.0741901076894,0.0675595368071,0.0978414120289,0.0547686535589,0.0449937874315,pronoun,tfidfNoPro,0.106261061614,30.0,0.0461684344643,0.208254275691,0.0300213577603,0.0428493637022,0.0350165964034,,,0.578947368421,0.631578947368,0.394736842105,1.23684210526,1.06710526316,VXIWTO,0.552631578947,0.710526315789,0.473684210526,1.02631578947,1.00005672339,10.0,,,0.0339354809044
0.0587388771123,,0.0447526284091,0.0409437024304,112.0,1.0,3.0,3.0,0.0130676547567,,,,0.056057753466,0.0954510227724,0.0697294578578,0.0409813639465,0.0523654964343,pronoun,tfidfNoPro,0.12250022154,30.0,0.0647260397346,0.169584919394,0.0102030204155,0.123850811167,0.0102238473716,,,0.428571428571,0.685714285714,0.342857142857,1.14285714286,1.06838095238,N3OPQQ,0.542857142857,0.828571428571,0.342857142857,0.942857142857,1.01211694964,10.0,,,0.0268231831909
0.0372141598712,,0.0406506474604,0.0272462315588,112.0,1.0,3.0,3.0,0.0128921236641,,,,0.116152487564,0.0669050689557,0.048003602963,0.0570963966562,0.0424591214422,pronoun,tfidfNoPro,0.112149197541,30.0,0.0806452575423,0.127289575736,0.0199527069149,0.163142929518,0.0262082393063,,,0.526315789474,0.631578947368,0.289473684211,1.36842105263,1.03456140351,X3NF59,0.631578947368,0.710526315789,0.368421052632,1.21052631579,1.00291832706,10.0,,,0.0219922533056
0.0346375494218,,0.0343408357554,0.0274418844396,112.0,1.0,3.0,3.0,0.013784601222,,,,0.0690853248978,0.0460000144463,0.162253981669,0.0528085046682,0.0441903345305,pronoun,tfidfNoPro,0.111650767703,30.0,0.0687861275875,0.0608261460373,0.035257590952,0.18776976013,0.026716764455,,,0.555555555556,0.638888888889,0.305555555556,1.30555555556,1.22787037037,3C16BR,0.611111111111,0.583333333333,0.222222222222,1.47222222222,1.13836983178,10.0,,,0.0244498120842
0.0698474073765,,0.0455003670807,0.029484841959,112.0,1.0,3.0,3.0,0.0157062045821,,,,0.0629616557226,0.0702789077895,0.0802581808833,0.0559797008191,0.0384526352731,pronoun,tfidfNoPro,0.11904023533,30.0,0.0663150993086,0.12479781449,0.0177885025728,0.159805699937,0.0178184938259,,,0.457142857143,0.571428571429,0.171428571429,1.48571428571,1.31761904762,1ZUDLM,0.457142857143,0.6,0.171428571429,1.48571428571,1.25618679068,10.0,,,0.02596425305
0.0452447632277,,0.0323698753758,0.0291701647294,112.0,1.0,3.0,3.0,0.0163283869315,,,,0.0784382435166,0.0925169247001,0.0970830723478,0.0576238041847,0.0449616637918,pronoun,tfidfNoPro,0.0772780739137,30.0,0.0949738905827,0.20249810421,0.0123682299957,0.0654587450178,0.0221185656511,,,0.454545454545,0.727272727273,0.363636363636,1.12121212121,1.18767676768,R7QFCD,0.575757575758,0.69696969697,0.393939393939,1.12121212121,1.09448770721,10.0,,,0.0315674918231
0.048162485563,,0.0949318848974,0.0430274065257,112.0,1.0,3.0,3.0,0.0250768527703,,,,0.0749004777522,0.0490685060615,0.118212479627,0.0423544809405,0.0540693812589,pronoun,tfidfNoPro,0.0720884932618,30.0,0.070209030726,0.154211420017,0.00689997695198,0.108415074705,0.00832798955278,,,0.625,0.775,0.35,1.1,1.03425,NMSMZC,0.675,0.775,0.375,1.075,0.963114361355,10.0,,,0.0300440593882
0.0398085293694,,0.0406255573397,0.0487886059078,112.0,1.0,3.0,3.0,0.0156218508259,,,,0.117432665768,0.0405344644561,0.0745776653199,0.028191740782,0.0297076494875,pronoun,tfidfNoPro,0.0946342149894,30.0,0.0736218870351,0.0856725675702,0.0886256168573,0.118472746208,0.0824520711349,,,0.516129032258,0.58064516129,0.354838709677,1.35483870968,1.26838709677,KUK9NT,0.612903225806,0.709677419355,0.41935483871,1.12903225806,1.15906879132,10.0,,,0.0212321669485
0.0430316503294,,0.0410206620666,0.0362460430821,112.0,1.0,3.0,3.0,0.0207607099532,,,,0.0980063532427,0.0356559388707,0.0831361258832,0.0685930639931,0.0448314457871,pronoun,tfidfNoPro,0.114484874512,30.0,0.0790980085964,0.10590709467,0.00188943147971,0.197239850109,0.00289970105529,,,0.627906976744,0.720930232558,0.302325581395,1.13953488372,1.03550387597,I45VXX,0.627906976744,0.697674418605,0.348837209302,1.09302325581,1.0024229419,10.0,,,0.0271990463704
0.0344485944358,,0.0735730708294,0.0403944466576,112.0,1.0,3.0,3.0,0.0179004503973,,,,0.0560933457635,0.0956025513449,0.0482959915239,0.0497490652684,0.0513518390387,pronoun,tfidfNoPro,0.0804596183227,30.0,0.0477982906841,0.20214875668,0.0390169462304,0.095102718282,0.0366793284947,,,0.424242424242,0.636363636364,0.363636363636,1.33333333333,1.25939393939,30HLJJ,0.484848484848,0.636363636364,0.30303030303,1.39393939394,1.23258544524,10.0,,,0.0313849860464
0.0340368920838,,0.0547869850903,0.03796493715,112.0,1.0,3.0,3.0,0.0205556026322,,,,0.103310584852,0.0646916496726,0.0440685803733,0.0303007100316,0.0562934966294,pronoun,tfidfNoPro,0.103232338753,30.0,0.0631480696508,0.180988733629,0.00862868081245,0.149834900841,0.0104775328193,,,0.481481481481,0.666666666667,0.333333333333,1.25925925926,1.23802469136,IS4F34,0.481481481481,0.703703703704,0.37037037037,1.2962962963,1.3283492145,10.0,,,0.037680304979
0.0393324615385,,0.0434804751342,0.0438745836696,112.0,1.0,3.0,3.0,0.0147833339934,,,,0.0821131927095,0.09720494778,0.121633302425,0.0570011187252,0.0397577419239,pronoun,tfidfNoPro,0.107071728057,30.0,0.0574557802414,0.0912550752823,0.020229538933,0.136147692864,0.0175164804968,,,0.727272727273,0.681818181818,0.363636363636,1.18181818182,0.952727272727,BXT4WV,0.772727272727,0.818181818182,0.454545454545,0.909090909091,0.86727248716,10.0,,,0.0311425462263
0.0628409648841,,0.0332810542701,0.0377461886181,112.0,1.0,3.0,3.0,0.0211325096643,,,,0.127541144921,0.0738177504467,0.0980599580626,0.0488789278045,0.0371410493166,pronoun,tfidfNoPro,0.0931259148561,30.0,0.0584331048464,0.101513568888,0.0083270206279,0.149922473152,0.013131816934,,,0.538461538462,0.641025641026,0.358974358974,1.15384615385,1.09358974359,V6GRDP,0.512820512821,0.615384615385,0.384615384615,1.12820512821,1.10173561808,10.0,,,0.0351065527067
0.0263669026209,,0.0747279544684,0.0342648443272,112.0,1.0,3.0,3.0,0.0167837949399,,,,0.12942559262,0.056254133361,0.090549405432,0.0367888575765,0.0339872635284,pronoun,tfidfNoPro,0.110535802627,30.0,0.0792150689256,0.123445323479,0.0129217375896,0.146326408416,0.00727919129316,,,0.756756756757,0.837837837838,0.486486486486,0.675675675676,0.714054054054,AXVBPK,0.675675675676,0.675675675676,0.324324324324,1.10810810811,0.75430736125,10.0,,,0.0211277187962
0.0464990032874,,0.0606309128078,0.0461128269323,112.0,1.0,3.0,3.0,0.0217943752556,,,,0.0800683074356,0.102159635874,0.0396610971045,0.0402915685704,0.0361289503148,pronoun,tfidfNoPro,0.0962148851462,30.0,0.0601694928978,0.170959661121,0.012629534985,0.144633677385,0.0111334419494,,,0.558823529412,0.617647058824,0.352941176471,1.29411764706,1.15401960784,MH3UUE,0.588235294118,0.617647058824,0.294117647059,1.35294117647,1.06998355514,10.0,,,0.0309126289332
0.0407108676054,,0.056061856757,0.0316855139501,112.0,1.0,3.0,3.0,0.0157253640988,,,,0.0726468048017,0.0416878835364,0.0964485719998,0.0374692433456,0.0459517570094,pronoun,tfidfNoPro,0.121619764663,30.0,0.0546656822885,0.172757732317,0.0349237182915,0.109621939984,0.0435323777425,,,0.535714285714,0.678571428571,0.25,1.25,1.05464285714,OBUSSX,0.642857142857,0.714285714286,0.357142857143,1.07142857143,0.94317184042,10.0,,,0.0244909216094
0.0430566951511,,0.0543409905448,0.042611285081,112.0,1.0,3.0,3.0,0.0175572581597,,,,0.0996668363123,0.0743800683322,0.0323775856251,0.0388714297232,0.0419851642647,pronoun,tfidfNoPro,0.113056550805,30.0,0.0589136868529,0.174026316732,0.0155639105797,0.144009176511,0.0172986993397,,,0.615384615385,0.692307692308,0.307692307692,1.15384615385,1.07205128205,3Y3UK4,0.692307692308,0.730769230769,0.346153846154,1.11538461538,0.971689564729,10.0,,,0.0322843459853
0.0489168182623,,0.0626478101587,0.0400725026086,112.0,1.0,3.0,3.0,0.0223192541038,,,,0.0912973148355,0.0587487781059,0.0575122361492,0.0411608714059,0.0429761295468,pronoun,tfidfNoPro,0.0779375057941,30.0,0.0633690679157,0.219407321349,0.0272548525432,0.0811733380764,0.0292004248476,,,0.52,0.68,0.28,1.28,1.1848,FWSL91,0.52,0.72,0.36,1.16,1.11172287521,10.0,,,0.0360057742968
0.029359020689,,0.061800202941,0.0249526791302,112.0,1.0,3.0,3.0,0.0114242948728,,,,0.114643030633,0.0785438814478,0.0649783473384,0.0372770478134,0.0414227173755,pronoun,tfidfNoPro,0.100298645167,30.0,0.0624956996769,0.109076593329,0.0834802190582,0.0943280166968,0.0594592623044,,,0.566666666667,0.666666666667,0.333333333333,1.13333333333,1.01644444444,CEY4TJ,0.533333333333,0.833333333333,0.333333333333,0.866666666667,0.914897292596,5.0,,,0.026460341526
0.0255710593738,,0.0888448657953,0.0354359441608,112.0,1.0,3.0,3.0,0.0239893090478,,,,0.0869579806337,0.0618349652114,0.0570311230724,0.0738398472787,0.0566279522192,pronoun,tfidfNoPro,0.0393220166877,30.0,0.0651158121985,0.125927052921,0.0760384517882,0.0877598504709,0.0724419697112,,,0.53488372093,0.651162790698,0.279069767442,1.32558139535,1.31976744186,O0VZ6Q,0.46511627907,0.697674418605,0.302325581395,1.27906976744,1.26556750224,5.0,,,0.0232617994297
0.0390161738798,,0.0573337249847,0.0283068142884,112.0,1.0,3.0,3.0,0.0132917182373,,,,0.0928404775763,0.115678172411,0.0517111387517,0.0361960347927,0.0438332335149,pronoun,tfidfNoPro,0.0626220024521,30.0,0.0680757484787,0.159452113179,0.0237564814256,0.152766726764,0.0200067511329,,,0.578947368421,0.763157894737,0.447368421053,0.973684210526,1.00973684211,ET178O,0.605263157895,0.763157894737,0.421052631579,1.02631578947,0.997559411911,5.0,,,0.0351126881305
0.0450493130772,,0.0381047612512,0.0453107326944,112.0,1.0,3.0,3.0,0.0228532434346,,,,0.103427702176,0.0672586597013,0.0724405146312,0.0674103606106,0.04290402142,pronoun,tfidfNoPro,0.100791403158,30.0,0.0638375653976,0.159338662351,0.00988228348727,0.112446677749,0.00863985732344,,,0.5,0.678571428571,0.357142857143,1.28571428571,1.23214285714,PXX4W0,0.571428571429,0.642857142857,0.392857142857,1.25,1.1210031565,5.0,,,0.040304241537
0.0258264469977,,0.0387074080907,0.0442679932489,112.0,1.0,3.0,3.0,0.0156955472099,,,,0.0637823871531,0.0401698016685,0.0876877256531,0.0340614927983,0.0448463235464,pronoun,tfidfNoPro,0.136360083279,30.0,0.0556565231909,0.135227638964,0.00950764128831,0.230269138758,0.0122268023524,,,0.648648648649,0.72972972973,0.405405405405,1.0,1.04198198198,1TCQJI,0.648648648649,0.648648648649,0.27027027027,1.32432432432,1.005792883,5.0,,,0.0257070458
0.0283988851342,,0.0282624706706,0.0388758807621,112.0,1.0,3.0,3.0,0.0142191800834,,,,0.150907738871,0.0522837493435,0.0648261920899,0.037172575654,0.0421755754068,pronoun,tfidfNoPro,0.110632791391,30.0,0.0603668064184,0.139718777317,0.0214199416008,0.152130587769,0.0222335538865,,,0.594594594595,0.702702702703,0.378378378378,1.16216216216,1.07207207207,8JE0BG,0.486486486486,0.648648648649,0.378378378378,1.18918918919,1.03391614425,5.0,,,0.0363752936012
0.034016434932,,0.0816906611314,0.0355519067611,112.0,1.0,3.0,3.0,0.0199731582795,,,,0.0854434192189,0.0367121705977,0.106958452697,0.0320601273605,0.0427931606622,pronoun,tfidfNoPro,0.114725627764,30.0,0.0504234405719,0.132299612494,0.0197999286294,0.15999017649,0.0222273508081,,,0.59375,0.65625,0.28125,1.15625,1.0421875,WAE16K,0.53125,0.65625,0.28125,1.15625,1.04854658275,5.0,,,0.0253343716021
0.0227972489167,,0.0769636362068,0.0290204966524,112.0,1.0,3.0,3.0,0.0322515453173,,,,0.0674276396949,0.0868019844551,0.0921228710369,0.0345408342324,0.0387444529907,pronoun,tfidfNoPro,0.103032095412,30.0,0.0908230353876,0.113550225817,0.0182262012322,0.152878160468,0.0183047324022,,,0.666666666667,0.611111111111,0.388888888889,1.16666666667,0.984166666667,S2XUPB,0.666666666667,0.611111111111,0.305555555556,1.25,0.951914116669,5.0,,,0.0225148397772
0.0398898741254,,0.0646909194854,0.0246769326874,112.0,1.0,3.0,3.0,0.0244245497699,,,,0.0888214024618,0.056997608012,0.104884625065,0.039875046154,0.0337259893024,pronoun,tfidfNoPro,0.0687856522848,30.0,0.0545640152748,0.149104845533,0.0191417097913,0.177404438052,0.0206638999954,,,0.612903225806,0.645161290323,0.290322580645,1.1935483871,0.974623655914,60Z845,0.677419354839,0.677419354839,0.290322580645,1.12903225806,0.874436771565,5.0,,,0.0323484920049
0.0433224619869,,0.0761723607282,0.0359772274204,112.0,1.0,3.0,3.0,0.0139844031986,,,,0.0808970501239,0.0413578461177,0.121991735805,0.035372422152,0.0408414311018,pronoun,tfidfNoPro,0.0928290051102,30.0,0.0836213247996,0.1458646619,0.0105342415206,0.124671590387,0.0235897648115,,,0.529411764706,0.735294117647,0.411764705882,1.08823529412,1.10450980392,SPL2QW,0.647058823529,0.735294117647,0.352941176471,1.20588235294,0.99859690832,5.0,,,0.0289724728369
0.0715351670881,0.0492654868997,0.0405055094844,0.0517414916873,136.0,1.0,3.0,3.0,0.0188730739401,,,,0.0572011327393,0.0588522982109,0.0803900799013,0.0760669630386,0.0359067665773,pronoun,tfidfNoPro,0.0766312182591,30.0,0.0522494201161,0.0710513851885,0.00584660858707,0.222559943052,0.00499724231322,,,0.410256410256,0.589743589744,0.230769230769,1.5641025641,1.50717948718,SUSAWD,0.435897435897,0.641025641026,0.25641025641,1.53846153846,1.38343921954,10.0,,,0.0263262129172
0.0549748978859,0.0430033105592,0.0425078326411,0.0825238094742,136.0,1.0,3.0,3.0,0.0466546233424,,,,0.0707514558462,0.110640912013,0.0359664571425,0.0447472093746,0.0578824434801,pronoun,tfidfNoPro,0.0809263193048,30.0,0.0525498293064,0.105988029227,0.00651734930753,0.127199692396,0.00779557427286,,,0.404255319149,0.723404255319,0.212765957447,1.27659574468,1.40163120567,UM98K8,0.531914893617,0.63829787234,0.234042553191,1.42553191489,1.19146353825,10.0,,,0.0293702544266
0.052900256504,0.0831850422746,0.0986900378493,0.0534804358092,193.0,1.0,3.0,3.0,0.0152416682496,,,,0.0419380142974,0.148437724605,0.0384205601586,0.0454938858308,0.0436722942691,pronoun,tfidfNoPro,0.0740841698276,30.0,0.0744217471455,0.0830694688799,0.00591648948973,0.0922138981716,0.0053997526818,,,0.423728813559,0.542372881356,0.305084745763,1.57627118644,1.37762711864,UNJ48A,0.491525423729,0.610169491525,0.254237288136,1.5593220339,1.28344017655,10.0,,,0.0434345539565
0.0436258986667,0.0818656071523,0.0725085877807,0.0745546490812,193.0,1.0,3.0,3.0,0.0246077905126,,,,0.054597926851,0.130109415491,0.0731777308575,0.0517198306495,0.0436558881217,pronoun,tfidfNoPro,0.0580535322885,30.0,0.0581592558056,0.0563817541986,0.00549227155341,0.134805536273,0.00448622274564,,,0.415094339623,0.566037735849,0.283018867925,1.50943396226,1.5148427673,EJXRXD,0.433962264151,0.547169811321,0.301886792453,1.67924528302,1.44382078358,10.0,,,0.0321981019715
0.0443529774155,0.0679998916603,0.0467386778914,0.0470087559062,193.0,1.0,3.0,3.0,0.0197303950209,,,,0.118711389912,0.142122221473,0.0462112146723,0.0320474822281,0.0398746677118,pronoun,tfidfNoPro,0.0878697357598,30.0,0.0841567848471,0.0785802992235,0.00942476909413,0.0983154019733,0.00694054264412,,,0.322033898305,0.593220338983,0.237288135593,1.67796610169,1.69813559322,72KLUE,0.457627118644,0.525423728814,0.254237288136,1.67796610169,1.64211767013,10.0,,,0.029914792566
0.0524041078929,0.0749807955754,0.085925055118,0.067506499752,193.0,1.0,3.0,3.0,0.0120327170706,,,,0.0374365327616,0.151348124471,0.0382891927298,0.0711236713148,0.045052454245,pronoun,tfidfNoPro,0.0871201396638,30.0,0.0634081566464,0.0766226140982,0.0055591800371,0.0968320010228,0.00711379036669,,,0.378787878788,0.606060606061,0.333333333333,1.36363636364,1.59373737374,113LZ6,0.469696969697,0.621212121212,0.333333333333,1.43939393939,1.44550822827,10.0,,,0.0272449672337
0.0440767086282,0.126493083581,0.0712249547423,0.0752571140265,193.0,1.0,3.0,3.0,0.0185457764833,,,,0.057655546561,0.102716289172,0.0421507942309,0.0631235795645,0.0348232681719,pronoun,tfidfNoPro,0.0774356034289,30.0,0.06714604823,0.0435246181623,0.00493222726779,0.132994997516,0.00390009823058,,,0.403225806452,0.564516129032,0.241935483871,1.62903225806,1.37822580645,JIT3D3,0.516129032258,0.596774193548,0.258064516129,1.43548387097,1.20419604031,10.0,,,0.0339992920032
0.0680209039132,0.072696066819,0.0505206517812,0.0539046653155,193.0,1.0,3.0,3.0,0.0189789801139,,,,0.05865553042,0.154026120249,0.0614438178022,0.0415924342287,0.043543395191,pronoun,tfidfNoPro,0.134539136916,30.0,0.0491008384558,0.0547466211085,0.00998133907891,0.086586890897,0.00754511403455,,,0.381818181818,0.527272727273,0.381818181818,1.74545454545,1.67206060606,OQD9U4,0.527272727273,0.618181818182,0.4,1.56363636364,1.52236041168,10.0,,,0.0341174936755
0.0582801575976,0.0543024454304,0.0388517632428,0.0472451481631,193.0,1.0,3.0,3.0,0.0172546572639,,,,0.0677487797433,0.189990237546,0.0426976764601,0.0487547812092,0.0585723031009,pronoun,tfidfNoPro,0.0656106476715,30.0,0.0567486492695,0.0767963313824,0.00396003061342,0.133569097845,0.0044009047871,,,0.384615384615,0.519230769231,0.288461538462,1.59615384615,1.55532051282,CIK021,0.461538461538,0.519230769231,0.192307692308,1.82692307692,1.33340990499,10.0,,,0.0352163886736
0.0536675539702,0.0930713468124,0.0723230411616,0.0497785851279,278.0,1.0,3.0,3.0,0.0172617742196,,,,0.060810170348,0.123232849062,0.0656667139493,0.0601552236324,0.0545065311398,pronoun,tfidfNoPro,0.0916508588976,30.0,0.0476683553656,0.0960567144702,0.00665130709334,0.0571799640647,0.0103931751649,,,0.527777777778,0.638888888889,0.444444444444,1.22222222222,1.20032407407,EJDJ22,0.625,0.625,0.458333333333,1.22222222222,1.05401216682,10.0,,,0.0399258355204
0.0567768944277,0.113742983638,0.0656106957873,0.0426306073215,278.0,1.0,3.0,3.0,0.0166642349703,,,,0.0502246496958,0.139468371074,0.0433979913788,0.0546146260341,0.0628497415243,pronoun,tfidfNoPro,0.0821069840725,30.0,0.0386906375916,0.102730128503,0.00971930615152,0.0703875554226,0.0122539936211,,,0.518987341772,0.670886075949,0.430379746835,1.21518987342,1.23172995781,2UQGLP,0.594936708861,0.632911392405,0.379746835443,1.29113924051,1.17308534085,10.0,,,0.0381305987854
0.0654441624225,0.113831660032,0.0637684809885,0.0425485983538,278.0,1.0,3.0,3.0,0.0161600336871,,,,0.0433150393671,0.101127778774,0.0478782579065,0.0548730135558,0.0612766941618,pronoun,tfidfNoPro,0.080885350938,30.0,0.0440599284923,0.127364148023,0.00731785442697,0.0840746300896,0.00560907700316,,,0.464285714286,0.607142857143,0.404761904762,1.35714285714,1.33412698413,4XCVKI,0.52380952381,0.571428571429,0.357142857143,1.33333333333,1.24512983141,10.0,,,0.0404652917776
0.0694752396347,0.136242236063,0.0576993009516,0.0373519315346,278.0,1.0,3.0,3.0,0.0160411883141,,,,0.0481060797755,0.12359971746,0.0427589085683,0.0477809562772,0.0463775439768,pronoun,tfidfNoPro,0.100483710099,30.0,0.0576409223444,0.0822209274117,0.0110589992771,0.072554420283,0.0103156111632,,,0.565789473684,0.671052631579,0.447368421053,1.26315789474,1.06530701754,X055EX,0.697368421053,0.697368421053,0.486842105263,1.07894736842,0.939167834592,10.0,,,0.0402923068667
0.0633301363235,0.135174086217,0.0428293742932,0.0474220714567,278.0,1.0,3.0,3.0,0.0186784261688,,,,0.072031566513,0.0784386957724,0.0779342870145,0.0695126107215,0.0621809576902,pronoun,tfidfNoPro,0.0705353252671,30.0,0.0528187688341,0.0816803495943,0.0089880392338,0.0804603781139,0.00826107134938,,,0.531914893617,0.648936170213,0.414893617021,1.28723404255,1.12574468085,90QZ3I,0.606382978723,0.648936170213,0.457446808511,1.07446808511,1.07483720237,10.0,,,0.0297238554368
0.0678695925883,0.0917545458507,0.0329976110171,0.0400969482301,278.0,1.0,3.0,3.0,0.0181508813222,,,,0.0713324880866,0.105343083059,0.0552629145201,0.047107408566,0.0581345307048,pronoun,tfidfNoPro,0.0966180702592,30.0,0.0516794247877,0.111669036838,0.00284077368125,0.110960902031,0.00187798324648,,,0.597402597403,0.649350649351,0.402597402597,1.4025974026,1.17177489177,OVDCHI,0.623376623377,0.662337662338,0.38961038961,1.28571428571,1.09679548232,10.0,,,0.0363038052111
0.066682328825,0.0808467875569,0.0326547285032,0.0389332406254,278.0,1.0,3.0,3.0,0.0157775703824,,,,0.0693228720607,0.191589706933,0.0455803049122,0.0490886557468,0.0775508749211,pronoun,tfidfNoPro,0.0855863462674,30.0,0.0594069686133,0.0789155708954,0.00340961664925,0.0648732926185,0.00204026879629,,,0.494117647059,0.505882352941,0.329411764706,1.81176470588,1.41082352941,DV6QAZ,0.517647058824,0.564705882353,0.341176470588,1.48235294118,1.29599410386,10.0,,,0.0377408656937
0.0735987826456,0.126650133146,0.0602271397567,0.0406780431021,278.0,1.0,3.0,3.0,0.017130013099,,,,0.0662702822086,0.128175464556,0.0450964108588,0.052869960617,0.0635593839847,pronoun,tfidfNoPro,0.0855207134939,30.0,0.055768963671,0.0924827381022,0.0061011180615,0.0484232972014,0.00538897981873,,,0.521126760563,0.507042253521,0.352112676056,1.64788732394,1.3079342723,WWCH7S,0.591549295775,0.661971830986,0.450704225352,1.08450704225,1.15554624973,10.0,,,0.0320585756771
0.0548090321765,0.119597574904,0.0591362280743,0.038256966967,278.0,1.0,3.0,3.0,0.0166311473948,,,,0.0656234235748,0.0931285999452,0.0426126014268,0.0526319139529,0.0595876875528,pronoun,tfidfNoPro,0.0800241455036,30.0,0.0729489776103,0.130114072014,0.00466998675386,0.0697618622474,0.00469383544572,,,0.571428571429,0.681318681319,0.43956043956,1.12087912088,1.05208791209,EOXXVP,0.67032967033,0.648351648352,0.428571428571,1.16483516484,1.0008791387,10.0,,,0.0357719444559
