,groupId,files,timeRun,keywords,perPos,perNeg,perPosDoc,perNegDoc,PSJudge,judgementCount,judgementFrac,nous,vous,je,ils,il,elle,le,avgSD,avgEVC
0,piper81 041781_train,1,2.78591990471,"thief, jesus, save, penit, paradis, wrong, fear, god, say, thiev",0.0258342303552,0.037674919268,0.0,1.0,0.487179487179,85.0,0.726495726496,0.018837459634,0.0139935414424,0.0139935414424,0.00861141011841,0.034983853606,0.0,0.00914962325081,0.67432928228,0.713595475237
1,ACLU07_train,1,2.2760989666,"camp, polic, dakota, protector, morton, surveil, pipelin, sheriff, roadblock, vehicl",0.0102702702703,0.0151351351351,0.0,1.0,0.391304347826,27.0,0.391304347826,0.00216216216216,0.000540540540541,0.0,0.0113513513514,0.00108108108108,0.0,0.00594594594595,0.582358739514,0.723923388205
2,339.html_train,1,2.47536802292,"get, worker, strike, bridg, dinner, sock, christma, thing, meet, paper",0.0231809401159,0.0218931101095,1.0,0.0,0.540540540541,66.0,0.891891891892,0.0302640051513,0.0186735350934,0.00965872504829,0.0148100450741,0.0212491951062,0.00193174500966,0.00579523502898,0.776464980613,0.504995744916
3,WestboroBaptist_Sermon_20090809.pdf_train,1,3.96566200256,"angel, heaven, hair, shall, unto, shirley, god, cor, cut, woman",0.0451291627762,0.0267662620604,1.0,0.0,0.416149068323,90.0,0.55900621118,0.00746965452848,0.00404606286959,0.0118269530034,0.0164954870837,0.0155617802677,0.0136943666355,0.00715841892312,0.715940926463,0.639955157981
4,Issue_2-Foreward_train,1,2.04377293587,"allah, choic, bay'ah, deed, prophet, methodolog, rush, dabiq, prais, bid'ah",0.0145797598628,0.0231560891938,0.0,1.0,0.413043478261,36.0,0.782608695652,0.0,0.0180102915952,0.00171526586621,0.0180102915952,0.00514579759863,0.0,0.0128644939966,0.717743787603,0.504817487793
5,"2003-01-05 A Simple Faith, Rev. Mark Belletini.htm_train",1,5.19642806053,"captain, hope, want, yes, say, geek, answer, know, simpl, niemojewski",0.030612244898,0.0204081632653,1.0,0.0,0.242857142857,199.0,0.710714285714,0.018820861678,0.0120181405896,0.024716553288,0.0233560090703,0.0122448979592,0.00204081632653,0.00839002267574,0.708017410514,0.488417497442
6,journal.1.12.11_train,1,2.17915678024,"infinit, realiz, reaction, real, shall, finit, react, resign, meher, baba",0.0352020860495,0.00586701434159,1.0,0.0,0.505050505051,66.0,0.666666666667,0.0365058670143,0.0026075619296,0.029335071708,0.0,0.0280312907432,0.0,0.0176010430248,0.780917551712,0.853541756081
7,YV13_train,1,1.34195184708,"happi, want, get, stamp, unhappi, joy, got, say, can't, moment",0.0164705882353,0.00705882352941,1.0,0.0,0.578947368421,28.0,0.736842105263,0.00941176470588,0.0705882352941,0.00235294117647,0.00705882352941,0.0,0.0,0.0329411764706,0.775202940201,0.553920281175
8,YV02_train,1,1.20060181618,"yoga, ceremoni, eat, sleep, satchidananda, sake, don't, swami, spiritu, sri",0.0265780730897,0.00332225913621,1.0,0.0,0.611111111111,13.0,0.722222222222,0.00996677740864,0.0199335548173,0.0332225913621,0.0265780730897,0.0,0.0,0.00332225913621,0.779494457465,0.579184715841
9,Issue_3-Foley_sBloodIsOnObama_sHands_train,1,2.47938203812,"foley, prison, obama, messag, wright, iraq, jame, crusad, wish, solut",0.0123376623377,0.0350649350649,0.0,1.0,0.47619047619,56.0,0.888888888889,0.0136363636364,0.00779220779221,0.0285714285714,0.0136363636364,0.0194805194805,0.0,0.00584415584416,0.728268682677,0.704713871958
10,Issue_2-TheFloodoftheMubahalah_train,1,6.74151706696,"allah, mubāhalah, ibn, jawlānī, messeng, kufr, curs, front, prophet, creed",0.0178601803028,0.0255145432897,0.0,1.0,0.463963963964,170.0,0.765765765766,0.00323184215003,0.00731416907637,0.00357203606055,0.0221126041844,0.0335091001871,0.0,0.0105460112264,0.68297110769,0.601465940419
11,MalcolmX-ProspectsForFreedomin1965_train,1,4.50146102905,"get, civilright, noth, explos, promis, ake, harlem, oppress, prospect, malcolm",0.0210692652094,0.0221227284698,0.0,1.0,0.191489361702,153.0,0.651063829787,0.0152752172768,0.00948116934422,0.0163286805373,0.0281801422175,0.00421385304188,0.00131682907559,0.0186989728733,0.723676635305,0.588176520005
12,MalcolmX-AnAppealtoAfricanHeadsofState_train,1,6.37205410004,"malcolm, negro, uniti, cairo, get, african, confer, here, civilright, afroamerican",0.0244808374135,0.0238055039676,1.0,0.0,0.408510638298,156.0,0.663829787234,0.0194158365693,0.00928583488097,0.00928583488097,0.00877933479656,0.00236366706061,0.00135066689178,0.0111430018572,0.721230509877,0.664602832219
13,SS10_train,1,1.39951395988,"dog, galapago, shark, wildlif, cristob, shepherd, “sniffer, remark, agreement, knum",0.0112570356473,0.0187617260788,0.0,1.0,0.631578947368,12.0,0.631578947368,0.00187617260788,0.0,0.00375234521576,0.0225140712946,0.0,0.0,0.00562851782364,0.714296691889,0.674479366693
14,225.html_test,1,3.74200105667,"worker, fergi, get, feast, too, kichi, soul, priest, kitchen, prayer",0.0224835696991,0.0300933932895,0.0,1.0,0.490909090909,99.0,0.9,0.020062262193,0.00345901072293,0.00968523002421,0.00657212037357,0.0276720857835,0.0231753718437,0.00657212037357,0.693069204206,0.700691663263
15,WestboroBaptist_Sermon_20110529.pdf_train,1,3.69392204285,"unto, love, shall, glorifi, saith, grace, wash, humbl, jesus, god",0.0370244565217,0.023097826087,1.0,0.0,0.42,99.0,0.66,0.0054347826087,0.0197010869565,0.0241168478261,0.00611413043478,0.0417798913043,0.0,0.00611413043478,0.636244757324,0.729347874448
16,409.html_test,1,1.39389896393,"bread, retreat, farm, tabl, tree, easton, babi, read, everyon, herb",0.0339558573854,0.0169779286927,1.0,0.0,0.392857142857,14.0,0.5,0.0237691001698,0.0,0.00169779286927,0.00509337860781,0.0,0.0,0.0101867572156,0.756020186149,0.576023711084
17,MalcolmX-AfterTheBombing_train,1,9.32805109024,"negro, get, know, got, hate, thing, say, tri, want, ourselv",0.0149876042371,0.0205093531666,0.0,1.0,0.318637274549,383.0,0.76753507014,0.0161144917737,0.0259184133423,0.0218616182105,0.0268199233716,0.0132972729322,0.0,0.0153256704981,0.688419416016,0.544888486371
18,WestboroBaptist_Sermon_20120819.pdf_train,1,3.60936903954,"shall, unto, hath, thou, lord, glori, jerusalem, saith, spirit, christ",0.0316191799861,0.0337039610841,0.0,1.0,0.443548387097,87.0,0.701612903226,0.0142460041696,0.00521195274496,0.0132036136206,0.0128561501042,0.0364836692147,0.00521195274496,0.00729673384295,0.711898399201,0.636749751701
19,SS07_train,1,1.36196613312,"net, totoaba, illeg, gear, farley, weather, endang, mowat, find, fish",0.0282828282828,0.030303030303,0.0,1.0,0.541666666667,14.0,0.583333333333,0.0323232323232,0.0,0.0,0.00606060606061,0.0,0.0,0.00606060606061,0.791609857671,0.801489295722
20,SS04_train,1,2.15746593475,"shepherd, net, illeg, whale, crew, gill, cut, happi, anyth, worri",0.0396119644301,0.018593371059,1.0,0.0,0.433333333333,53.0,0.883333333333,0.00970088924818,0.00323362974939,0.0299110751819,0.0210185933711,0.0,0.0,0.0121261115602,0.705714749005,0.664894099941
21,transcript_polygamy.html_test,1,11.1113190651,"wive, polygami, say, bibl, let, shall, vers, guy, whi, get",0.022934537246,0.0168848758465,1.0,0.0,0.389312977099,474.0,0.723664122137,0.00893905191874,0.0201354401806,0.0125507900677,0.0167042889391,0.0264559819413,0.00361173814898,0.0169751693002,0.695124670499,0.632897575987
22,good-news-bad-news-steve-shepherd-sermon-on-doing-gods-will-32921.asp_train,1,3.47602915764,"bad, fire, evil, brandon, want, put, need, good, preacher, lit",0.0278824415976,0.0388093443858,0.0,1.0,0.18152866242,147.0,0.468152866242,0.035418236624,0.00640542577242,0.0211002260739,0.00753579502638,0.0128108515448,0.00263752825923,0.00979653353429,0.65103822607,0.471404768228
23,WestboroBaptist_Sermon_20150712.pdf_train,1,4.04720187187,"unto, thyatira, woman, prophetess, christ, jezebel, let, patienc, chariti, shall",0.041354510039,0.0185795624813,1.0,0.0,0.313432835821,123.0,0.611940298507,0.0110878034162,0.00928978124064,0.0146838477675,0.0236739586455,0.0149835181301,0.00659274797723,0.00569373688942,0.697686059243,0.651513564973
24,Issue_2-HijrahandJihad_train,1,1.09702301025,"sat, wait, disobey, allah, path, alayhi, ahmad, jihad, hijrah, forefath",0.00469483568075,0.0422535211268,0.0,1.0,0.636363636364,7.0,0.636363636364,0.0,0.0422535211268,0.0,0.0093896713615,0.0657276995305,0.0,0.0093896713615,0.863720719261,0.619622503093
25,SS05_train,1,1.84329295158,"seaworld, hsus, orca, manbi, pacell, keiko, condemn, profit, will, dolphin",0.0275229357798,0.0336391437309,0.0,1.0,0.456140350877,34.0,0.59649122807,0.00407747196738,0.0,0.00407747196738,0.0346585117227,0.0112130479103,0.0,0.00917431192661,0.679182790695,0.531921212903
26,ACLU09_train,1,1.71595311165,"secreci, subpoena, gag, amend, signal, default, demand, too, juri, aclu",0.0152173913043,0.020652173913,0.0,1.0,0.40625,17.0,0.53125,0.00652173913043,0.00108695652174,0.0,0.00326086956522,0.0,0.0,0.0195652173913,0.701938682373,0.607449832182
27,journal.01.07.05_train,1,1.73288989067,"baba, grace, inner, happen, creed, done, met, lad, away, touch",0.0308924485126,0.0091533180778,1.0,0.0,0.6875,30.0,0.9375,0.0114416475973,0.0,0.0160183066362,0.0297482837529,0.045766590389,0.0,0.00343249427918,0.676495136956,0.447411743688
28,558.html_train,1,1.24722504616,"obedi, poverti, ave, maria, love, rosari, advent, tell, convers, scriptur",0.0509383378016,0.00536193029491,1.0,0.0,0.35,9.0,0.45,0.0214477211796,0.0,0.0,0.0,0.00268096514745,0.0160857908847,0.00268096514745,0.770215331182,0.576540447136
29,ACLU03_train,1,1.84700202942,"flint, safe, poison, failur, elementari, ppb, done, drink, appoint, water",0.030303030303,0.0251082251082,1.0,0.0,0.285714285714,25.0,0.446428571429,0.0025974025974,0.004329004329,0.0,0.00952380952381,0.004329004329,0.0,0.0103896103896,0.752199101358,0.47666167497
30,YV08_train,1,3.15035820007,"yogavill, dedic, should, don't, joy, everyth, tree, whatev, feel, love",0.0296137339056,0.0068669527897,1.0,0.0,0.353773584906,158.0,0.745283018868,0.0210300429185,0.0450643776824,0.01330472103,0.0175965665236,0.00128755364807,0.00128755364807,0.0210300429185,0.709790142212,0.565988363143
31,piper94 07-10-94_train,1,3.80100083351,"love, homosexu, say, command, fulfil, scriptur, keep, god, greg, violat",0.0492113564669,0.0261829652997,1.0,0.0,0.494186046512,119.0,0.691860465116,0.0331230283912,0.00694006309148,0.00851735015773,0.011356466877,0.00883280757098,0.00410094637224,0.00946372239748,0.720870722578,0.636675363489
32,MalcolmX-ConfrontationWithAnExpert_train,1,6.38062596321,"malcolm, bernard, hall, alcolm, let, negro, think, say, get, expert",0.0184566707681,0.0123044471788,1.0,0.0,0.495356037152,258.0,0.798761609907,0.00457022323783,0.0355071190016,0.0344524521005,0.0105466690104,0.00931622429249,0.00123044471788,0.013183336263,0.629414780044,0.656116850638
33,mapping-out-the-new-year-steve-shepherd-sermon-on-new-years-day-142575.asp_train,1,3.74544000626,"gps, lord, trust, happi, pray, husband, step, get, seek, prayer",0.0301783264746,0.0181755829904,1.0,0.0,0.240875912409,181.0,0.660583941606,0.0356652949246,0.0130315500686,0.0168038408779,0.00548696844993,0.031207133059,0.0161179698217,0.00891632373114,0.666400838996,0.596822233112
34,YV06_train,1,2.56726288795,"sri, gurudev, swami, satchidananda, spirit, spiritu, messag, uniti, sadhu, doesn't",0.027289266222,0.00727713765919,1.0,0.0,0.352941176471,78.0,0.764705882353,0.0109157064888,0.0133414190418,0.0,0.00667070952092,0.0333535476046,0.00485142510612,0.0127349909036,0.661197632956,0.689833712226
35,535.html_train,1,1.57963705063,"love, prayer, reader, happi, worker, keep, think, appeal, confid, grace",0.0506155950752,0.0123119015048,1.0,0.0,0.477272727273,33.0,0.75,0.0424076607387,0.0232558139535,0.0246238030096,0.0123119015048,0.00683994528044,0.00136798905609,0.0123119015048,0.737064307569,0.593020139762
36,SS06_train,1,1.39694213867,"dolphin, captiv, tank, sorri, orca, shepherd, endur, taiji, sought, concret",0.00904977375566,0.0633484162896,0.0,1.0,0.68,24.0,0.96,0.00452488687783,0.0633484162896,0.0180995475113,0.00904977375566,0.0,0.0,0.0,0.711137210265,0.641319399862
37,291.html_train,1,1.75611495972,"smell, relief, walk, swim, hang, babi, stanley, garden, harlem, hot",0.0307062436029,0.028659160696,1.0,0.0,0.325581395349,29.0,0.674418604651,0.0112589559877,0.00204708290686,0.00614124872057,0.014329580348,0.00409416581372,0.0102354145343,0.00921187308086,0.793686512858,0.710015848458
38,SS14_train,1,1.27210116386,"vessel, thunder, poacher, crew, chase, gear, endur, illeg, monday, rescu",0.0356234096692,0.030534351145,1.0,0.0,0.47619047619,17.0,0.809523809524,0.0814249363868,0.00508905852417,0.0,0.0101781170483,0.0,0.0152671755725,0.00254452926209,0.822506283893,0.647116918527
39,"2007-11-11 Spiritual Claustrophobia, Rev. Mark Belletini.PDF_test",1,5.33411097527,"experi, dont, let, theolog, els, hallway, tell, wrong, realli, too",0.0243632336656,0.0190476190476,1.0,0.0,0.203045685279,233.0,0.591370558376,0.0148394241417,0.0104097452935,0.0423034330011,0.00863787375415,0.00398671096346,0.00996677740864,0.0126245847176,0.679453680441,0.514337817248
40,WestboroBaptist_Sermon_20080316.pdf_test,1,3.61795186996,"blood, shall, persecut, wolv, god, sheep, psa, sermon, tragedi, brook",0.0194966323999,0.036866359447,0.0,1.0,0.386243386243,93.0,0.492063492063,0.0113434952145,0.0102800425381,0.00567174760723,0.0141793690181,0.0290677064871,0.00389932647997,0.0081531371854,0.68250278187,0.507347220451
41,piper85 pn850027_train,1,3.76822805405,"corinthian, enslav, thing, drink, whi, say, conscienc, spirit, stomach, immor",0.0242326332795,0.0142164781906,1.0,0.0,0.292237442922,157.0,0.716894977169,0.0132471728595,0.0222940226171,0.0168012924071,0.00743134087237,0.0210016155089,0.00032310177706,0.0158319870759,0.690600956938,0.66117322778
42,overcoming-lifes-problems-steve-shepherd-sermon-on-endurance-32141.asp_train,1,3.57580900192,"want, christ, don, overcom, get, pain, ill, car, said, say",0.0274071402813,0.023079697079,1.0,0.0,0.293388429752,146.0,0.603305785124,0.0274071402813,0.0180310133429,0.0223584565453,0.00576992426974,0.0144248106744,0.0079336458709,0.00901550667147,0.647731884151,0.506494561511
43,MalcolmX-TheBallotortheBullet_train,1,9.94472694397,"get, let, negro, bullet, got, ballot, segreg, malcolm, whi, civilright",0.0184800664452,0.0144310631229,1.0,0.0,0.265342960289,435.0,0.785198555957,0.0192068106312,0.03176910299,0.0129775747508,0.0140157807309,0.015988372093,0.00103820598007,0.0179609634551,0.691618912915,0.681160395609
44,you-adulterous-people-steve-shepherd-sermon-on-adultery-165397.asp_train,1,3.33000898361,"adulteri, don, devil, fear, get, anger, friendship, satan, spiritu, want",0.0299760191847,0.0363709032774,0.0,1.0,0.194552529183,154.0,0.599221789883,0.0203836930456,0.0219824140687,0.0231814548361,0.0159872102318,0.0227817745803,0.00519584332534,0.00759392486011,0.652255224291,0.489921290693
45,"2011-12-11 Hope Not Hype, Rev. Mark Belletini.pdf_train",1,4.30419611931,"hope, hype, magic, pain, happen, too, dont, perfect, love, suffer",0.0356933879462,0.0333528379169,1.0,0.0,0.258928571429,142.0,0.633928571429,0.0263311878291,0.00643651258046,0.0295494441194,0.00848449385606,0.00263311878291,0.00672908133411,0.0119953188999,0.656031417751,0.631939537011
46,speaking_with_tongues.html_train,1,13.6221280098,"tongu, say, know, okay, talk, don, vers, let, want, speak",0.0218892316733,0.00866754811224,1.0,0.0,0.162095783872,935.0,0.382726156365,0.0124136917879,0.0216688702806,0.0218157778757,0.0210077861025,0.0126340531805,0.000293815190245,0.0191714411635,0.71757707203,0.843145017593
47,YV11_train,1,1.93343400955,"whi, lotus, love, don't, yogavill, want, should, tri, roof, religion",0.0368794326241,0.0156028368794,1.0,0.0,0.485294117647,44.0,0.647058823529,0.0326241134752,0.0198581560284,0.0212765957447,0.00992907801418,0.00141843971631,0.0,0.0156028368794,0.715584285776,0.607443977816
48,journal_1_4-15_test,1,1.25004005432,"eclips, spiritu, rishi, prayer, demon, occurr, answer, nectar, too, sequenc",0.0385487528345,0.015873015873,1.0,0.0,0.157894736842,4.0,0.210526315789,0.00226757369615,0.0,0.0,0.00680272108844,0.0,0.0,0.00453514739229,0.778692373788,0.549713595888
49,SS01_train,1,1.35605502129,"vaquita, shepherd, gift, illeg, marin, save, porpois, whale, countless, gill",0.020325203252,0.0182926829268,1.0,0.0,0.35,13.0,0.65,0.020325203252,0.0121951219512,0.0020325203252,0.0,0.0,0.0,0.0020325203252,0.746854701843,0.588484581691
50,wgV2n3-2_train,1,1.67751193047,"brother, avatar, savior, dawn, fear, inhuman, lord, selfish, pain, save",0.04625,0.03375,1.0,0.0,0.826086956522,21.0,0.913043478261,0.09125,0.0,0.00125,0.0,0.03,0.0,0.005,0.760069620689,0.624718088698
51,ACLU10_test,1,1.95224380493,"prison, detent, dhs, ice, privat, justic, committe, reduc, cca, detaine",0.0136518771331,0.0358361774744,0.0,1.0,0.45652173913,22.0,0.478260869565,0.00511945392491,0.0,0.0,0.00682593856655,0.00341296928328,0.00170648464164,0.018771331058,0.678539201976,0.732896514523
52,Issue_1-TheConceptofImamah_train,1,4.66804003716,"allah, imamah, ibrahim, imam, millah, ibn, vers, alayhi, sallam, sallallahu",0.0168741355463,0.0190871369295,0.0,1.0,0.484615384615,109.0,0.838461538462,0.00802213001383,0.00580912863071,0.00442600276625,0.00940525587828,0.0326417704011,0.00387275242047,0.0213001383126,0.782429775515,0.626859297299
53,journal.1.10.10_test,1,1.50111603737,"master, inner, baba, discipl, miracl, wonder, incid, miracul, moment, mandali",0.0459418070444,0.0183767228178,1.0,0.0,0.5,12.0,0.545454545455,0.00153139356815,0.0,0.00153139356815,0.00612557427259,0.0199081163859,0.00153139356815,0.00918836140888,0.753615881327,0.529939189283
54,MalcolmX-ADeclarationofIndependence_train,1,2.53238391876,"malcolm, negro, mosqu, solut, muhammad, inc, muslim, statement, too, ourselv",0.00901984365604,0.0204449789537,0.0,1.0,0.341463414634,67.0,0.817073170732,0.0306674684305,0.0,0.0204449789537,0.0108238123873,0.0204449789537,0.0,0.00781719783524,0.708866971655,0.625664061524
55,piper99 12-12-99_test,1,3.1987349987,"reconcil, vers, save, wrath, god, shall, christ, enemi, rescu, justifi",0.0267489711934,0.022633744856,1.0,0.0,0.496551724138,117.0,0.806896551724,0.0411522633745,0.0238683127572,0.00329218106996,0.00246913580247,0.043621399177,0.0,0.00987654320988,0.646147098731,0.646481448274
56,piper99 4-4-99_train,1,2.85223293304,"condemn, christ, sinner, guilti, righteous, jesus, answer, god, judg, vers",0.0368709516692,0.0333831589437,1.0,0.0,0.402777777778,83.0,0.576388888889,0.0264075734928,0.0114598903837,0.0224215246637,0.000996512207275,0.02192326856,0.0,0.0119581464873,0.611235520183,0.528360248967
57,piper85 pn850005_train,1,4.93770217896,"sing, jehoshaphat, judah, vers, lord, god, satan, worship, thi, prais",0.0246626337832,0.0228013029316,1.0,0.0,0.472573839662,187.0,0.789029535865,0.0216379711494,0.0169846440205,0.00814332247557,0.0221033038623,0.0169846440205,0.00279199627734,0.00697999069335,0.684590054216,0.719528746324
58,Issue_2-TheEnemy_sWords_train,1,0.969290018082,"isi, iraqi, syria, iraq, floor, fallujah, truck, mccain, “num, omar",0.0271186440678,0.0237288135593,1.0,0.0,0.666666666667,6.0,0.666666666667,0.00338983050847,0.0,0.00338983050847,0.0135593220339,0.0101694915254,0.0,0.0,0.247392336098,0.581083736449
59,SS08_train,1,1.38466906548,"greenpeac, seal, fur, whale, endors, sealer, brutal, risk, betray, revel",0.0232108317215,0.0522243713733,0.0,1.0,0.592592592593,17.0,0.62962962963,0.0116054158607,0.00193423597679,0.0251450676983,0.0232108317215,0.0,0.0,0.00193423597679,0.713213424717,0.592919761689
60,Issue_1-Introduction_test,1,1.71836018562,"allah, camp, amirulmu'minin, muslim, everywher, ummah, khilafah, whoever, muhammad, abu",0.0363636363636,0.025,1.0,0.0,0.279069767442,21.0,0.488372093023,0.00227272727273,0.00681818181818,0.0,0.0227272727273,0.0113636363636,0.0,0.00795454545455,0.783505428413,0.728928800845
61,WestboroBaptist_Sermon_20160501.pdf_train,1,8.00313282013,"adulteri, divorc, let, husband, commit, flesh, marriag, unto, woman, shall",0.0158646218932,0.0228714965627,0.0,1.0,0.363076923077,240.0,0.738461538462,0.0121628767848,0.0171866737176,0.00872554204125,0.0134849286092,0.0198307773665,0.0107086197779,0.0173188789001,0.682182038757,0.622868146773
62,SS03_test,1,1.20195388794,"whale, contamin, pollut, microplast, ecosystem, toxicolog, shepherd, expedit, scientist, california",0.0245398773006,0.0122699386503,1.0,0.0,0.357142857143,8.0,0.571428571429,0.0306748466258,0.0,0.0,0.0,0.0,0.00306748466258,0.00613496932515,0.802581468615,0.582645206635
63,journal_2_3-4_train,1,1.78452992439,"iness, baba, master, shri, dharma, renunci, hate, say, path, attach",0.0345622119816,0.0276497695853,1.0,0.0,0.36231884058,43.0,0.623188405797,0.0161290322581,0.0115207373272,0.0161290322581,0.00806451612903,0.0334101382488,0.0,0.0103686635945,0.693908026957,0.551502111629
64,YV04_train,1,2.69226408005,"mind, yoga, calm, clean, whi, medit, want, don't, sutra, everyth",0.0382059800664,0.00830564784053,1.0,0.0,0.350993377483,102.0,0.675496688742,0.0227021040975,0.0581395348837,0.00221483942414,0.000553709856035,0.00166112956811,0.000553709856035,0.014950166113,0.71710445534,0.714655700116
65,564.html_train,1,1.61098694801,"loneli, worker, farm, quarrel, dispel, ward, appeal, erupt, prison, grace",0.0343878954608,0.0275103163686,1.0,0.0,0.333333333333,28.0,0.622222222222,0.0316368638239,0.00687757909216,0.0110041265475,0.00275103163686,0.0041265474553,0.0041265474553,0.0137551581843,0.773863565209,0.469079468926
66,transcript_defending_name_of_jesus.html_test,1,3.60798120499,"yeshua, testament, jesus, say, whi, bibl, spoke, hebrew, fraud, okay",0.0220511025551,0.0122506125306,1.0,0.0,0.490566037736,122.0,0.767295597484,0.0154007700385,0.0185509275464,0.014000700035,0.0126006300315,0.0115505775289,0.00105005250263,0.0259012950648,0.713712143062,0.622488228814
67,YV03_train,1,1.57865691185,"yantra, triangl, manifest, crystal, dot, express, bindhu, mantra, kalaa, shanthi",0.0114942528736,0.00287356321839,1.0,0.0,0.3,23.0,0.46,0.00431034482759,0.0100574712644,0.0014367816092,0.00862068965517,0.0014367816092,0.0014367816092,0.0244252873563,0.751185209931,0.706460240765
68,piper81 071981m_train,1,4.17971491814,"drink, jesus, thirst, let, feast, christ, bless, tast, fulfil, god",0.0269186712486,0.0194730813288,1.0,0.0,0.502673796791,152.0,0.812834224599,0.0398052691867,0.00630011454754,0.0128865979381,0.00601374570447,0.0292096219931,0.00028636884307,0.0151775486827,0.737509881351,0.611053533494
69,SS12_test,1,2.48818588257,"costa, rican, coco, illeg, shepherd, arrest, vessel, guatemalan, charg, rica",0.0115321252059,0.0219659527732,0.0,1.0,0.44578313253,56.0,0.674698795181,0.0175727622186,0.0,0.0236133992312,0.0126304228446,0.00054914881933,0.0,0.00604063701263,0.693013304009,0.628273480924
70,ACLU06_train,1,1.78022003174,"geofeedia, user, twitter, instagram, facebook, enforc, surveil, monitor, data, agreement",0.0212150433944,0.0183220829315,1.0,0.0,0.4,23.0,0.511111111111,0.0154291224687,0.0,0.0,0.00771456123433,0.000964320154291,0.0,0.00867888138862,0.639854978041,0.494121722952
71,piper89 6-4-89_train,1,2.98784589767,"jesus, woman, sabbath, abraham, women, synagogu, want, say, husband, look",0.0288544358312,0.0159345391904,1.0,0.0,0.417218543046,106.0,0.701986754967,0.0142118863049,0.0193798449612,0.0021533161068,0.010766580534,0.0292850990525,0.0111972437554,0.0116279069767,0.677690583205,0.566452437182
72,MalcolmX-AtTheAudubon_train,1,7.83594989777,"get, congo, malcolm, let, dick, talk, mercenari, know, look, say",0.0200935865676,0.0228461326727,0.0,1.0,0.32,306.0,0.765,0.0177539223782,0.027250206441,0.0199559592623,0.0202312138728,0.0196807046518,0.00110101844206,0.01334984861,0.636712127961,0.600845079001
73,WestboroBaptist_Sermon_20100718.pdf_train,1,3.51672291756,"shall, trumpet, silver, alarm, lord, blow, blast, wit, thrill, voic",0.0411392405063,0.0400843881857,1.0,0.0,0.42962962963,71.0,0.525925925926,0.0101969057665,0.010900140647,0.0123066104079,0.0168776371308,0.00632911392405,0.0,0.00879043600563,0.744370682067,0.610101863858
74,piper94 09-11-94_train,1,3.09501004219,"bless, vers, evil, insult, inherit, feel, say, grace, hope, futur",0.0522388059701,0.0171202809482,1.0,0.0,0.469565217391,87.0,0.75652173913,0.0377524143986,0.031167690957,0.00438981562774,0.00438981562774,0.0118525021949,0.0,0.00965759438104,0.692145066915,0.607689427771
75,SS13_train,1,2.60338616371,"whale, seal, “human, “sustain, harvest, slaughter, club, eat, “conserv, fish",0.0180754917597,0.0425305688464,0.0,1.0,0.311926605505,65.0,0.596330275229,0.0154173312068,0.00478468899522,0.00744284954811,0.0127591706539,0.000531632110579,0.000531632110579,0.016480595428,0.692569405526,0.507854515709
76,piper89 4-7-89_train,1,2.79115986824,"womb, job, unborn, abort, god, innoc, shall, psalm, yuml, blood",0.0223234624146,0.0464692482916,0.0,1.0,0.353846153846,68.0,0.523076923077,0.00911161731207,0.00455580865604,0.0132118451025,0.00956719817768,0.0173120728929,0.0,0.0123006833713,0.654140124179,0.535040143732
77,WestboroBaptist_Sermon_20130310.pdf_test,1,3.32425713539,"shall, unto, thou, sin, hath, salvat, thi, god, lamb, etern",0.0301227222016,0.0267757530681,1.0,0.0,0.368852459016,76.0,0.622950819672,0.00669393826701,0.0104127928598,0.0156191892897,0.0141316474526,0.0193380438825,0.000371885459279,0.00483451097062,0.666247871569,0.545616748968
78,"2014-03-16 Guns Directness Controlling Sensitivity, Rev. Mark Belletini.pdf_test",1,5.09353494644,"gun, rabbi, congreg, kaddish, ask, say, alphabet, dan, talk, too",0.0240109764464,0.0160073176309,1.0,0.0,0.254166666667,168.0,0.7,0.0187514292248,0.00617425108621,0.0338440429911,0.00983306654471,0.00891836268008,0.0036588154585,0.00686027898468,0.648631752316,0.584276725375
79,piper97 10-19-97_test,1,2.91353392601,"coven, shepherd, god, vers, etern, grace, christ, pleas, want, glori",0.0310734463277,0.0193032015066,1.0,0.0,0.406504065041,81.0,0.658536585366,0.0235404896422,0.0287193973635,0.0112994350282,0.00141242937853,0.0338983050847,0.0,0.00706214689266,0.6353067034,0.623267788082
80,551.html_train,1,1.61583185196,"bill, gauchat, peter, merci, maurin, talk, worker, vietnam, fruit, ladi",0.0338294993234,0.021650879567,1.0,0.0,0.514285714286,30.0,0.857142857143,0.0189445196211,0.0,0.00811907983762,0.0148849797023,0.021650879567,0.00270635994587,0.00811907983762,0.81127239943,0.824332313968
81,ACLU08_train,1,1.64785313606,"tortur, jessen, mitchel, cia, rizzo, rodriguez, detaine, attorney, prison, judg",0.0102774922919,0.0195272353546,0.0,1.0,0.324324324324,13.0,0.351351351351,0.00308324768756,0.0,0.00102774922919,0.0123329907503,0.00308324768756,0.0,0.00411099691675,0.696233490093,0.659466953895
82,YV12_train,1,1.18333697319,"yantra, medit, faith, yoga, cosmos, divin, petal, path, express, god",0.037037037037,0.00617283950617,1.0,0.0,0.411764705882,7.0,0.411764705882,0.00617283950617,0.00617283950617,0.0,0.00617283950617,0.00617283950617,0.0,0.0154320987654,0.837396755399,0.608677116584
83,YV01_train,1,1.24658703804,"sannyasin, yoga, sannya, renounc, sri, satchidananda, monk, dress, “the, ceremoni",0.00547945205479,0.00821917808219,0.0,1.0,0.409090909091,13.0,0.590909090909,0.0027397260274,0.0,0.0,0.0328767123288,0.0109589041096,0.00547945205479,0.0027397260274,0.738678306613,0.502723161424
84,Issue_1-HalabTribalAssemblies_train,1,1.69438385963,"tribal, dignitari, elder, tal, wilayat, dabiq, safawi, sunni, islam, zakah",0.0220588235294,0.0220588235294,0.0,1.0,0.684210526316,14.0,0.736842105263,0.0,0.0,0.0,0.0281862745098,0.00735294117647,0.0,0.0122549019608,0.78132374366,0.84513520594
85,"2004-08-29 Set Theory for Moderns, Rev. Mark Belletini.PDF_train",1,4.36782884598,"circl, senat, gay, episcop, hope, overlap, funni, venn, say, allard",0.0272263187748,0.0187180941577,1.0,0.0,0.230414746544,134.0,0.617511520737,0.0110606920023,0.00283607487238,0.0300623936472,0.010777084515,0.0144639818491,0.00340328984685,0.0116279069767,0.671518714053,0.536925084448
86,SS02_train,1,1.28900194168,"turtl, shepherd, save, gift, donat, pollut, jairo, campaign, amaz, threat",0.0376811594203,0.0231884057971,1.0,0.0,0.882352941176,15.0,0.882352941176,0.0463768115942,0.0231884057971,0.0,0.00579710144928,0.0,0.0,0.0,0.671360722152,0.437062563421
87,transcript_jesus_book_revelation.html_train,1,9.69815397263,"unto, jesus, revel, shall, say, vers, chapter, christ, bibl, look",0.0288653301144,0.0203631783353,1.0,0.0,0.337954939341,449.0,0.778162911612,0.0127007452503,0.0146950771492,0.0173191980686,0.0131206045975,0.0431405479164,0.0010496483678,0.0118610265561,0.663530558945,0.669999098645
88,MalcolmX-TheHarlemHateGang_train,1,3.81665897369,"polic, harlem, nonviol, realiz, get, hategang, blood, oppressor, negro, malcolm",0.0123818833496,0.0234604105572,0.0,1.0,0.242937853107,128.0,0.723163841808,0.00879765395894,0.0153144346693,0.0215053763441,0.0260671228413,0.0149885956338,0.0,0.0159661127403,0.712618063579,0.552851283806
89,WestboroBaptist_Sermon_20131110.pdf_train,1,4.31113100052,"baptism, baptiz, unto, ordin, christ, spirit, shall, jesus, scriptur, repent",0.0233855965985,0.017273452033,1.0,0.0,0.492957746479,113.0,0.795774647887,0.0130215253787,0.00558065373372,0.00823810789264,0.0132872707946,0.0289662503322,0.00159447249535,0.00664363539729,0.72555636836,0.643719470043
90,journal.02.04.09_test,1,1.97444105148,"meher, realiz, baba, saint, spiritu, sincer, know, man, question, inquir",0.0313043478261,0.0130434782609,1.0,0.0,0.490196078431,37.0,0.725490196078,0.0,0.00173913043478,0.00782608695652,0.0095652173913,0.0365217391304,0.0,0.00869565217391,0.686690181835,0.571087679161
91,YV10_test,1,1.8873488903,"mantra, gurudeva, mind, felt, get, know, dream, lesson, stop, husband",0.0203426124197,0.0182012847966,1.0,0.0,0.35632183908,77.0,0.885057471264,0.00321199143469,0.0117773019272,0.117773019272,0.00107066381156,0.0235546038544,0.0,0.0182012847966,0.726465647714,0.64483544488
92,ACLU11_train,1,1.37489700317,"voter, kobach, regist, vote, registr, judg, restrict, kansa, citizenship, add",0.00759013282732,0.0265654648956,0.0,1.0,0.588235294118,10.0,0.588235294118,0.0,0.0,0.0,0.0379506641366,0.011385199241,0.0,0.00189753320683,0.623493612789,0.553391120255
93,piper99 1-31-99_test,1,3.59919810295,"doer, justifi, judgment, christ, vers, gospel, god, say, hypothet, sin",0.0322055953155,0.0198438516591,1.0,0.0,0.415584415584,96.0,0.623376623377,0.014313597918,0.00553025374105,0.0100845803513,0.0113858165257,0.0123617436565,0.000325309043591,0.0107351984385,0.75365883178,0.649720303758
94,MalcolmX-MessagetotheGrassRoots_train,1,6.6446249485,"negro, got, get, let, talk, tom, master, know, say, malcolm",0.0166527893422,0.0214820982515,0.0,1.0,0.304136253041,314.0,0.76399026764,0.0121565362198,0.034304746045,0.0108243130724,0.0274771024147,0.0158201498751,0.00116569525396,0.0184845961699,0.713622771275,0.54987988973
95,transcript_being_friendly.html_train,1,9.50217080116,"get, greet, say, friend, salut, know, sunday, bibl, fellowship, want",0.0290807799443,0.00924791086351,1.0,0.0,0.433287482806,587.0,0.80742778542,0.019721448468,0.0428969359331,0.0240668523677,0.0245125348189,0.00657381615599,0.000557103064067,0.0152646239554,0.72088188193,0.692381912463
96,MalcolmX-LettersFromAbroad_train,1,2.59453105927,"nigeria, mecca, racism, malcolm, brotherhood, abroad, color, muslim, ghana, sincer",0.0205669816565,0.0166759310728,1.0,0.0,0.458333333333,51.0,0.708333333333,0.0105614230128,0.000555864369094,0.0322401334074,0.0111172873819,0.00667037242913,0.00111172873819,0.0100055586437,0.742447007065,0.611114085611
97,"2015-07-05 Privilege Unpacking the Knapsack, Morgan Patten_test",1,2.34262800217,"privileg, realli, joke, talk, felt, miss, thing, kid, crimin, ticket",0.0179597701149,0.0280172413793,0.0,1.0,0.472527472527,83.0,0.912087912088,0.00862068965517,0.0114942528736,0.0646551724138,0.0100574712644,0.010775862069,0.000718390804598,0.0172413793103,0.706648018096,0.597191696742
98,ACLU02_test,1,1.54221892357,"fisc, opinion, surveil, usa, yahoo, secret, aclu, hidden, refus, address",0.0263591433278,0.00164744645799,1.0,0.0,0.8125,14.0,0.875,0.00494233937397,0.00164744645799,0.0,0.00823723228995,0.0,0.0,0.0197693574959,0.747638694615,0.526031851325
99,"2001-11-11 Microbes and Peter Rabbit, Rev. Mark Belletini.htm_train",1,0.842659950256,"tree, potter, unitarian, beatrix, lichen, mind, hound, lifemarri, farreach, imit",0.025641025641,0.021978021978,1.0,0.0,0.538461538462,9.0,0.692307692308,0.00732600732601,0.003663003663,0.025641025641,0.018315018315,0.0,0.018315018315,0.0,0.00759122409404,0.537620456564
100,768.html_test,1,1.48730301857,"money, profit, tri, worker, sing, deem, forbad, matthew, insofar, duti",0.0206677265501,0.0143084260731,1.0,0.0,0.636363636364,18.0,0.818181818182,0.0683624801272,0.00635930047695,0.0,0.00476947535771,0.00158982511924,0.0,0.00794912559618,0.818595012448,0.592524274517
101,journal.1.11.07_test,1,1.53379201889,"love, infinit, unexpress, condens, finit, genuin, manifest, revel, express, stake",0.0709117221418,0.0144717800289,1.0,0.0,0.485714285714,20.0,0.571428571429,0.00289435600579,0.0,0.0,0.00289435600579,0.0159189580318,0.0,0.0303907380608,0.781518943972,0.647381045738
102,piper80 122480_test,1,2.40492105484,"fear, god, bethlehem, joy, christma, luke, sake, jesus, shall, rejoic",0.0260545905707,0.037841191067,0.0,1.0,0.428571428571,66.0,0.725274725275,0.0117866004963,0.0198511166253,0.0179900744417,0.00496277915633,0.0353598014888,0.000620347394541,0.0130272952854,0.640837846216,0.612990412874
103,transcript_psalm119_aleph.html_train,1,11.0632100105,"bibl, vers, thi, get, say, know, talk, unto, thing, god",0.0336006109202,0.0148911798396,1.0,0.0,0.428571428571,656.0,0.794188861985,0.0136502481863,0.0318823978618,0.0314051164567,0.012313860252,0.0126002290951,9.54562810233e-05,0.0282550591829,0.659021330017,0.608845613769
104,transcript_net_cast_sea.html_train,1,10.3049809933,"say, redeem, bottl, cast, redempt, bad, get, bibl, gather, don",0.0317131308944,0.0219711887242,1.0,0.0,0.120555555556,713.0,0.396111111111,0.0355477251529,0.0148201886206,0.00953466680485,0.0175147683698,0.0235257539641,0.000829101461291,0.0196911597057,0.685152316971,0.602631347932
105,296.html_test,1,1.30192303658,"liturg, pray, prayer, christ, liturgi, mystic, laiti, injustic, campion, complin",0.00686498855835,0.0183066361556,0.0,1.0,0.51724137931,20.0,0.689655172414,0.0800915331808,0.00228832951945,0.00228832951945,0.00228832951945,0.0045766590389,0.00228832951945,0.0137299771167,0.773234430762,0.587619690619
106,Issue_2-It_sEitherTheIslamicStateorTheFlood_train,1,3.86999201775,"allah, nūh, prophet, choic, punish, ark, flood, methodolog, save, da'wah",0.0124843945069,0.0246566791511,0.0,1.0,0.595744680851,73.0,0.776595744681,0.00936329588015,0.00905118601748,0.0043695380774,0.0159176029963,0.0149812734082,0.0,0.0121722846442,0.71191077359,0.560929319252
107,200.html_train,1,0.739398002625,"convers, address, noth, communist, talk, strang, sure, profess, opium, whi",0.0181818181818,0.0181818181818,0.0,1.0,0.478260869565,18.0,0.782608695652,0.0025974025974,0.0103896103896,0.0,0.0025974025974,0.0,0.0467532467532,0.0285714285714,-0.289060193391,0.598822570499
108,SS11_test,1,2.14709496498,"whale, shepherd, whaler, save, japanes, injunct, quota, japan, illeg, vessel",0.0123171670516,0.0246343341032,0.0,1.0,0.424242424242,32.0,0.484848484848,0.0230946882217,0.00153964588145,0.00230946882217,0.0238645111624,0.0,0.0,0.00769822940724,0.689370122901,0.747693114453
109,Issue_2-TheFightAgainstthePKK_train,1,1.43055295944,"pkk, blow, shām, murtaddīn, mosul, demolish, dabiq, tal, tomb, kurdish",0.00865800865801,0.025974025974,0.0,1.0,0.4,9.0,0.45,0.0,0.0,0.0,0.012987012987,0.0,0.0,0.001443001443,0.837180651231,0.63315467116
110,piper90 01-28-90_train,1,3.01415610313,"gospel, preach, fulfil, jesus, god, matthew, ministri, glori, isaiah, repent",0.0205106739221,0.0108832147342,1.0,0.0,0.483050847458,83.0,0.703389830508,0.0121389702805,0.00251151109251,0.00460443700293,0.00460443700293,0.0334868145668,0.0,0.00795311845961,0.785648861552,0.834559504194
111,WestboroBaptist_Sermon_20111204.pdf_test,1,3.688808918,"unto, thi, thou, shall, preach, lord, voic, sin, cri, hast",0.0289115646259,0.0265306122449,1.0,0.0,0.314685314685,71.0,0.496503496503,0.00510204081633,0.00680272108844,0.0173469387755,0.0183673469388,0.0221088435374,0.00136054421769,0.00714285714286,0.727862588449,0.686701567579
112,WestboroBaptist_Sermon_20160703.pdf_train,1,6.66983294487,"faith, righteous, christ, thing, trial, unto, pardon, justif, hope, patienc",0.0550757699202,0.0159687143555,1.0,0.0,0.579136690647,230.0,0.827338129496,0.0415512465374,0.00831024930748,0.00765846504807,0.0107544402803,0.0182499592635,0.000325892129705,0.0192276356526,0.69818735111,0.597818034326
113,ACLU04_train,1,1.81323385239,"cbp, fbi, assess, search, vulner, document, target, agenc, ask, question",0.00865384615385,0.0201923076923,0.0,1.0,0.4,17.0,0.425,0.00384615384615,0.00192307692308,0.0,0.0230769230769,0.0,0.0,0.00576923076923,0.662628732321,0.442937413482
114,WestboroBaptist_Sermon_20140420.pdf_train,1,4.85846400261,"christ, sodom, lord, thee, jesus, lot, gen, evil, numpag, thou",0.0299616490892,0.0234899328859,1.0,0.0,0.431952662722,126.0,0.745562130178,0.0155800575264,0.00862895493768,0.00503355704698,0.0198945349952,0.0285234899329,0.0,0.0155800575264,0.710184016789,0.654375960094
115,YV09_test,1,2.69174408913,"gurudev, sri, yoga, peac, negat, woodstock, want, path, swami, messag",0.0358767054068,0.0101061141991,1.0,0.0,0.277777777778,74.0,0.685185185185,0.00859019706923,0.0101061141991,0.00656897422941,0.00960080848914,0.0267812026276,0.00202122283982,0.00909550277918,0.716242152889,0.634385752343
116,piper80 071380m_test,1,1.50923490524,"pastor, say, bibl, baptist, criswel, preacher, wisdom, know, anyth, hear",0.0272435897436,0.00801282051282,1.0,0.0,0.636363636364,30.0,0.909090909091,0.00801282051282,0.0192307692308,0.0512820512821,0.00320512820513,0.0192307692308,0.0,0.0128205128205,0.710169296589,0.734986918699
117,a-different-gospel-steve-shepherd-sermon-on-false-teaching-161833.asp_train,1,3.15835881233,"gospel, hell, say, jesus, preach, christ, knife, don, pleas, tri",0.0268980477223,0.0325379609544,0.0,1.0,0.282296650718,124.0,0.593301435407,0.00824295010846,0.0125813449024,0.0208242950108,0.00997830802603,0.0225596529284,0.00260303687636,0.0156182212581,0.652849367513,0.586214587548
118,forget-not-all-your-benefits-steve-shepherd-sermon-on-remember-blessings-178073.asp_train,1,3.64849996567,"pit, forget, heal, prais, forgiv, get, sin, bless, thing, didnt",0.0414507772021,0.0173945225759,1.0,0.0,0.337423312883,126.0,0.773006134969,0.0188749074759,0.0214655810511,0.039600296077,0.00111028867506,0.0307179866765,0.0166543301258,0.0099925980755,0.625254698638,0.463175748418
119,ACLU01_test,1,1.67498588562,"tortur, prison, salim, “the, victim, dark, trauma, bensoud, client, psychologist",0.00826446280992,0.047225501771,0.0,1.0,0.439024390244,26.0,0.634146341463,0.0106257378985,0.00118063754427,0.00944510035419,0.00708382526564,0.0330578512397,0.0,0.00708382526564,0.613252706307,0.433556171817
120,piper2k 1-23-00_test,1,3.55651021004,"abort, babi, whi, excel, dark, deed, vers, let, christ, god",0.0317959468903,0.0359888190077,0.0,1.0,0.375722543353,108.0,0.624277456647,0.0317959468903,0.0132774283718,0.00559049615653,0.00698812019567,0.00873515024458,0.0,0.0083857442348,0.676308883334,0.449454604013
121,YV07_train,1,2.02100801468,"heaven, let, everybodi, yogavill, yoga, happi, better, everyth, hurt, feel",0.0457746478873,0.0105633802817,1.0,0.0,0.381818181818,75.0,0.681818181818,0.0448943661972,0.0281690140845,0.00352112676056,0.00704225352113,0.00176056338028,0.000880281690141,0.0140845070423,0.675704316454,0.542770124457
122,SS09_train,1,1.2124979496,"shepherd, pamela, anderson, seal, slaughter, babi, orca, whale, newfoundland, salmon",0.0155763239875,0.0155763239875,0.0,1.0,0.818181818182,10.0,0.909090909091,0.018691588785,0.0,0.00934579439252,0.0,0.0,0.0249221183801,0.00311526479751,0.803904621552,0.609438581614
123,WestboroBaptist_Sermon_20150906.pdf_test,1,6.40139198303,"shall, unto, revel, vision, christ, isaiah, creatur, wit, merci, passag",0.024471449975,0.0119860163143,1.0,0.0,0.470873786408,156.0,0.757281553398,0.00865656733811,0.0051606459131,0.0154819377393,0.017479607125,0.0164807724322,0.000665889795239,0.00749126019644,0.824944629544,0.812034216281
124,piper95 12-03-95_train,1,2.4209549427,"vers, worship, fresh, christ, pleas, encourag, congreg, pray, godcent, uniti",0.0356484326982,0.00860479409957,1.0,0.0,0.428571428571,48.0,0.685714285714,0.0295021511985,0.00245851259988,0.00307314074985,0.00614628149969,0.0122925629994,0.0,0.00491702519975,0.725788155241,0.696327448264
125,transcript_galatians_2.html_test,1,10.143255949,"say, get, circumcis, vers, save, chapter, whi, gentil, christ, thing",0.0211086999408,0.0189386466759,1.0,0.0,0.450094161959,436.0,0.821092278719,0.0165713158414,0.0151903728546,0.0199250345236,0.0208127835865,0.0222923653581,0.0,0.0151903728546,0.676404550287,0.716142640471
126,Issue_1-TheEnemysWords_train,1,0.877228975296,"isi, syria, iraq, realiti, qaeda, safe, haven, borderland, sunni, “island",0.0101694915254,0.0135593220339,0.0,1.0,0.384615384615,5.0,0.384615384615,0.00338983050847,0.0,0.0,0.0,0.0,0.0,0.0169491525424,0.228247830725,0.580110853806
127,whats-love-got-to-do-with-it-steve-shepherd-sermon-on-christian-love-118439.asp_test,1,3.84519410133,"love, got, debt, rememb, pay, don, husband, prayer, get, ill",0.0494915254237,0.0206779661017,1.0,0.0,0.212698412698,192.0,0.609523809524,0.0176271186441,0.0250847457627,0.0216949152542,0.0122033898305,0.0277966101695,0.00779661016949,0.015593220339,0.642043745844,0.508893073168
128,ACLU05_train,1,1.78055691719,"mohamedou, prison, guantánamo, tortur, unlaw, mauritania, memoir, privaci, thrill, slahi",0.0309523809524,0.0297619047619,1.0,0.0,0.547619047619,34.0,0.809523809524,0.0261904761905,0.0,0.00595238095238,0.00119047619048,0.047619047619,0.00119047619048,0.00595238095238,0.692742252293,0.554392760686
129,12.html_test,1,1.37479496002,"radic, print, sent, worker, sheet, wander, dollar, rememb, donat, encycl",0.022641509434,0.011320754717,1.0,0.0,0.344827586207,17.0,0.586206896552,0.0132075471698,0.0,0.0,0.0207547169811,0.00566037735849,0.0,0.0188679245283,0.756500017079,0.571646121949
130,WestboroBaptist_Sermon_20150927.pdf_test,1,4.75166606903,"chariti, love, belov, cor, afflict, thing, sick, duti, unto, god",0.0418336673347,0.0250501002004,1.0,0.0,0.479381443299,143.0,0.737113402062,0.0265531062124,0.0117735470942,0.0197895791583,0.0162825651303,0.0142785571142,0.00125250501002,0.0135270541082,0.681391652184,0.680845542942
131,journal_1_2-11_train,1,2.45944309235,"conscious, teresa, baba, love, finer, soul, awaken, hidden, grave, dear",0.0278293135436,0.0241187384045,1.0,0.0,0.352941176471,54.0,0.794117647059,0.0,0.0,0.0105132962276,0.0179344465059,0.0296846011132,0.0364873222016,0.0117501546073,0.753725442675,0.55408240643
132,how-to-bless-america-steve-shepherd-sermon-on-independence-day-69779.asp_train,1,3.86172223091,"don, ill, bless, government, said, ask, attitud, want, mph, whi",0.0417189460477,0.0185069008783,1.0,0.0,0.126237623762,187.0,0.462871287129,0.0207026348808,0.017252195734,0.0228983688833,0.00752823086575,0.0100376411543,0.00752823086575,0.0131744040151,0.679465075339,0.508677204049
133,MalcolmX-TheBlackRevolution_test,1,4.87307620049,"negro, solv, socal, malcolm, sam, black, want, uncl, civilright, get",0.0209185993633,0.0163710777626,1.0,0.0,0.260330578512,154.0,0.636363636364,0.0118235561619,0.0161437016826,0.00591177808095,0.012278308322,0.0181900864029,0.00204638472033,0.012278308322,0.713376078978,0.68208128063
134,"2014-12-07 Is Hope Simply Wishful Thinking, Rev. Mark Belletini_train",1,5.50593900681,"hope, danc, sermon, jump, bad, morn, get, ask, hear, joy",0.0292850990525,0.0191645133506,1.0,0.0,0.291512915129,201.0,0.741697416974,0.0191645133506,0.0144272179156,0.0325150732127,0.015503875969,0.00172265288544,0.00172265288544,0.0152885443583,0.645615996076,0.617199416127
135,MalcolmX-LastAnswersAndInterviews_train,1,12.2447910309,"malcolm, get, answer, think, racism, say, feel, negro, racist, interview",0.0136371482824,0.022009321595,0.0,1.0,0.309033280507,486.0,0.770206022187,0.00871741757293,0.0184705679268,0.0243397203521,0.0182979457967,0.01648541343,0.00060417745555,0.0156223027792,0.667739486637,0.545841172708
136,piper85 pn850026_train,1,1.61628699303,"grace, god, welltim, christ, priest, let, know, lord, templ, tomorrow",0.0267094017094,0.0160256410256,1.0,0.0,0.204081632653,12.0,0.244897959184,0.0213675213675,0.025641025641,0.0106837606838,0.00213675213675,0.0192307692308,0.0,0.00320512820513,0.749259158789,0.639940519154
137,Issue_1-FromHijrahtoKhilafah_test,1,3.0041179657,"khilafah, allah, mujahidin, jihad, abu, apost, crusad, rahimahullah, jama'ah, tawaghit",0.0150279089738,0.0223271790468,0.0,1.0,0.512820512821,46.0,0.589743589744,0.000429368827823,0.00171747531129,0.000429368827823,0.0124516960069,0.0133104336625,0.0,0.0128810648347,0.717903082397,0.569448482935
138,piper92 09-27-92_train,1,3.2408118248,"christ, gentil, reconcil, jew, god, israel, coven, glori, promis, jesus",0.0179290157336,0.0135382363703,1.0,0.0,0.467625899281,82.0,0.589928057554,0.0160995243322,0.0175631174533,0.00658616904501,0.00731796560556,0.0204903036956,0.0,0.0032930845225,0.687032791375,0.843150970135
139,remembering-9-11-steve-shepherd-sermon-on-america-160100.asp_test,1,3.29093694687,"happen, evil, look, whi, want, perfect, devil, lord, sept, get",0.0233017377567,0.0410742496051,0.0,1.0,0.0931174089069,144.0,0.291497975709,0.022906793049,0.0177725118483,0.0181674565561,0.010663507109,0.0165876777251,0.00276461295419,0.00987361769352,0.635823795114,0.576861251879
140,651.html_train,1,1.49822306633,"sudden, ask, job, met, simm, knew, policeman, polic, household, obituari",0.0180921052632,0.0180921052632,0.0,1.0,0.411764705882,27.0,0.794117647059,0.00986842105263,0.0,0.00328947368421,0.00986842105263,0.0740131578947,0.0180921052632,0.00657894736842,0.806638049452,0.599278229852
141,YV05_train,1,2.55150294304,"want, yogavill, guidelin, get, smoke, whi, don't, anyth, benefit, here",0.0372272143774,0.0224646983312,1.0,0.0,0.335664335664,101.0,0.706293706294,0.0166880616175,0.0590500641849,0.0141206675225,0.0109114249037,0.0,0.0,0.0115532734275,0.695897684971,0.628187391097
142,188.html_train,1,1.88145184517,"christ, rememb, hope, unto, shall, worker, mighti, coffe, pull, fortif",0.0217391304348,0.0217391304348,0.0,1.0,0.415094339623,43.0,0.811320754717,0.0239130434783,0.0184782608696,0.00978260869565,0.00978260869565,0.0173913043478,0.0,0.0141304347826,0.784145921835,0.691311412199
143,ACLU12_test,1,1.52509689331,"snowden, pardon, disclosur, obama, surveil, editori, whistleblow, post, privaci, opinion",0.0427728613569,0.023598820059,1.0,0.0,0.48275862069,18.0,0.620689655172,0.0117994100295,0.0,0.00294985250737,0.00442477876106,0.0191740412979,0.0,0.00884955752212,0.714984851648,0.559694541007
144,journal.02.06.10_train,1,1.58174681664,"princess, matchabelli, meher, master, usa, baba, princ, spiritu, norina, miracl",0.0433566433566,0.00699300699301,1.0,0.0,0.555555555556,20.0,0.740740740741,0.0013986013986,0.0013986013986,0.0,0.0111888111888,0.0223776223776,0.020979020979,0.0041958041958,0.754621317974,0.713404162438
145,piper2k 3-5-00_train,1,2.90000510216,"timothi, scriptur, vers, exult, sacr, bibl, christ, persecut, say, stay",0.0343158820941,0.0118785745711,1.0,0.0,0.341463414634,92.0,0.560975609756,0.0189177298724,0.0250769907611,0.0101187857457,0.00923889133304,0.0118785745711,0.0,0.010558732952,0.640483658979,0.70970737575
146,214.html_train,1,2.05343413353,"worker, margaret, priest, morn, cathol, stanthoni, prayer, spoke, miracl, contempl",0.0296540362438,0.0107084019769,1.0,0.0,0.338983050847,44.0,0.745762711864,0.0131795716639,0.00247116968699,0.00988467874794,0.00494233937397,0.0304777594728,0.00658978583196,0.0107084019769,0.742470370224,0.574778575084
147,transcript_galatians_6.html_train,1,9.70208001137,"say, get, vers, reap, flesh, spirit, unto, salvat, bibl, chapter",0.0295628472586,0.0213858895062,1.0,0.0,0.409660107335,454.0,0.812164579606,0.0240067092987,0.0194988992557,0.0162490827131,0.0160394171297,0.0230632141734,0.0,0.0201278960059,0.64229909506,0.713922692808
148,"2005-07-10 Promoting Acceptance and Spiritual Growth, James Bailey.PDF_test",1,3.49260306358,"mystic, spiritu, accept, sunday, gay, radic, selfaccept, quilt, grandmoth, affirm",0.0192307692308,0.0134615384615,1.0,0.0,0.296774193548,118.0,0.761290322581,0.0192307692308,0.005,0.0457692307692,0.00346153846154,0.00961538461538,0.00846153846154,0.00807692307692,0.674659458834,0.546525072543
149,transcript_zechariah_5.html_train,1,10.4034440517,"babylon, say, whore, bibl, talk, woman, swear, unto, let, shall",0.02110514198,0.0199539524175,1.0,0.0,0.247644683715,511.0,0.687752355316,0.0145817344589,0.014773599386,0.0124712202609,0.0139102072141,0.00959324635457,0.00297390636992,0.0259017651573,0.734773459489,0.704500331057
150,"2006-04-09 Jesus, Rev. Mark Belletini.PDF_train",1,4.92410588264,"jesus, say, opinion, johnson, justic, ohio, pastor, seem, gospel, stake",0.02332433096,0.0203780996808,1.0,0.0,0.253787878788,152.0,0.575757575758,0.0127670022097,0.00515590473852,0.00883869383747,0.00613798183157,0.0235698502332,0.000982077093052,0.00736557819789,0.672665142589,0.584605724449
