,groupId,files,timeRun,keywords,perPos,perNeg,perPosDoc,perNegDoc,PSJudge,judgementCount,judgementFrac,nous,vous,je,ils,il,elle,le,UniqueWordCount,avgSD,avgEVC
0,YV02_test,1,1.32109117508,"yoga, ceremoni, eat, sleep, satchidananda, sake, don't, swami, spiritu, sri",0.0265780730897,0.00332225913621,1.0,0.0,0.611111111111,13.0,0.722222222222,0.00996677740864,0.0199335548173,0.0332225913621,0.0265780730897,0.0,0.0,0.00332225913621,0.514950166113,0.776246074994,0.579184715841
1,Unitarian145_train,1,5.44323301315,"experi, dont, let, theolog, els, hallway, tell, wrong, realli, too",0.0243632336656,0.0190476190476,1.0,0.0,0.203045685279,233.0,0.591370558376,0.0148394241417,0.0104097452935,0.0423034330011,0.00863787375415,0.00398671096346,0.00996677740864,0.0126245847176,0.2569213732,0.67772648463,0.514337817248
2,ACLU07_train,1,2.30922698975,"camp, polic, dakota, protector, morton, surveil, pipelin, sheriff, roadblock, vehicl",0.0102702702703,0.0151351351351,0.0,1.0,0.391304347826,27.0,0.391304347826,0.00216216216216,0.000540540540541,0.0,0.0113513513514,0.00108108108108,0.0,0.00594594594595,0.278918918919,0.581002381968,0.723923388205
3,SeaShepherds397_train,1,1.3044989109,"turtl, shepherd, save, gift, donat, pollut, jairo, campaign, amaz, threat",0.0376811594203,0.0231884057971,1.0,0.0,0.882352941176,15.0,0.882352941176,0.0463768115942,0.0231884057971,0.0,0.00579710144928,0.0,0.0,0.0,0.524637681159,0.675230108678,0.437062563421
4,JohnPiper413_test,1,3.70512294769,"love, homosexu, say, command, fulfil, scriptur, keep, god, greg, violat",0.0492113564669,0.0261829652997,1.0,0.0,0.494186046512,119.0,0.691860465116,0.0331230283912,0.00694006309148,0.00851735015773,0.011356466877,0.00883280757098,0.00410094637224,0.00946372239748,0.204416403785,0.723857113231,0.636675363489
5,Shepherd695_train,1,3.88789892197,"love, got, debt, rememb, pay, don, husband, prayer, get, ill",0.0494915254237,0.0206779661017,1.0,0.0,0.212698412698,192.0,0.609523809524,0.0176271186441,0.0250847457627,0.0216949152542,0.0122033898305,0.0277966101695,0.00779661016949,0.015593220339,0.27186440678,0.644710939762,0.508893073168
6,Unitarian006_train,1,0.778101921082,"tree, potter, unitarian, beatrix, lichen, mind, hound, lifemarri, farreach, imit",0.025641025641,0.021978021978,1.0,0.0,0.538461538462,9.0,0.692307692308,0.00732600732601,0.003663003663,0.025641025641,0.018315018315,0.0,0.018315018315,0.0,0.663003663004,0.00372387165265,0.537620456564
7,WBC107_train,1,3.4185731411,"sodomit, fag, mankind, gay, sin, idolatri, god, wit, pride, abomin",0.024907063197,0.0431226765799,0.0,1.0,0.292207792208,66.0,0.428571428571,0.000371747211896,0.000743494423792,0.00148698884758,0.0282527881041,0.0185873605948,0.00260223048327,0.0100371747212,0.286617100372,0.661063674587,0.570116153256
8,YV13_train,1,1.30891609192,"happi, want, get, stamp, unhappi, joy, got, say, can't, moment",0.0164705882353,0.00705882352941,1.0,0.0,0.578947368421,28.0,0.736842105263,0.00941176470588,0.0705882352941,0.00235294117647,0.00705882352941,0.0,0.0,0.0329411764706,0.407058823529,0.772954001764,0.553920281175
9,JohnPiper020_train,1,1.51746797562,"pastor, say, bibl, baptist, criswel, preacher, wisdom, know, anyth, hear",0.0272435897436,0.00801282051282,1.0,0.0,0.636363636364,30.0,0.909090909091,0.00801282051282,0.0192307692308,0.0512820512821,0.00320512820513,0.0192307692308,0.0,0.0128205128205,0.384615384615,0.716567923904,0.734986918699
10,DorothyDay412_train,1,1.59624290466,"loneli, worker, farm, quarrel, dispel, ward, appeal, erupt, prison, grace",0.0343878954608,0.0275103163686,1.0,0.0,0.333333333333,28.0,0.622222222222,0.0316368638239,0.00687757909216,0.0110041265475,0.00275103163686,0.0041265474553,0.0041265474553,0.0137551581843,0.44704264099,0.770833438881,0.469079468926
11,JohnPiper008_test,1,3.50046277046,"abort, babi, whi, excel, dark, deed, vers, let, christ, god",0.0317959468903,0.0359888190077,0.0,1.0,0.375722543353,108.0,0.624277456647,0.0317959468903,0.0132774283718,0.00559049615653,0.00698812019567,0.00873515024458,0.0,0.0083857442348,0.259958071279,0.674866065553,0.449454604013
12,AEU008_test,1,1.76319098473,"right, stand, violenc, harm, someon, ration, shop, wherev, perpetr, instanc",0.0533736153072,0.0151057401813,1.0,0.0,0.514285714286,24.0,0.685714285714,0.0211480362538,0.0221550855992,0.0,0.00805639476334,0.0,0.0,0.00704934541793,0.401812688822,0.784542133748,0.674291598416
13,Unitarian042_train,1,5.17794704437,"captain, hope, want, yes, say, geek, answer, know, simpl, niemojewski",0.030612244898,0.0204081632653,1.0,0.0,0.242857142857,199.0,0.710714285714,0.018820861678,0.0120181405896,0.024716553288,0.0233560090703,0.0122448979592,0.00204081632653,0.00839002267574,0.259863945578,0.709219768807,0.488417497442
14,ISIS004_train,1,4.3494348526,"allah, imamah, ibrahim, imam, millah, ibn, vers, alayhi, sallam, sallallahu",0.0168741355463,0.0190871369295,0.0,1.0,0.484615384615,109.0,0.838461538462,0.00802213001383,0.00580912863071,0.00442600276625,0.00940525587828,0.0326417704011,0.00387275242047,0.0213001383126,0.237067773167,0.781613949281,0.626859297299
15,ACLU04_test,1,1.76580405235,"cbp, fbi, assess, search, vulner, document, target, agenc, ask, question",0.00865384615385,0.0201923076923,0.0,1.0,0.4,17.0,0.425,0.00384615384615,0.00192307692308,0.0,0.0230769230769,0.0,0.0,0.00576923076923,0.381730769231,0.663645205193,0.442937413482
16,AEU010_test,1,2.3849029541,"shall, ethic, bind, moral, consecr, mere, desir, address, habit, constraint",0.0221962616822,0.018691588785,1.0,0.0,0.328571428571,41.0,0.585714285714,0.0116822429907,0.0,0.0035046728972,0.0134345794393,0.00408878504673,0.0,0.0221962616822,0.339953271028,0.731860623589,0.782806457289
17,WBC421_train,1,8.53173804283,"adulteri, divorc, let, husband, commit, flesh, marriag, unto, woman, shall",0.0158646218932,0.0228714965627,0.0,1.0,0.363076923077,240.0,0.738461538462,0.0121628767848,0.0171866737176,0.00872554204125,0.0134849286092,0.0198307773665,0.0107086197779,0.0173188789001,0.166842940243,0.682479712185,0.622868146773
18,ISIS006_test,1,2.00102806091,"allah, choic, bay'ah, deed, prophet, methodolog, rush, dabiq, prais, bid'ah",0.0145797598628,0.0231560891938,0.0,1.0,0.413043478261,36.0,0.782608695652,0.0,0.0180102915952,0.00171526586621,0.0180102915952,0.00514579759863,0.0,0.0128644939966,0.408233276158,0.719180245992,0.504817487793
19,Unitarian068_train,1,4.38417005539,"circl, senat, gay, episcop, hope, overlap, funni, venn, say, allard",0.0272263187748,0.0187180941577,1.0,0.0,0.230414746544,134.0,0.617511520737,0.0110606920023,0.00283607487238,0.0300623936472,0.010777084515,0.0144639818491,0.00340328984685,0.0116279069767,0.317923993193,0.670994414197,0.536925084448
20,Bahai02_test,1,1.51926994324,"prejudic, baha'i, abdu'lbaha, hath, racial, must, loud, cast, tragedi, everyon",0.0191256830601,0.0314207650273,0.0,1.0,0.333333333333,17.0,0.472222222222,0.0314207650273,0.0,0.00136612021858,0.0109289617486,0.00409836065574,0.0,0.00409836065574,0.450819672131,0.635837005754,0.482038080917
21,MalcolmX013_train,1,3.82764005661,"polic, harlem, nonviol, realiz, get, hategang, blood, oppressor, negro, malcolm",0.0123818833496,0.0234604105572,0.0,1.0,0.242937853107,128.0,0.723163841808,0.00879765395894,0.0153144346693,0.0215053763441,0.0260671228413,0.0149885956338,0.0,0.0159661127403,0.23981753014,0.714718980788,0.552851283806
22,MalcolmX006_train,1,6.38760209084,"malcolm, bernard, hall, alcolm, let, negro, think, say, get, expert",0.0184566707681,0.0123044471788,1.0,0.0,0.495356037152,258.0,0.798761609907,0.00457022323783,0.0355071190016,0.0344524521005,0.0105466690104,0.00931622429249,0.00123044471788,0.013183336263,0.175953594656,0.629382648699,0.656116850638
23,DorothyDay044_test,1,1.77420902252,"christ, rememb, hope, unto, shall, worker, mighti, coffe, pull, fortif",0.0217391304348,0.0217391304348,0.0,1.0,0.415094339623,43.0,0.811320754717,0.0239130434783,0.0184782608696,0.00978260869565,0.00978260869565,0.0173913043478,0.0,0.0141304347826,0.402173913043,0.784899671202,0.691311412199
24,WBC156_train,1,3.39732599258,"comfort, shall, unto, christ, afflict, suffer, god, lord, righteous, wit",0.041682036149,0.0276650682405,1.0,0.0,0.516666666667,74.0,0.616666666667,0.0154924382147,0.0173367760974,0.0243452600516,0.0129103651789,0.0250829952047,0.0,0.00959055699004,0.217263002582,0.667343855761,0.707358946425
25,SeaShepherds399_train,1,2.15203905106,"shepherd, net, illeg, whale, crew, gill, cut, happi, anyth, worri",0.0396119644301,0.018593371059,1.0,0.0,0.433333333333,53.0,0.883333333333,0.00970088924818,0.00323362974939,0.0299110751819,0.0210185933711,0.0,0.0,0.0121261115602,0.396928051738,0.711243268248,0.664894099941
26,JohnPiper250_train,1,2.76110482216,"womb, job, unborn, abort, god, innoc, shall, psalm, yuml, blood",0.0223234624146,0.0464692482916,0.0,1.0,0.353846153846,68.0,0.523076923077,0.00911161731207,0.00455580865604,0.0132118451025,0.00956719817768,0.0173120728929,0.0,0.0123006833713,0.272437357631,0.655034263485,0.535040143732
27,YV11_test,1,1.56500506401,"whi, lotus, love, don't, yogavill, want, should, tri, roof, religion",0.0368794326241,0.0156028368794,1.0,0.0,0.485294117647,44.0,0.647058823529,0.0326241134752,0.0198581560284,0.0212765957447,0.00992907801418,0.00141843971631,0.0,0.0156028368794,0.350354609929,0.719263714256,0.607443977816
28,JohnPiper564_test,1,3.18255114555,"reconcil, vers, save, wrath, god, shall, christ, enemi, rescu, justifi",0.0267489711934,0.022633744856,1.0,0.0,0.496551724138,117.0,0.806896551724,0.0411522633745,0.0238683127572,0.00329218106996,0.00246913580247,0.043621399177,0.0,0.00987654320988,0.17366255144,0.639998951607,0.646481448274
29,ACLU09_train,1,1.67300605774,"secreci, subpoena, gag, amend, signal, default, demand, too, juri, aclu",0.0152173913043,0.020652173913,0.0,1.0,0.40625,17.0,0.53125,0.00652173913043,0.00108695652174,0.0,0.00326086956522,0.0,0.0,0.0195652173913,0.401086956522,0.700058340377,0.607449832182
30,Bahai05_train,1,1.51643300056,"tree, realiti, better, baha'i, remedi, uniti, mankind, should, blossom, prophet",0.0438829787234,0.0398936170213,1.0,0.0,0.230769230769,18.0,0.461538461538,0.00265957446809,0.0,0.0,0.0119680851064,0.0,0.0,0.030585106383,0.42420212766,0.756525409129,0.604194929391
31,Shepherd726_test,1,3.32881999016,"adulteri, don, devil, fear, get, anger, friendship, satan, spiritu, want",0.0299760191847,0.0363709032774,0.0,1.0,0.194552529183,154.0,0.599221789883,0.0203836930456,0.0219824140687,0.0231814548361,0.0159872102318,0.0227817745803,0.00519584332534,0.00759392486011,0.262589928058,0.650162200342,0.489921290693
32,DorothyDay611_train,1,1.49587082863,"money, profit, tri, worker, sing, deem, forbad, matthew, insofar, duti",0.0206677265501,0.0143084260731,1.0,0.0,0.636363636364,18.0,0.818181818182,0.0683624801272,0.00635930047695,0.0,0.00476947535771,0.00158982511924,0.0,0.00794912559618,0.406995230525,0.817367897469,0.592524274517
33,Bahai09_train,1,1.59149003029,"baha'i, sex, equal, women, gender, baha'u'llah, talk, abdu'lbaha, woman, will",0.045,0.01125,1.0,0.0,0.454545454545,15.0,0.454545454545,0.00125,0.0,0.0,0.01375,0.0025,0.0025,0.005,0.3975,0.706244969424,0.642101917384
34,ISIS009_train,1,0.917570114136,"isi, iraqi, syria, iraq, floor, fallujah, truck, mccain, “num, omar",0.0271186440678,0.0237288135593,1.0,0.0,0.666666666667,6.0,0.666666666667,0.00338983050847,0.0,0.00338983050847,0.0135593220339,0.0101694915254,0.0,0.0,0.613559322034,0.245883165103,0.581083736449
35,WBC410_train,1,4.98236894608,"jezebel, christ, unto, sin, adulteri, thyatira, bed, woman, repent, fornic",0.0246132208158,0.0346929207689,0.0,1.0,0.44623655914,139.0,0.747311827957,0.00328176277543,0.00867323019222,0.0178152836381,0.0159399906235,0.0168776371308,0.0187529301453,0.00632911392405,0.201593999062,0.67004410605,0.626587560213
36,Shepherd459_train,1,3.26001095772,"happen, evil, look, whi, want, perfect, devil, lord, sept, get",0.0233017377567,0.0410742496051,0.0,1.0,0.0931174089069,144.0,0.291497975709,0.022906793049,0.0177725118483,0.0181674565561,0.010663507109,0.0165876777251,0.00276461295419,0.00987361769352,0.285545023697,0.636257175897,0.576861251879
37,ACLU03_train,1,1.90499687195,"flint, safe, poison, failur, elementari, ppb, done, drink, appoint, water",0.030303030303,0.0251082251082,1.0,0.0,0.285714285714,25.0,0.446428571429,0.0025974025974,0.004329004329,0.0,0.00952380952381,0.004329004329,0.0,0.0103896103896,0.399134199134,0.748426797958,0.47666167497
38,YV56_train,1,1.61644697189,"babi, surrend, ego, monkey, jump, kitten, let, want, happen, anyth",0.0155239327296,0.0155239327296,0.0,1.0,0.371428571429,51.0,0.728571428571,0.0,0.0620957309185,0.0297542043984,0.0025873221216,0.0012936610608,0.00646830530401,0.0297542043984,0.316946959897,0.727746017704,0.579253923145
39,YV08_train,1,3.10615301132,"yogavill, dedic, should, don't, joy, everyth, tree, whatev, feel, love",0.0296137339056,0.0068669527897,1.0,0.0,0.353773584906,158.0,0.745283018868,0.0210300429185,0.0450643776824,0.01330472103,0.0175965665236,0.00128755364807,0.00128755364807,0.0210300429185,0.20686695279,0.707992928831,0.565988363143
40,AEU005_train,1,1.23932385445,"pay, tri, violenc, stand, heard, demagogueri, hate, dreamer, outrag, you'r",0.0338983050847,0.0282485875706,1.0,0.0,0.625,13.0,0.8125,0.0423728813559,0.00847457627119,0.0282485875706,0.00282485875706,0.00282485875706,0.0,0.00282485875706,0.525423728814,0.766588150566,0.451907440824
41,DorothyDay081_train,1,3.70264196396,"worker, fergi, get, feast, too, kichi, soul, priest, kitchen, prayer",0.0224835696991,0.0300933932895,0.0,1.0,0.490909090909,99.0,0.9,0.020062262193,0.00345901072293,0.00968523002421,0.00657212037357,0.0276720857835,0.0231753718437,0.00657212037357,0.28502248357,0.690756728482,0.700691663263
42,YV06_train,1,2.55355620384,"sri, gurudev, swami, satchidananda, spirit, spiritu, messag, uniti, sadhu, doesn't",0.027289266222,0.00727713765919,1.0,0.0,0.352941176471,78.0,0.764705882353,0.0109157064888,0.0133414190418,0.0,0.00667070952092,0.0333535476046,0.00485142510612,0.0127349909036,0.347483323226,0.662232330521,0.689833712226
43,AEU014_train,1,1.29116201401,"polic, too, ferguson, danger, suspicion, uneven, enforc, incid, safeti, better",0.0223123732252,0.0344827586207,0.0,1.0,0.411764705882,10.0,0.588235294118,0.0385395537525,0.0,0.0,0.00405679513185,0.0,0.0,0.00202839756592,0.48275862069,0.817962383431,0.672188407279
44,JohnPiper503_train,1,2.91323709488,"coven, shepherd, god, vers, etern, grace, christ, pleas, want, glori",0.0310734463277,0.0193032015066,1.0,0.0,0.406504065041,81.0,0.658536585366,0.0235404896422,0.0287193973635,0.0112994350282,0.00141242937853,0.0338983050847,0.0,0.00706214689266,0.265536723164,0.637686314477,0.623267788082
45,Shepherd358_train,1,3.68849205971,"gps, lord, trust, happi, pray, husband, step, get, seek, prayer",0.0301783264746,0.0181755829904,1.0,0.0,0.240875912409,181.0,0.660583941606,0.0356652949246,0.0130315500686,0.0168038408779,0.00548696844993,0.031207133059,0.0161179698217,0.00891632373114,0.237654320988,0.670617725843,0.596822233112
46,AEU006_train,1,5.23837804794,"shall, comfort, evil, labor, hour, desir, convict, let, nor, mind",0.0392594244925,0.0276600490743,1.0,0.0,0.24043715847,145.0,0.792349726776,0.0256524648673,0.0118224403301,0.00156145438323,0.0124916350658,0.00803033682802,0.002007584207,0.016060673656,0.287084541602,0.753853519451,0.857435596946
47,ACLU01_train,1,1.62519598007,"tortur, prison, salim, “the, victim, dark, trauma, bensoud, client, psychologist",0.00826446280992,0.047225501771,0.0,1.0,0.439024390244,26.0,0.634146341463,0.0106257378985,0.00118063754427,0.00944510035419,0.00708382526564,0.0330578512397,0.0,0.00708382526564,0.456906729634,0.616646830096,0.433556171817
48,AEU013_train,1,1.27455496788,"flint, manag, safeti, discontinu, cost, detroit, fundament, health, water, guaranti",0.0231729055258,0.0267379679144,0.0,1.0,0.310344827586,13.0,0.448275862069,0.00713012477718,0.0,0.0017825311943,0.00713012477718,0.0,0.0,0.0160427807487,0.484848484848,0.5191638726,0.460333457438
49,WBC294_train,1,3.42291712761,"shall, unto, thou, comfort, thee, thi, beast, shalt, stone, bless",0.0323054331865,0.023127753304,1.0,0.0,0.489208633094,98.0,0.705035971223,0.0190895741557,0.0168869309838,0.041483113069,0.00807635829662,0.0179882525698,0.0,0.00881057268722,0.243024963289,0.671956258445,0.596112311274
50,PastorAnderson089_train,1,10.288230896,"say, get, circumcis, vers, save, chapter, whi, gentil, christ, thing",0.0211086999408,0.0189386466759,1.0,0.0,0.450094161959,436.0,0.821092278719,0.0165713158414,0.0151903728546,0.0199250345236,0.0208127835865,0.0222923653581,0.0,0.0151903728546,0.097849674492,0.677992093259,0.716142640471
51,DorothyDay258_train,1,1.35611009598,"bread, retreat, farm, tabl, tree, easton, babi, read, everyon, herb",0.0339558573854,0.0169779286927,1.0,0.0,0.392857142857,14.0,0.5,0.0237691001698,0.0,0.00169779286927,0.00509337860781,0.0,0.0,0.0101867572156,0.44142614601,0.754742286893,0.576023711084
52,JohnPiper559_train,1,3.56932997704,"doer, justifi, judgment, christ, vers, gospel, god, say, hypothet, sin",0.0322055953155,0.0198438516591,1.0,0.0,0.415584415584,96.0,0.623376623377,0.014313597918,0.00553025374105,0.0100845803513,0.0113858165257,0.0123617436565,0.000325309043591,0.0107351984385,0.18932986337,0.752321263082,0.649720303758
53,WBC324_train,1,2.85199594498,"inherit, unto, shall, thee, thi, lot, canaan, bless, abram, lord",0.0211688909342,0.00460193281178,1.0,0.0,0.520547945205,56.0,0.767123287671,0.0110446387483,0.00276115968707,0.0041417395306,0.0188679245283,0.0404970087437,0.000460193281178,0.0115048320295,0.2420616659,0.781146720155,0.46298702673
54,DorothyDay406_train,1,1.22410106659,"obedi, poverti, ave, maria, love, rosari, advent, tell, convers, scriptur",0.0509383378016,0.00536193029491,1.0,0.0,0.35,9.0,0.45,0.0214477211796,0.0,0.0,0.0,0.00268096514745,0.0160857908847,0.00268096514745,0.522788203753,0.769917394902,0.576540447136
55,MalcolmX003_train,1,6.35200285912,"malcolm, negro, uniti, cairo, get, african, confer, here, civilright, afroamerican",0.0244808374135,0.0238055039676,1.0,0.0,0.408510638298,156.0,0.663829787234,0.0194158365693,0.00928583488097,0.00928583488097,0.00877933479656,0.00236366706061,0.00135066689178,0.0111430018572,0.218301536384,0.722724913498,0.664602832219
56,SeaShepherds400_train,1,1.81996011734,"seaworld, hsus, orca, manbi, pacell, keiko, condemn, profit, will, dolphin",0.0275229357798,0.0336391437309,0.0,1.0,0.456140350877,34.0,0.59649122807,0.00407747196738,0.0,0.00407747196738,0.0346585117227,0.0112130479103,0.0,0.00917431192661,0.399592252803,0.677885387364,0.531921212903
57,SeaShepherds404_train,1,1.19560289383,"shepherd, pamela, anderson, seal, slaughter, babi, orca, whale, newfoundland, salmon",0.0155763239875,0.0155763239875,0.0,1.0,0.818181818182,10.0,0.909090909091,0.018691588785,0.0,0.00934579439252,0.0,0.0,0.0249221183801,0.00311526479751,0.510903426791,0.804138236921,0.609438581614
58,JohnPiper415_train,1,2.96354794502,"bless, vers, evil, insult, inherit, feel, say, grace, hope, futur",0.0522388059701,0.0171202809482,1.0,0.0,0.469565217391,87.0,0.75652173913,0.0377524143986,0.031167690957,0.00438981562774,0.00438981562774,0.0118525021949,0.0,0.00965759438104,0.208516242318,0.690548690856,0.607689427771
59,JohnPiper038_train,1,4.1128950119,"drink, jesus, thirst, let, feast, christ, bless, tast, fulfil, god",0.0269186712486,0.0194730813288,1.0,0.0,0.502673796791,152.0,0.812834224599,0.0398052691867,0.00630011454754,0.0128865979381,0.00601374570447,0.0292096219931,0.00028636884307,0.0151775486827,0.19959908362,0.738920911851,0.611053533494
60,Shepherd005_train,1,3.09466505051,"gospel, hell, say, jesus, preach, christ, knife, don, pleas, tri",0.0268980477223,0.0325379609544,0.0,1.0,0.282296650718,124.0,0.593301435407,0.00824295010846,0.0125813449024,0.0208242950108,0.00997830802603,0.0225596529284,0.00260303687636,0.0156182212581,0.281561822126,0.65435857378,0.586214587548
61,Unitarian096_train,1,3.49653887749,"mystic, spiritu, accept, sunday, gay, radic, selfaccept, quilt, grandmoth, affirm",0.0192307692308,0.0134615384615,1.0,0.0,0.296774193548,118.0,0.761290322581,0.0192307692308,0.005,0.0457692307692,0.00346153846154,0.00961538461538,0.00846153846154,0.00807692307692,0.315384615385,0.676204121322,0.546525072543
62,PastorAnderson072_test,1,3.55299806595,"yeshua, testament, jesus, say, whi, bibl, spoke, hebrew, fraud, okay",0.0220511025551,0.0122506125306,1.0,0.0,0.490566037736,122.0,0.767295597484,0.0154007700385,0.0185509275464,0.014000700035,0.0126006300315,0.0115505775289,0.00105005250263,0.0259012950648,0.173258662933,0.715600934115,0.622488228814
63,JohnPiper265_train,1,2.99904298782,"gospel, preach, fulfil, jesus, god, matthew, ministri, glori, isaiah, repent",0.0205106739221,0.0108832147342,1.0,0.0,0.483050847458,83.0,0.703389830508,0.0121389702805,0.00251151109251,0.00460443700293,0.00460443700293,0.0334868145668,0.0,0.00795311845961,0.191712013395,0.784054149999,0.834559504194
64,YV04_train,1,2.62602496147,"mind, yoga, calm, clean, whi, medit, want, don't, sutra, everyth",0.0382059800664,0.00830564784053,1.0,0.0,0.350993377483,102.0,0.675496688742,0.0227021040975,0.0581395348837,0.00221483942414,0.000553709856035,0.00166112956811,0.000553709856035,0.014950166113,0.259136212625,0.718555953258,0.714655700116
65,WBC201_train,1,3.63876986504,"paul, unto, jerusalem, shall, thou, thee, felix, festus, thing, agrippa",0.0192632646164,0.0192632646164,0.0,1.0,0.467741935484,87.0,0.701612903226,0.00777289624873,0.0070969922271,0.0307536329841,0.0104765123352,0.0287259209192,0.000337952010814,0.00371747211896,0.250422440014,0.668173552998,0.681644820493
66,DorothyDay001_test,1,1.3645658493,"radic, print, sent, worker, sheet, wander, dollar, rememb, donat, encycl",0.022641509434,0.011320754717,1.0,0.0,0.344827586207,17.0,0.586206896552,0.0132075471698,0.0,0.0,0.0207547169811,0.00566037735849,0.0,0.0188679245283,0.466037735849,0.754254066048,0.571646121949
67,MehrBaba032_train,1,1.75740194321,"plane, smell, sight, thread, cloth, mind, sound, answer, bliss, imagin",0.0142276422764,0.0233739837398,0.0,1.0,0.4375,25.0,0.520833333333,0.00609756097561,0.00406504065041,0.0030487804878,0.0010162601626,0.0020325203252,0.0,0.020325203252,0.363821138211,0.776361382577,0.693222052761
68,WBC422_train,1,6.69270300865,"faith, righteous, christ, thing, trial, unto, pardon, justif, hope, patienc",0.0550757699202,0.0159687143555,1.0,0.0,0.579136690647,230.0,0.827338129496,0.0415512465374,0.00831024930748,0.00765846504807,0.0107544402803,0.0182499592635,0.000325892129705,0.0192276356526,0.172071044484,0.703407337998,0.597818034326
69,Unitarian276_train,1,2.27419114113,"privileg, realli, joke, talk, felt, miss, thing, kid, crimin, ticket",0.0179597701149,0.0280172413793,0.0,1.0,0.472527472527,83.0,0.912087912088,0.00862068965517,0.0114942528736,0.0646551724138,0.0100574712644,0.010775862069,0.000718390804598,0.0172413793103,0.297413793103,0.706617564432,0.597191696742
70,MehrBaba005_train,1,2.41773986816,"baba, mad, ashram, perfect, spiritu, love, mind, inmat, divin, meherabad",0.0322580645161,0.0270737327189,1.0,0.0,0.349397590361,47.0,0.566265060241,0.00115207373272,0.00172811059908,0.000576036866359,0.00633640552995,0.00979262672811,0.0,0.0236175115207,0.360023041475,0.674664393646,0.540547716953
71,Unitarian270_train,1,5.41706609726,"hope, danc, sermon, jump, bad, morn, get, ask, hear, joy",0.0292850990525,0.0191645133506,1.0,0.0,0.291512915129,201.0,0.741697416974,0.0191645133506,0.0144272179156,0.0325150732127,0.015503875969,0.00172265288544,0.00172265288544,0.0152885443583,0.231481481481,0.643344773418,0.617199416127
72,JohnPiper031_train,1,2.39114904404,"fear, god, bethlehem, joy, christma, luke, sake, jesus, shall, rejoic",0.0260545905707,0.037841191067,0.0,1.0,0.428571428571,66.0,0.725274725275,0.0117866004963,0.0198511166253,0.0179900744417,0.00496277915633,0.0353598014888,0.000620347394541,0.0130272952854,0.295285359801,0.638223064543,0.612990412874
73,ISIS001_train,1,2.95857906342,"khilafah, allah, mujahidin, jihad, abu, apost, crusad, rahimahullah, jama'ah, tawaghit",0.0150279089738,0.0223271790468,0.0,1.0,0.512820512821,46.0,0.589743589744,0.000429368827823,0.00171747531129,0.000429368827823,0.0124516960069,0.0133104336625,0.0,0.0128810648347,0.324602833834,0.715974940936,0.569448482935
74,PastorAnderson160_train,1,11.0109930038,"bibl, vers, thi, get, say, know, talk, unto, thing, god",0.0336006109202,0.0148911798396,1.0,0.0,0.428571428571,656.0,0.794188861985,0.0136502481863,0.0318823978618,0.0314051164567,0.012313860252,0.0126002290951,9.54562810233e-05,0.0282550591829,0.105192821688,0.661990286958,0.608845613769
75,ISIS005_train,1,0.888168096542,"isi, syria, iraq, realiti, qaeda, safe, haven, borderland, sunni, “island",0.0101694915254,0.0135593220339,0.0,1.0,0.384615384615,5.0,0.384615384615,0.00338983050847,0.0,0.0,0.0,0.0,0.0,0.0169491525424,0.55593220339,0.228705065104,0.580110853806
76,AEU011_train,1,4.43790006638,"moral, creed, shall, ethic, know, sunday, worth, feel, chariti, get",0.034626719057,0.0147347740668,1.0,0.0,0.444444444444,97.0,0.673611111111,0.0196463654224,0.00073673870334,0.00270137524558,0.0103143418468,0.0110510805501,0.0,0.0174361493124,0.217583497053,0.747239834385,0.595774194166
77,SeaShepherds405_test,1,1.37359881401,"dog, galapago, shark, wildlif, cristob, shepherd, “sniffer, remark, agreement, knum",0.0112570356473,0.0187617260788,0.0,1.0,0.631578947368,12.0,0.631578947368,0.00187617260788,0.0,0.00375234521576,0.0225140712946,0.0,0.0,0.00562851782364,0.474671669794,0.712833172303,0.674479366693
78,ACLU10_test,1,1.91874194145,"prison, detent, dhs, ice, privat, justic, committe, reduc, cca, detaine",0.0136518771331,0.0358361774744,0.0,1.0,0.45652173913,22.0,0.478260869565,0.00511945392491,0.0,0.0,0.00682593856655,0.00341296928328,0.00170648464164,0.018771331058,0.389931740614,0.676423330191,0.732896514523
79,LiberalJudaism140_train,1,2.47217202187,"remind, rememb, yizkor, moment, mantl, don't, memori, humbl, forget, quiet",0.0266114725015,0.0124186871674,1.0,0.0,0.458333333333,64.0,0.888888888889,0.0638675340035,0.00887049083383,0.0260201064459,0.00887049083383,0.0106445890006,0.0,0.0130100532229,0.31105854524,0.674633168823,0.671586889278
80,Unitarian260_train,1,5.07888388634,"gun, rabbi, congreg, kaddish, ask, say, alphabet, dan, talk, too",0.0240109764464,0.0160073176309,1.0,0.0,0.254166666667,168.0,0.7,0.0187514292248,0.00617425108621,0.0338440429911,0.00983306654471,0.00891836268008,0.0036588154585,0.00686027898468,0.283329522067,0.647926528881,0.584276725375
81,YV07_test,1,1.97954487801,"heaven, let, everybodi, yogavill, yoga, happi, better, everyth, hurt, feel",0.0457746478873,0.0105633802817,1.0,0.0,0.381818181818,75.0,0.681818181818,0.0448943661972,0.0281690140845,0.00352112676056,0.00704225352113,0.00176056338028,0.000880281690141,0.0140845070423,0.279049295775,0.676785303847,0.542770124457
82,JohnPiper256_train,1,3.01908707619,"jesus, woman, sabbath, abraham, women, synagogu, want, say, husband, look",0.0288544358312,0.0159345391904,1.0,0.0,0.417218543046,106.0,0.701986754967,0.0142118863049,0.0193798449612,0.0021533161068,0.010766580534,0.0292850990525,0.0111972437554,0.0116279069767,0.226528854436,0.679393738543,0.566452437182
83,PastorAnderson093_train,1,9.70757889748,"say, get, vers, reap, flesh, spirit, unto, salvat, bibl, chapter",0.0295628472586,0.0213858895062,1.0,0.0,0.409660107335,454.0,0.812164579606,0.0240067092987,0.0194988992557,0.0162490827131,0.0160394171297,0.0230632141734,0.0,0.0201278960059,0.100534647238,0.637918205115,0.713922692808
84,DorothyDay142_train,1,2.10740208626,"smell, relief, walk, swim, hang, babi, stanley, garden, harlem, hot",0.0307062436029,0.028659160696,1.0,0.0,0.325581395349,29.0,0.674418604651,0.0112589559877,0.00204708290686,0.00614124872057,0.014329580348,0.00409416581372,0.0102354145343,0.00921187308086,0.430910951894,0.794030165819,0.710015848458
85,PastorAnderson155_train,1,11.0742030144,"wive, polygami, say, bibl, let, shall, vers, guy, whi, get",0.022934537246,0.0168848758465,1.0,0.0,0.389312977099,474.0,0.723664122137,0.00893905191874,0.0201354401806,0.0125507900677,0.0167042889391,0.0264559819413,0.00361173814898,0.0169751693002,0.0987810383747,0.693745046479,0.632897575987
86,SeaShepherds398_train,1,1.15960478783,"whale, contamin, pollut, microplast, ecosystem, toxicolog, shepherd, expedit, scientist, california",0.0245398773006,0.0122699386503,1.0,0.0,0.357142857143,8.0,0.571428571429,0.0306748466258,0.0,0.0,0.0,0.0,0.00306748466258,0.00613496932515,0.432515337423,0.805090455498,0.582645206635
87,ACLU11_test,1,1.41754317284,"voter, kobach, regist, vote, registr, judg, restrict, kansa, citizenship, add",0.00759013282732,0.0265654648956,0.0,1.0,0.588235294118,10.0,0.588235294118,0.0,0.0,0.0,0.0379506641366,0.011385199241,0.0,0.00189753320683,0.407969639469,0.629963129157,0.553391120255
88,ISIS008_test,1,3.87613606453,"allah, nūh, prophet, choic, punish, ark, flood, methodolog, save, da'wah",0.0124843945069,0.0246566791511,0.0,1.0,0.595744680851,73.0,0.776595744681,0.00936329588015,0.00905118601748,0.0043695380774,0.0159176029963,0.0149812734082,0.0,0.0121722846442,0.258114856429,0.708780614088,0.560929319252
89,Unitarian118_train,1,4.86418604851,"jesus, say, opinion, johnson, justic, ohio, pastor, seem, gospel, stake",0.02332433096,0.0203780996808,1.0,0.0,0.253787878788,152.0,0.575757575758,0.0127670022097,0.00515590473852,0.00883869383747,0.00613798183157,0.0235698502332,0.000982077093052,0.00736557819789,0.295359685735,0.672009285174,0.584605724449
90,DorothyDay070_test,1,2.03716206551,"worker, margaret, priest, morn, cathol, stanthoni, prayer, spoke, miracl, contempl",0.0296540362438,0.0107084019769,1.0,0.0,0.338983050847,44.0,0.745762711864,0.0131795716639,0.00247116968699,0.00988467874794,0.00494233937397,0.0304777594728,0.00658978583196,0.0107084019769,0.383031301483,0.736960877223,0.574778575084
91,MalcolmX008_test,1,2.62324500084,"nigeria, mecca, racism, malcolm, brotherhood, abroad, color, muslim, ghana, sincer",0.0205669816565,0.0166759310728,1.0,0.0,0.458333333333,51.0,0.708333333333,0.0105614230128,0.000555864369094,0.0322401334074,0.0111172873819,0.00667037242913,0.00111172873819,0.0100055586437,0.342968315731,0.744567482641,0.611114085611
92,YV10_train,1,1.85889005661,"mantra, gurudeva, mind, felt, get, know, dream, lesson, stop, husband",0.0203426124197,0.0182012847966,1.0,0.0,0.35632183908,77.0,0.885057471264,0.00321199143469,0.0117773019272,0.117773019272,0.00107066381156,0.0235546038544,0.0,0.0182012847966,0.379014989293,0.727895501315,0.64483544488
93,ACLU05_test,1,1.76426506042,"mohamedou, prison, guantánamo, tortur, unlaw, mauritania, memoir, privaci, thrill, slahi",0.0309523809524,0.0297619047619,1.0,0.0,0.547619047619,34.0,0.809523809524,0.0261904761905,0.0,0.00595238095238,0.00119047619048,0.047619047619,0.00119047619048,0.00595238095238,0.442857142857,0.688042540839,0.554392760686
94,MehrBaba058_train,1,2.00777411461,"wish, love, saint, let, thi, benevol, thee, thou, glori, noth",0.0575296108291,0.0143824027073,1.0,0.0,0.434210526316,54.0,0.710526315789,0.0228426395939,0.0,0.0126903553299,0.00169204737733,0.0431472081218,0.0,0.0186125211506,0.390862944162,0.654204947061,0.422827040055
95,DorothyDay383_train,1,1.5777490139,"love, prayer, reader, happi, worker, keep, think, appeal, confid, grace",0.0506155950752,0.0123119015048,1.0,0.0,0.477272727273,33.0,0.75,0.0424076607387,0.0232558139535,0.0246238030096,0.0123119015048,0.00683994528044,0.00136798905609,0.0123119015048,0.415868673051,0.73568641525,0.593020139762
96,JohnPiper104_test,1,3.74285888672,"corinthian, enslav, thing, drink, whi, say, conscienc, spirit, stomach, immor",0.0242326332795,0.0142164781906,1.0,0.0,0.292237442922,157.0,0.716894977169,0.0132471728595,0.0222940226171,0.0168012924071,0.00743134087237,0.0210016155089,0.00032310177706,0.0158319870759,0.196445880452,0.692821531452,0.66117322778
97,JohnPiper572_test,1,2.8590760231,"condemn, christ, sinner, guilti, righteous, jesus, answer, god, judg, vers",0.0368709516692,0.0333831589437,1.0,0.0,0.402777777778,83.0,0.576388888889,0.0264075734928,0.0114598903837,0.0224215246637,0.000996512207275,0.02192326856,0.0,0.0119581464873,0.301943198804,0.608610952168,0.528360248967
98,SeaShepherds406_train,1,2.04201006889,"whale, shepherd, whaler, save, japanes, injunct, quota, japan, illeg, vessel",0.0123171670516,0.0246343341032,0.0,1.0,0.424242424242,32.0,0.484848484848,0.0230946882217,0.00153964588145,0.00230946882217,0.0238645111624,0.0,0.0,0.00769822940724,0.309468822171,0.691976533375,0.747693114453
99,LiberalJudaism059_train,1,1.95458722115,"isra, jewish, jew, judaism, diaspora, israel, anxieti, fear, hanukkah, ident",0.019248395967,0.012832263978,1.0,0.0,0.617021276596,36.0,0.765957446809,0.0146654445463,0.00274977085243,0.00458295142071,0.0164986251146,0.00183318056829,0.0,0.0137488542621,0.391384051329,0.751996440633,0.620207475279
100,LiberalJudaism066_train,1,1.95111107826,"israel, messag, thank, isra, knesset, synagogu, judaism, serious, avenu, rabbin",0.0272804774084,0.0213128729753,1.0,0.0,0.561403508772,43.0,0.754385964912,0.0443307757886,0.0179028132992,0.0119352088662,0.00341005967604,0.000852514919011,0.00170502983802,0.00596760443308,0.356351236147,0.665947322193,0.61433803989
101,ISIS003_train,1,1.73499202728,"allah, camp, amirulmu'minin, muslim, everywher, ummah, khilafah, whoever, muhammad, abu",0.0363636363636,0.025,1.0,0.0,0.279069767442,21.0,0.488372093023,0.00227272727273,0.00681818181818,0.0,0.0227272727273,0.0113636363636,0.0,0.00795454545455,0.409090909091,0.784285091592,0.728928800845
102,YV43_train,1,1.25906896591,"sutra, tool, breath, everyday, inum, habitu, commentari, restraint, habit, practic",0.00737100737101,0.00737100737101,0.0,1.0,0.608695652174,15.0,0.652173913043,0.044226044226,0.0,0.004914004914,0.0,0.004914004914,0.0,0.014742014742,0.5085995086,0.671252667438,0.424220076211
103,DorothyDay147_train,1,1.30340003967,"liturg, pray, prayer, christ, liturgi, mystic, laiti, injustic, campion, complin",0.00686498855835,0.0183066361556,0.0,1.0,0.51724137931,20.0,0.689655172414,0.0800915331808,0.00228832951945,0.00228832951945,0.00228832951945,0.0045766590389,0.00228832951945,0.0137299771167,0.418764302059,0.772403803284,0.587619690619
104,ISIS007_train,1,1.07083201408,"sat, wait, disobey, allah, path, alayhi, ahmad, jihad, hijrah, forefath",0.00469483568075,0.0422535211268,0.0,1.0,0.636363636364,7.0,0.636363636364,0.0,0.0422535211268,0.0,0.0093896713615,0.0657276995305,0.0,0.0093896713615,0.469483568075,0.862545394889,0.619622503093
105,YV27_train,1,1.47995305061,"selfish, karma, mind, yoga, feel, must, fruit, motiv, viewpoint, jnana",0.0546021840874,0.0296411856474,1.0,0.0,0.32,25.0,0.5,0.0,0.0202808112324,0.0015600624025,0.00624024960998,0.0312012480499,0.0,0.00780031201248,0.455538221529,0.706635266564,0.618484538874
106,ISIS011_test,1,6.73378896713,"allah, mubāhalah, ibn, jawlānī, messeng, kufr, curs, front, prophet, creed",0.0178601803028,0.0255145432897,0.0,1.0,0.463963963964,170.0,0.765765765766,0.00323184215003,0.00731416907637,0.00357203606055,0.0221126041844,0.0335091001871,0.0,0.0105460112264,0.235414186086,0.681574701915,0.601465940419
107,WBC228_train,1,3.36709094048,"christ, unto, adversari, phil, baptist, satan, noth, salvat, dragon, shall",0.0306839186691,0.0177449168207,1.0,0.0,0.338461538462,64.0,0.492307692308,0.0203327171904,0.0166358595194,0.0129390018484,0.00850277264325,0.0121996303142,0.0,0.00406654343808,0.254343807763,0.709662986506,0.56885523082
108,LiberalJudaism117_train,1,2.07203602791,"know, basebal, adam, ourselv, cub, pick, sukkot, marlin, greenberg, goe",0.0271604938272,0.0205761316872,1.0,0.0,0.396551724138,49.0,0.844827586207,0.0337448559671,0.0238683127572,0.0263374485597,0.00164609053498,0.00987654320988,0.0,0.0197530864198,0.374485596708,0.69516134424,0.629901370921
109,JohnPiper077_train,1,4.90405797958,"sing, jehoshaphat, judah, vers, lord, god, satan, worship, thi, prais",0.0246626337832,0.0228013029316,1.0,0.0,0.472573839662,187.0,0.789029535865,0.0216379711494,0.0169846440205,0.00814332247557,0.0221033038623,0.0169846440205,0.00279199627734,0.00697999069335,0.193345742206,0.684842073272,0.719528746324
110,AEU012_test,1,1.58604502678,"treat, ethic, nonverb, communic, emphas, compass, skill, workshop, relationship, love",0.0526315789474,0.0144736842105,1.0,0.0,0.486486486486,22.0,0.594594594595,0.0381578947368,0.00657894736842,0.0,0.00131578947368,0.0,0.0,0.00394736842105,0.406578947368,0.634460738678,0.58682993965
111,ACLU12_train,1,1.56423807144,"snowden, pardon, disclosur, obama, surveil, editori, whistleblow, post, privaci, opinion",0.0427728613569,0.023598820059,1.0,0.0,0.48275862069,18.0,0.620689655172,0.0117994100295,0.0,0.00294985250737,0.00442477876106,0.0191740412979,0.0,0.00884955752212,0.541297935103,0.716380390077,0.559694541007
112,MehrBaba097_train,1,1.70365190506,"suffer, mind, happi, bliss, ignor, soul, godhood, baba, want, knowledg",0.023199023199,0.0720390720391,0.0,1.0,0.616666666667,40.0,0.666666666667,0.004884004884,0.041514041514,0.001221001221,0.00854700854701,0.014652014652,0.0,0.01221001221,0.306471306471,0.664199629522,0.590964987464
113,YV49_train,1,1.43304109573,"yoga, hatha, relax, don't, calm, vehicl, will, seren, breath, bodili",0.0275387263339,0.0120481927711,1.0,0.0,0.393939393939,20.0,0.606060606061,0.0327022375215,0.0172117039587,0.0,0.00344234079174,0.0,0.0,0.0103270223752,0.413080895009,0.740391023546,0.731128011787
114,SeaShepherds403_train,1,1.38806295395,"greenpeac, seal, fur, whale, endors, sealer, brutal, risk, betray, revel",0.0232108317215,0.0522243713733,0.0,1.0,0.592592592593,17.0,0.62962962963,0.0116054158607,0.00193423597679,0.0251450676983,0.0232108317215,0.0,0.0,0.00193423597679,0.489361702128,0.714665997893,0.592919761689
115,DorothyDay678_train,1,1.6397330761,"ask, stay, worker, destitut, say, want, pleas, bad, elia, servant",0.0217096336499,0.033921302578,0.0,1.0,0.45,32.0,0.8,0.0325644504749,0.0149253731343,0.00814111261872,0.0149253731343,0.0298507462687,0.00407055630936,0.0122116689281,0.415196743555,0.752902597062,0.572785285577
116,SeaShepherds396_train,1,1.31843400002,"vaquita, shepherd, gift, illeg, marin, save, porpois, whale, countless, gill",0.020325203252,0.0182926829268,1.0,0.0,0.35,13.0,0.65,0.020325203252,0.0121951219512,0.0020325203252,0.0,0.0,0.0,0.0020325203252,0.359756097561,0.740205033815,0.588484581691
117,DorothyDay666_train,1,1.54945111275,"christ, poverti, too, face, destitut, hope, talk, want, poor, seem",0.023709902371,0.0264993026499,0.0,1.0,0.484848484848,26.0,0.787878787879,0.0334728033473,0.0111576011158,0.0125523012552,0.00836820083682,0.00697350069735,0.00418410041841,0.0153417015342,0.42119944212,0.766592801287,0.566823402235
118,ACLU08_train,1,1.6435520649,"tortur, jessen, mitchel, cia, rizzo, rodriguez, detaine, attorney, prison, judg",0.0102774922919,0.0195272353546,0.0,1.0,0.324324324324,13.0,0.351351351351,0.00308324768756,0.0,0.00102774922919,0.0123329907503,0.00308324768756,0.0,0.00411099691675,0.416238437821,0.695137495214,0.659466953895
119,Bahai06_train,1,1.48445701599,"baha'i, truth, faith, contrari, ignor, abdu'lbaha, ration, superstit, realiti, reason",0.0404191616766,0.00748502994012,1.0,0.0,0.324324324324,17.0,0.459459459459,0.00898203592814,0.0,0.0,0.0134730538922,0.00149700598802,0.0,0.0059880239521,0.425149700599,0.712892301278,0.602026720681
120,YV01_train,1,1.21950101852,"sannyasin, yoga, sannya, renounc, sri, satchidananda, monk, dress, “the, ceremoni",0.00547945205479,0.00821917808219,0.0,1.0,0.409090909091,13.0,0.590909090909,0.0027397260274,0.0,0.0,0.0328767123288,0.0109589041096,0.00547945205479,0.0027397260274,0.52602739726,0.740294213294,0.502723161424
121,Shepherd404_train,1,3.77660393715,"want, christ, don, overcom, get, pain, ill, car, said, say",0.0274071402813,0.023079697079,1.0,0.0,0.293388429752,146.0,0.603305785124,0.0274071402813,0.0180310133429,0.0223584565453,0.00576992426974,0.0144248106744,0.0079336458709,0.00901550667147,0.264334655608,0.644333885897,0.506494561511
122,SeaShepherds402_train,1,1.32040691376,"net, totoaba, illeg, gear, farley, weather, endang, mowat, find, fish",0.0282828282828,0.030303030303,0.0,1.0,0.541666666667,14.0,0.583333333333,0.0323232323232,0.0,0.0,0.00606060606061,0.0,0.0,0.00606060606061,0.436363636364,0.793250105156,0.801489295722
123,AEU003_train,1,1.22565603256,"hate, brussel, tragedi, muslim, refuge, wake, violenc, attack, media, faith",0.0231213872832,0.0549132947977,0.0,1.0,0.666666666667,8.0,0.666666666667,0.0375722543353,0.0,0.0,0.00578034682081,0.0,0.0,0.0115606936416,0.514450867052,0.748014912994,0.522825838091
124,MalcolmX011_test,1,10.0120961666,"get, let, negro, bullet, got, ballot, segreg, malcolm, whi, civilright",0.0184800664452,0.0144310631229,1.0,0.0,0.265342960289,435.0,0.785198555957,0.0192068106312,0.03176910299,0.0129775747508,0.0140157807309,0.015988372093,0.00103820598007,0.0179609634551,0.147113787375,0.689501885785,0.681160395609
125,JohnPiper459_train,1,2.45523190498,"vers, worship, fresh, christ, pleas, encourag, congreg, pray, godcent, uniti",0.0356484326982,0.00860479409957,1.0,0.0,0.428571428571,48.0,0.685714285714,0.0295021511985,0.00245851259988,0.00307314074985,0.00614628149969,0.0122925629994,0.0,0.00491702519975,0.330669944683,0.72425748016,0.696327448264
126,LiberalJudaism109_train,1,2.15060400963,"yizkor, moment, passov, judgment, memori, reconstruct, imagin, recal, ask, festiv",0.0188964474679,0.0128495842782,1.0,0.0,0.452830188679,44.0,0.830188679245,0.0468631897203,0.00755857898715,0.00831443688587,0.0098261526833,0.00302343159486,0.00226757369615,0.010582010582,0.345427059713,0.716788918987,0.761599955653
127,MalcolmX009_test,1,6.71361494064,"negro, got, get, let, talk, tom, master, know, say, malcolm",0.0166527893422,0.0214820982515,0.0,1.0,0.304136253041,314.0,0.76399026764,0.0121565362198,0.034304746045,0.0108243130724,0.0274771024147,0.0158201498751,0.00116569525396,0.0184845961699,0.186511240633,0.71470862223,0.54987988973
128,DorothyDay056_train,1,0.764080047607,"convers, address, noth, communist, talk, strang, sure, profess, opium, whi",0.0181818181818,0.0181818181818,0.0,1.0,0.478260869565,18.0,0.782608695652,0.0025974025974,0.0103896103896,0.0,0.0025974025974,0.0,0.0467532467532,0.0285714285714,0.477922077922,-0.287451534518,0.598822570499
129,YV09_test,1,2.74572896957,"gurudev, sri, yoga, peac, negat, woodstock, want, path, swami, messag",0.0358767054068,0.0101061141991,1.0,0.0,0.277777777778,74.0,0.685185185185,0.00859019706923,0.0101061141991,0.00656897422941,0.00960080848914,0.0267812026276,0.00202122283982,0.00909550277918,0.309752400202,0.715521802821,0.634385752343
130,ACLU02_train,1,1.52916312218,"fisc, opinion, surveil, usa, yahoo, secret, aclu, hidden, refus, address",0.0263591433278,0.00164744645799,1.0,0.0,0.8125,14.0,0.875,0.00494233937397,0.00164744645799,0.0,0.00823723228995,0.0,0.0,0.0197693574959,0.431630971993,0.747548821057,0.526031851325
131,SeaShepherds409_test,1,1.27024698257,"vessel, thunder, poacher, crew, chase, gear, endur, illeg, monday, rescu",0.0356234096692,0.030534351145,1.0,0.0,0.47619047619,17.0,0.809523809524,0.0814249363868,0.00508905852417,0.0,0.0101781170483,0.0,0.0152671755725,0.00254452926209,0.470737913486,0.817313191561,0.647116918527
132,LiberalJudaism115_train,1,2.3419418335,"mose, aaron, priest, frymerkenski, cult, torah, israelit, “the, week, god",0.0241879751209,0.0131306150657,1.0,0.0,0.507936507937,50.0,0.793650793651,0.0200414651002,0.00552868002764,0.0062197650311,0.00829302004147,0.0214236351071,0.00138217000691,0.0131306150657,0.371803731859,0.75053278165,0.562846771394
133,Bahai03_test,1,1.58540201187,"baha'i, matur, baha'u'llah, must, nay, mankind, uniti, heal, sick, abdu'lbaha",0.0208877284595,0.0130548302872,1.0,0.0,0.409090909091,24.0,0.545454545455,0.0221932114883,0.00391644908616,0.0,0.00783289817232,0.0117493472585,0.0,0.0104438642298,0.39817232376,0.766217559786,0.641916478328
134,YV59_train,1,1.54943203926,"devot, god, let, infinit, attach, belov, faith, love, someth, care",0.0349206349206,0.0174603174603,1.0,0.0,0.538461538462,42.0,0.807692307692,0.0746031746032,0.00793650793651,0.00952380952381,0.0015873015873,0.0,0.00634920634921,0.0301587301587,0.4,0.708659759338,0.640522076448
135,PastorAnderson144_train,1,10.0001900196,"say, redeem, bottl, cast, redempt, bad, get, bibl, gather, don",0.0317131308944,0.0219711887242,1.0,0.0,0.120555555556,713.0,0.396111111111,0.0355477251529,0.0148201886206,0.00953466680485,0.0175147683698,0.0235257539641,0.000829101461291,0.0196911597057,0.092755725982,0.684515542868,0.602631347932
136,DorothyDay497_train,1,1.48169589043,"sudden, ask, job, met, simm, knew, policeman, polic, household, obituari",0.0180921052632,0.0180921052632,0.0,1.0,0.411764705882,27.0,0.794117647059,0.00986842105263,0.0,0.00328947368421,0.00986842105263,0.0740131578947,0.0180921052632,0.00657894736842,0.427631578947,0.808914981319,0.599278229852
137,SeaShepherds401_train,1,1.38119888306,"dolphin, captiv, tank, sorri, orca, shepherd, endur, taiji, sought, concret",0.00904977375566,0.0633484162896,0.0,1.0,0.68,24.0,0.96,0.00452488687783,0.0633484162896,0.0180995475113,0.00904977375566,0.0,0.0,0.0,0.423076923077,0.714471059183,0.641319399862
138,SeaShepherds407_test,1,2.52714800835,"costa, rican, coco, illeg, shepherd, arrest, vessel, guatemalan, charg, rica",0.0115321252059,0.0219659527732,0.0,1.0,0.44578313253,56.0,0.674698795181,0.0175727622186,0.0,0.0236133992312,0.0126304228446,0.00054914881933,0.0,0.00604063701263,0.275672707304,0.690422164793,0.628273480924
139,DorothyDay399_train,1,1.63090610504,"bill, gauchat, peter, merci, maurin, talk, worker, vietnam, fruit, ladi",0.0338294993234,0.021650879567,1.0,0.0,0.514285714286,30.0,0.857142857143,0.0189445196211,0.0,0.00811907983762,0.0148849797023,0.021650879567,0.00270635994587,0.00811907983762,0.427604871448,0.813329326417,0.824332313968
140,LiberalJudaism138_test,1,2.39584517479,"torah, yizkor, simhat, sol, shavuot, recal, breath, holiday, remind, abe",0.0151415404872,0.0118499012508,1.0,0.0,0.535211267606,58.0,0.816901408451,0.0513495720869,0.00394996708361,0.00394996708361,0.00987491770902,0.00987491770902,0.0,0.0151415404872,0.318630678078,0.694673944097,0.636000368556
141,DorothyDay565_test,1,1.50933098793,"worker, maurin, unemploy, better, peter, remedi, anarchist, subsidiar, emphasi, labor",0.0312907431551,0.0104302477184,1.0,0.0,0.366666666667,19.0,0.633333333333,0.0234680573664,0.0,0.0,0.0,0.026075619296,0.0,0.00651890482399,0.401564537158,0.75795087212,0.611446144453
142,PastorAnderson018_train,1,13.8136429787,"tongu, say, know, okay, talk, don, vers, let, want, speak",0.0218892316733,0.00866754811224,1.0,0.0,0.162095783872,935.0,0.382726156365,0.0124136917879,0.0216688702806,0.0218157778757,0.0210077861025,0.0126340531805,0.000293815190245,0.0191714411635,0.0797708241516,0.717660981739,0.843145017593
143,MehrBaba074_train,1,3.5989279747,"sanskara, desir, mind, renunci, extern, conscious, unwind, negat, penanc, wear",0.026579111945,0.0234521575985,1.0,0.0,0.347222222222,84.0,0.583333333333,0.0,0.000625390869293,0.00156347717323,0.010631644778,0.0100062539087,0.0,0.0250156347717,0.245153220763,0.714143326076,0.620184762647
144,Bahai04_train,1,1.66259288788,"baha'i, baha'u'llah, mediat, mose, prophet, heaven, divin, manifest, zoroast, realiti",0.034749034749,0.00900900900901,1.0,0.0,0.441176470588,20.0,0.588235294118,0.010296010296,0.0,0.0,0.019305019305,0.00900900900901,0.0,0.00772200772201,0.384813384813,0.719092453381,0.566947097865
145,Bahai07_test,1,1.65755295753,"babel, tower, auxiliari, baha'i, tongu, abdu'lbaha, will, solv, encourag, tribal",0.0142671854734,0.0168612191958,0.0,1.0,0.37037037037,13.0,0.481481481481,0.00259403372244,0.00129701686122,0.0,0.00389105058366,0.0,0.0,0.0103761348898,0.428015564202,0.759232284938,0.651408441775
146,Bahai08_train,1,1.45179605484,"baha'i, prophet, abdu'lbaha, baha'u'llah, educ, baha'iinspir, perfect, address, everyon, wellb",0.024531024531,0.012987012987,1.0,0.0,0.392857142857,12.0,0.428571428571,0.00577200577201,0.001443001443,0.0,0.010101010101,0.001443001443,0.0,0.00577200577201,0.430014430014,0.842745060674,0.811985400377
147,ISIS012_train,1,2.46137309074,"foley, prison, obama, messag, wright, iraq, jame, crusad, wish, solut",0.0123376623377,0.0350649350649,0.0,1.0,0.47619047619,56.0,0.888888888889,0.0136363636364,0.00779220779221,0.0285714285714,0.0136363636364,0.0194805194805,0.0,0.00584415584416,0.353896103896,0.724510784983,0.704713871958
148,WBC418_train,1,5.01568007469,"revel, candlestick, shall, elder, unto, christ, throne, garden, vision, heaven",0.0347616965457,0.0122431132488,1.0,0.0,0.448051948052,106.0,0.688311688312,0.0120244862265,0.002186270223,0.0100568430258,0.008745080892,0.008745080892,0.0015303891561,0.0080891998251,0.209444687363,0.695777618957,0.647542190477
149,DorothyDay189_train,1,2.42851305008,"get, worker, strike, bridg, dinner, sock, christma, thing, meet, paper",0.0231809401159,0.0218931101095,1.0,0.0,0.540540540541,66.0,0.891891891892,0.0302640051513,0.0186735350934,0.00965872504829,0.0148100450741,0.0212491951062,0.00193174500966,0.00579523502898,0.349645846748,0.775999979574,0.504995744916
150,ACLU06_train,1,1.79253196716,"geofeedia, user, twitter, instagram, facebook, enforc, surveil, monitor, data, agreement",0.0212150433944,0.0183220829315,1.0,0.0,0.4,23.0,0.511111111111,0.0154291224687,0.0,0.0,0.00771456123433,0.000964320154291,0.0,0.00867888138862,0.338476374156,0.641998747955,0.494121722952
151,MalcolmX001_train,1,2.54879903793,"malcolm, negro, mosqu, solut, muhammad, inc, muslim, statement, too, ourselv",0.00901984365604,0.0204449789537,0.0,1.0,0.341463414634,67.0,0.817073170732,0.0306674684305,0.0,0.0204449789537,0.0108238123873,0.0204449789537,0.0,0.00781719783524,0.341551413109,0.706948861131,0.625664061524
152,MalcolmX007_test,1,12.3337509632,"malcolm, get, answer, think, racism, say, feel, negro, racist, interview",0.0136371482824,0.022009321595,0.0,1.0,0.309033280507,486.0,0.770206022187,0.00871741757293,0.0184705679268,0.0243397203521,0.0182979457967,0.01648541343,0.00060417745555,0.0156223027792,0.153115829449,0.666881275322,0.545841172708
153,MehrBaba228_test,1,2.64938998222,"shri, baba, love, perfect, meher, divin, worri, say, master, want",0.0495594713656,0.0165198237885,1.0,0.0,0.364705882353,49.0,0.576470588235,0.00605726872247,0.00991189427313,0.00825991189427,0.00715859030837,0.0214757709251,0.00165198237885,0.0104625550661,0.327643171806,0.625773866512,0.589994850904
154,JohnPiper018_test,1,2.94631695747,"timothi, scriptur, vers, exult, sacr, bibl, christ, persecut, say, stay",0.0343158820941,0.0118785745711,1.0,0.0,0.341463414634,92.0,0.560975609756,0.0189177298724,0.0250769907611,0.0101187857457,0.00923889133304,0.0118785745711,0.0,0.010558732952,0.199736031676,0.638042848536,0.70970737575
155,WBC265_train,1,3.72474813461,"parker, baptist, elder, texa, primit, congreg, pilgrim, pastor, cynthia, predestin",0.0214947089947,0.0165343915344,1.0,0.0,0.291139240506,97.0,0.613924050633,0.00165343915344,0.000992063492063,0.00529100529101,0.0185185185185,0.0214947089947,0.00628306878307,0.0082671957672,0.30753968254,0.692835640849,0.534129863979
156,JohnPiper032_test,1,2.64058804512,"thief, jesus, save, penit, paradis, wrong, fear, god, say, thiev",0.0258342303552,0.037674919268,0.0,1.0,0.487179487179,85.0,0.726495726496,0.018837459634,0.0139935414424,0.0139935414424,0.00861141011841,0.034983853606,0.0,0.00914962325081,0.270182992465,0.674451391562,0.713595475237
157,WBC347_test,1,5.06752705574,"unto, sodom, evil, abram, enemi, bless, thine, hate, pray, gill",0.0358102059087,0.0241718889884,1.0,0.0,0.367021276596,140.0,0.744680851064,0.0120859444942,0.0136526410027,0.00872873769024,0.0279767233662,0.0340196956132,0.000223813786929,0.00738585496867,0.213965980304,0.677444453639,0.52473394783
158,YV39_test,1,1.26101994514,"yoga, happi, whi, want, purpos, seem, goe, mosqu, templ, money",0.00275482093664,0.0,1.0,0.0,0.52,15.0,0.6,0.0330578512397,0.0,0.0,0.00826446280992,0.00550964187328,0.0,0.00550964187328,0.438016528926,0.809924324562,0.64926226353
159,YV19_train,1,1.32919597626,"mind, mirror, realiz, fine, seren, distort, calm, eas, know, scriptur",0.0356294536817,0.0308788598575,1.0,0.0,0.540540540541,30.0,0.810810810811,0.0332541567696,0.0712589073634,0.00237529691211,0.00237529691211,0.00475059382423,0.0,0.0118764845606,0.396674584323,0.737135944334,0.490307890179
160,SeaShepherds408_train,1,2.58689594269,"whale, seal, “human, “sustain, harvest, slaughter, club, eat, “conserv, fish",0.0180754917597,0.0425305688464,0.0,1.0,0.311926605505,65.0,0.596330275229,0.0154173312068,0.00478468899522,0.00744284954811,0.0127591706539,0.000531632110579,0.000531632110579,0.016480595428,0.325358851675,0.693159263784,0.507854515709
161,Shepherd224_train,1,3.45192790031,"bad, fire, evil, brandon, want, put, need, good, preacher, lit",0.0278824415976,0.0388093443858,0.0,1.0,0.18152866242,147.0,0.468152866242,0.035418236624,0.00640542577242,0.0211002260739,0.00753579502638,0.0128108515448,0.00263752825923,0.00979653353429,0.27995478523,0.649052081264,0.471404768228
162,PastorAnderson119_train,1,9.71643710136,"unto, jesus, revel, shall, say, vers, chapter, christ, bibl, look",0.0288653301144,0.0203631783353,1.0,0.0,0.337954939341,449.0,0.778162911612,0.0127007452503,0.0146950771492,0.0173191980686,0.0131206045975,0.0431405479164,0.0010496483678,0.0118610265561,0.111052797313,0.662253864436,0.669999098645
163,MalcolmX012_test,1,4.88414502144,"negro, solv, socal, malcolm, sam, black, want, uncl, civilright, get",0.0209185993633,0.0163710777626,1.0,0.0,0.260330578512,154.0,0.636363636364,0.0118235561619,0.0161437016826,0.00591177808095,0.012278308322,0.0181900864029,0.00204638472033,0.012278308322,0.200773078672,0.71363045451,0.68208128063
164,Unitarian219_train,1,4.31896591187,"hope, hype, magic, pain, happen, too, dont, perfect, love, suffer",0.0356933879462,0.0333528379169,1.0,0.0,0.258928571429,142.0,0.633928571429,0.0263311878291,0.00643651258046,0.0295494441194,0.00848449385606,0.00263311878291,0.00672908133411,0.0119953188999,0.31597425395,0.654735309374,0.631939537011
165,MalcolmX002_train,1,9.3576529026,"negro, get, know, got, hate, thing, say, tri, want, ourselv",0.0149876042371,0.0205093531666,0.0,1.0,0.318637274549,383.0,0.76753507014,0.0161144917737,0.0259184133423,0.0218616182105,0.0268199233716,0.0132972729322,0.0,0.0153256704981,0.15167906243,0.686528522631,0.544888486371
166,ISIS010_train,1,1.43041992188,"pkk, blow, shām, murtaddīn, mosul, demolish, dabiq, tal, tomb, kurdish",0.00865800865801,0.025974025974,0.0,1.0,0.4,9.0,0.45,0.0,0.0,0.0,0.012987012987,0.0,0.0,0.001443001443,0.438672438672,0.837368518987,0.63315467116
167,YV03_test,1,1.49581313133,"yantra, triangl, manifest, crystal, dot, express, bindhu, mantra, kalaa, shanthi",0.0114942528736,0.00287356321839,1.0,0.0,0.3,23.0,0.46,0.00431034482759,0.0100574712644,0.0014367816092,0.00862068965517,0.0014367816092,0.0014367816092,0.0244252873563,0.375,0.752801223683,0.706460240765
168,MalcolmX010_test,1,4.46375584602,"get, civilright, noth, explos, promis, ake, harlem, oppress, prospect, malcolm",0.0210692652094,0.0221227284698,0.0,1.0,0.191489361702,153.0,0.651063829787,0.0152752172768,0.00948116934422,0.0163286805373,0.0281801422175,0.00421385304188,0.00131682907559,0.0186989728733,0.221227284698,0.723027514582,0.588176520005
169,JohnPiper358_train,1,3.2773809433,"christ, gentil, reconcil, jew, god, israel, coven, glori, promis, jesus",0.0179290157336,0.0135382363703,1.0,0.0,0.467625899281,82.0,0.589928057554,0.0160995243322,0.0175631174533,0.00658616904501,0.00731796560556,0.0204903036956,0.0,0.0032930845225,0.185510428101,0.685584205843,0.843150970135
170,DorothyDay556_train,1,1.60093998909,"negro, christ, love, remind, ask, poverti, segreg, gift, cotton, grate",0.034435261708,0.0247933884298,1.0,0.0,0.333333333333,26.0,0.666666666667,0.0330578512397,0.0151515151515,0.0068870523416,0.0151515151515,0.0261707988981,0.00550964187328,0.00550964187328,0.429752066116,0.718148298111,0.553356469024
171,LiberalJudaism152_train,1,2.31911301613,"tower, mayb, genesi, tale, whi, heaven, desir, capac, wonder, mortal",0.024699599466,0.0193591455274,1.0,0.0,0.509433962264,47.0,0.88679245283,0.0300400534045,0.00133511348465,0.00667556742323,0.00801068090788,0.00200267022697,0.00133511348465,0.024699599466,0.332443257677,0.771624225128,0.720640688266
172,LiberalJudaism129_test,1,2.18135213852,"let, yizkor, atzeret, shemini, memori, parabl, yearn, holiday, god, want",0.0195341848234,0.0112697220135,1.0,0.0,0.434782608696,56.0,0.811594202899,0.0503380916604,0.0022539444027,0.00826446280992,0.00826446280992,0.00751314800902,0.0022539444027,0.0105184072126,0.363636363636,0.685726413052,0.504628491383
173,Shepherd175_train,1,3.59226489067,"pit, forget, heal, prais, forgiv, get, sin, bless, thing, didnt",0.0414507772021,0.0173945225759,1.0,0.0,0.337423312883,126.0,0.773006134969,0.0188749074759,0.0214655810511,0.039600296077,0.00111028867506,0.0307179866765,0.0166543301258,0.0099925980755,0.279792746114,0.623665344528,0.463175748418
174,YV12_test,1,1.14831399918,"yantra, medit, faith, yoga, cosmos, divin, petal, path, express, god",0.037037037037,0.00617283950617,1.0,0.0,0.411764705882,7.0,0.411764705882,0.00617283950617,0.00617283950617,0.0,0.00617283950617,0.00617283950617,0.0,0.0154320987654,0.493827160494,0.835826761867,0.608677116584
175,AEU009_test,1,0.605705976486,"sad, let, resist, will, gun, awaken, endless, homophobia, citizenship, corros",0.0203045685279,0.0659898477157,0.0,1.0,0.833333333333,11.0,0.916666666667,0.0710659898477,0.00507614213198,0.010152284264,0.00507614213198,0.00507614213198,0.0,0.00507614213198,0.624365482234,-0.280184720507,0.674114705693
176,WBC039_train,1,3.59567284584,"cain, blood, abel, persecut, unto, shall, god, sermon, brook, tragedi",0.0166844160454,0.0333688320909,0.0,1.0,0.412790697674,85.0,0.494186046512,0.0070997515087,0.00745473908413,0.00461483848065,0.0177493787717,0.0273340433085,0.00177493787717,0.008164714235,0.235711750089,0.712119522187,0.742662489846
177,MehrBaba125_train,1,2.12310791016,"boy, tree, journey, snake, sleep, debtor, repli, room, ask, stay",0.0182684670373,0.0166799046863,1.0,0.0,0.58,45.0,0.9,0.0,0.0,0.00158856235107,0.0206513105639,0.0635424940429,0.00158856235107,0.0135027799841,0.313741064337,0.798080355805,0.862340342012
178,ISIS002_train,1,1.71558094025,"tribal, dignitari, elder, tal, wilayat, dabiq, safawi, sunni, islam, zakah",0.0220588235294,0.0220588235294,0.0,1.0,0.684210526316,14.0,0.736842105263,0.0,0.0,0.0,0.0281862745098,0.00735294117647,0.0,0.0122549019608,0.401960784314,0.782773092685,0.84513520594
179,MehrBaba081_train,1,1.3327600956,"plane, conscious, mental, subtl, perfect, awar, unfold, suprament, scious, consci≠",0.0168776371308,0.0126582278481,1.0,0.0,0.545454545455,13.0,0.590909090909,0.00210970464135,0.0105485232068,0.0,0.0,0.0042194092827,0.0,0.0168776371308,0.331223628692,0.807139657785,0.88825246255
180,PastorAnderson044_train,1,9.54237604141,"get, greet, say, friend, salut, know, sunday, bibl, fellowship, want",0.0290807799443,0.00924791086351,1.0,0.0,0.433287482806,587.0,0.80742778542,0.019721448468,0.0428969359331,0.0240668523677,0.0245125348189,0.00657381615599,0.000557103064067,0.0152646239554,0.0932590529248,0.721049207336,0.692381912463
181,Unitarian174_train,1,4.5384478569,"hope, hannah, sing, voic, shrine, harvey, feel, let, passion, optim",0.0261244276865,0.0201992997576,1.0,0.0,0.242537313433,181.0,0.675373134328,0.0161594398061,0.011580931861,0.0239698357124,0.00511715593859,0.0201992997576,0.0201992997576,0.010503635874,0.263937516833,0.630961855556,0.638443732579
182,YV05_train,1,2.39713001251,"want, yogavill, guidelin, get, smoke, whi, don't, anyth, benefit, here",0.0372272143774,0.0224646983312,1.0,0.0,0.335664335664,101.0,0.706293706294,0.0166880616175,0.0590500641849,0.0141206675225,0.0109114249037,0.0,0.0,0.0115532734275,0.272785622593,0.699523822137,0.628187391097
183,JohnPiper103_test,1,1.63148498535,"grace, god, welltim, christ, priest, let, know, lord, templ, tomorrow",0.0267094017094,0.0160256410256,1.0,0.0,0.204081632653,12.0,0.244897959184,0.0213675213675,0.025641025641,0.0106837606838,0.00213675213675,0.0192307692308,0.0,0.00320512820513,0.345085470085,0.744802164391,0.639940519154
184,Bahai01_test,1,1.51155281067,"baha'i, baha'u'llah, abdu'lbaha, realiti, principl, imit, investig, mind, prejudic, ancestr",0.0227272727273,0.012987012987,1.0,0.0,0.5,12.0,0.5,0.0146103896104,0.012987012987,0.0,0.0194805194805,0.00487012987013,0.0,0.0146103896104,0.474025974026,0.713158768903,0.741157725073
185,PastorAnderson227_train,1,10.4290480614,"babylon, say, whore, bibl, talk, woman, swear, unto, let, shall",0.02110514198,0.0199539524175,1.0,0.0,0.247644683715,511.0,0.687752355316,0.0145817344589,0.014773599386,0.0124712202609,0.0139102072141,0.00959324635457,0.00297390636992,0.0259017651573,0.11281657713,0.731184171551,0.704500331057
186,Bahai10_train,1,1.63619208336,"baha'i, craft, worship, nobil, baha'u'llah, everyon, abdu'lbaha, exalt, conscienti, tablet",0.0541611624835,0.0105680317041,1.0,0.0,0.4,22.0,0.55,0.00264200792602,0.00792602377807,0.0,0.00528401585205,0.0158520475561,0.00132100396301,0.0105680317041,0.394980184941,0.726878219577,0.594968910171
187,MehrBaba161_test,1,2.01080393791,"bahinabai, vithal, daughter, told, master, knew, get, rememb, hemakala, marri",0.0220525869381,0.00678541136556,1.0,0.0,0.483333333333,46.0,0.766666666667,0.00169635284139,0.0,0.0,0.00424088210348,0.0220525869381,0.0814249363868,0.000848176420696,0.277353689567,0.703495273464,0.735317216602
188,LiberalJudaism064_train,1,2.36947178841,"eve, adam, garden, fruit, tree, eat, serpent, genesi, feel, punish",0.0224422442244,0.026402640264,0.0,1.0,0.434782608696,46.0,0.666666666667,0.0250825082508,0.0046204620462,0.00660066006601,0.0151815181518,0.003300330033,0.0026402640264,0.00990099009901,0.353135313531,0.696941400606,0.701418748503
189,MehrBaba263_train,1,1.70249891281,"brother, avatar, savior, dawn, fear, inhuman, lord, selfish, pain, save",0.04625,0.03375,1.0,0.0,0.826086956522,21.0,0.913043478261,0.09125,0.0,0.00125,0.0,0.03,0.0,0.005,0.37125,0.758558764989,0.624718088698
190,MalcolmX004_train,1,7.8360490799,"get, congo, malcolm, let, dick, talk, mercenari, know, look, say",0.0200935865676,0.0228461326727,0.0,1.0,0.32,306.0,0.765,0.0177539223782,0.027250206441,0.0199559592623,0.0202312138728,0.0196807046518,0.00110101844206,0.01334984861,0.167492430498,0.638651300653,0.600845079001
191,Shepherd260_train,1,3.90073108673,"don, ill, bless, government, said, ask, attitud, want, mph, whi",0.0417189460477,0.0185069008783,1.0,0.0,0.126237623762,187.0,0.462871287129,0.0207026348808,0.017252195734,0.0228983688833,0.00752823086575,0.0100376411543,0.00752823086575,0.0131744040151,0.264742785445,0.681772202748,0.508677204049
192,YV34_test,1,1.50197196007,"devot, god, let, attach, belov, love, someth, care, finit, get",0.0320945945946,0.0185810810811,1.0,0.0,0.52,39.0,0.78,0.0793918918919,0.00337837837838,0.00506756756757,0.0,0.0,0.00675675675676,0.027027027027,0.413851351351,0.720714141145,0.697121359552
