term,freq,idf,logidf,tfidf,logtfidf
hope,30,139.0,4.93447393313,4170.0,148.034217994
hannah,23,139.0,4.93447393313,3197.0,113.492900462
sing,14,139.0,4.93447393313,1946.0,69.0826350638
am,12,119.142857143,4.7803232533,1429.71428572,57.3638790396
voic,12,119.142857143,4.7803232533,1429.71428572,57.3638790396
shrine,10,139.0,4.93447393313,1390.0,49.3447393313
harvey,9,139.0,4.93447393313,1251.0,44.4102653982
feel,9,139.0,4.93447393313,1251.0,44.4102653982
let,8,139.0,4.93447393313,1112.0,39.475791465
passion,8,139.0,4.93447393313,1112.0,39.475791465
optim,8,139.0,4.93447393313,1112.0,39.475791465
know,13,83.4,4.42364830936,1084.2,57.5074280217
priest,7,139.0,4.93447393313,973.0,34.5413175319
etern,7,139.0,4.93447393313,973.0,34.5413175319
whi,7,139.0,4.93447393313,973.0,34.5413175319
depress,7,119.142857143,4.7803232533,834.000000001,33.4622627731
milk,6,139.0,4.93447393313,834.0,29.6068435988
refus,6,139.0,4.93447393313,834.0,29.6068435988
get,6,139.0,4.93447393313,834.0,29.6068435988
elkanah,5,139.0,4.93447393313,695.0,24.6723696657
y,5,139.0,4.93447393313,695.0,24.6723696657
knew,5,139.0,4.93447393313,695.0,24.6723696657
capac,5,139.0,4.93447393313,695.0,24.6723696657
eat,5,139.0,4.93447393313,695.0,24.6723696657
awar,5,139.0,4.93447393313,695.0,24.6723696657
miseri,5,139.0,4.93447393313,695.0,24.6723696657
justic,7,92.6666666667,4.52900882502,648.666666667,31.7030617751
i,57,10.9736842105,2.39550006207,625.499999999,136.543503538
woman,5,119.142857143,4.7803232533,595.714285715,23.9016162665
think,9,64.1538461538,4.1612840449,577.384615384,37.4515564041
read,11,52.125,3.95364468012,573.375,43.4900914813
hurt,4,139.0,4.93447393313,556.0,19.7378957325
nd,4,139.0,4.93447393313,556.0,19.7378957325
distress,4,139.0,4.93447393313,556.0,19.7378957325
eli,4,139.0,4.93447393313,556.0,19.7378957325
shiloh,4,139.0,4.93447393313,556.0,19.7378957325
pain,4,139.0,4.93447393313,556.0,19.7378957325
ourselv,4,139.0,4.93447393313,556.0,19.7378957325
pretend,4,139.0,4.93447393313,556.0,19.7378957325
someon,4,139.0,4.93447393313,556.0,19.7378957325
worth,4,139.0,4.93447393313,556.0,19.7378957325
penninah,4,139.0,4.93447393313,556.0,19.7378957325
pour,4,139.0,4.93447393313,556.0,19.7378957325
thing,8,69.5,4.24132675257,556.0,33.9306140206
grace,4,139.0,4.93447393313,556.0,19.7378957325
ask,4,139.0,4.93447393313,556.0,19.7378957325
will,17,30.8888888889,3.43039653635,525.111111111,58.316741118
r,6,83.4,4.42364830936,500.4,26.5418898562
t,12,41.7,3.7305011288,500.4,44.7660135456
hebrew,7,64.1538461538,4.1612840449,449.076923077,29.1289883143
so,24,18.5333333333,2.91957091259,444.799999999,70.0697019022
shot,3,139.0,4.93447393313,417.0,14.8034217994
went,8,52.125,3.95364468012,417.0,31.629157441
yes,3,139.0,4.93447393313,417.0,14.8034217994
wors,3,139.0,4.93447393313,417.0,14.8034217994
samuel,3,139.0,4.93447393313,417.0,14.8034217994
silent,3,139.0,4.93447393313,417.0,14.8034217994
teller,3,139.0,4.93447393313,417.0,14.8034217994
sermon,3,139.0,4.93447393313,417.0,14.8034217994
forward,3,139.0,4.93447393313,417.0,14.8034217994
palal,3,139.0,4.93447393313,417.0,14.8034217994
got,3,139.0,4.93447393313,417.0,14.8034217994
persist,3,139.0,4.93447393313,417.0,14.8034217994
respond,3,139.0,4.93447393313,417.0,14.8034217994
happen,3,139.0,4.93447393313,417.0,14.8034217994
elshtain,3,139.0,4.93447393313,417.0,14.8034217994
sacrific,3,139.0,4.93447393313,417.0,14.8034217994
drunk,3,139.0,4.93447393313,417.0,14.8034217994
tell,3,139.0,4.93447393313,417.0,14.8034217994
hopeless,3,139.0,4.93447393313,417.0,14.8034217994
passag,3,139.0,4.93447393313,417.0,14.8034217994
realli,3,139.0,4.93447393313,417.0,14.8034217994
bread,3,139.0,4.93447393313,417.0,14.8034217994
h,4,104.25,4.64679186068,417.0,18.5871674427
pray,3,139.0,4.93447393313,417.0,14.8034217994
decenc,3,139.0,4.93447393313,417.0,14.8034217994
silenc,3,139.0,4.93447393313,417.0,14.8034217994
g,3,139.0,4.93447393313,417.0,14.8034217994
candl,3,139.0,4.93447393313,417.0,14.8034217994
downcast,3,139.0,4.93447393313,417.0,14.8034217994
vers,3,139.0,4.93447393313,417.0,14.8034217994
bill,5,83.4,4.42364830936,417.0,22.1182415468
smile,3,139.0,4.93447393313,417.0,14.8034217994
worthless,3,139.0,4.93447393313,417.0,14.8034217994
husband,3,139.0,4.93447393313,417.0,14.8034217994
l,3,139.0,4.93447393313,417.0,14.8034217994
s,6,64.1538461538,4.1612840449,384.923076923,24.9677042694
hand,7,52.125,3.95364468012,364.875,27.6755127608
want,3,119.142857143,4.7803232533,357.428571429,14.3409697599
decid,3,119.142857143,4.7803232533,357.428571429,14.3409697599
chapter,3,119.142857143,4.7803232533,357.428571429,14.3409697599
go,6,59.5714285714,4.08717607274,357.428571428,24.5230564364
e,5,69.5,4.24132675257,347.5,21.2066337629
look,4,83.4,4.42364830936,333.6,17.6945932374
said,8,41.7,3.7305011288,333.6,29.8440090304
offer,7,46.3333333333,3.83586164446,324.333333333,26.8510315112
heart,7,46.3333333333,3.83586164446,324.333333333,26.8510315112
love,5,64.1538461538,4.1612840449,320.769230769,20.8064202245
d,5,64.1538461538,4.1612840449,320.769230769,20.8064202245
determin,5,64.1538461538,4.1612840449,320.769230769,20.8064202245
morn,3,104.25,4.64679186068,312.75,13.940375582
spirit,3,104.25,4.64679186068,312.75,13.940375582
o,7,43.8947368421,3.78179442319,307.263157895,26.4725609623
just,15,20.3414634146,3.01266133565,305.121951219,45.1899200347
say,4,75.8181818182,4.32833812956,303.272727273,17.3133525182
give,9,33.36,3.50735757749,300.24,31.5662181974
alon,3,92.6666666667,4.52900882502,278.0,13.5870264751
memori,3,92.6666666667,4.52900882502,278.0,13.5870264751
prayer,2,139.0,4.93447393313,278.0,9.86894786626
ut,2,139.0,4.93447393313,278.0,9.86894786626
block,2,139.0,4.93447393313,278.0,9.86894786626
sure,2,139.0,4.93447393313,278.0,9.86894786626
carol,2,139.0,4.93447393313,278.0,9.86894786626
intrins,2,139.0,4.93447393313,278.0,9.86894786626
urg,2,139.0,4.93447393313,278.0,9.86894786626
told,2,139.0,4.93447393313,278.0,9.86894786626
magic,2,139.0,4.93447393313,278.0,9.86894786626
jean,2,139.0,4.93447393313,278.0,9.86894786626
worri,2,139.0,4.93447393313,278.0,9.86894786626
everyth,2,139.0,4.93447393313,278.0,9.86894786626
glad,2,139.0,4.93447393313,278.0,9.86894786626
pot,2,139.0,4.93447393313,278.0,9.86894786626
didnt,2,139.0,4.93447393313,278.0,9.86894786626
spoke,2,139.0,4.93447393313,278.0,9.86894786626
hofni,2,139.0,4.93447393313,278.0,9.86894786626
terribl,2,139.0,4.93447393313,278.0,9.86894786626
fear,2,139.0,4.93447393313,278.0,9.86894786626
demean,2,139.0,4.93447393313,278.0,9.86894786626
beaten,2,139.0,4.93447393313,278.0,9.86894786626
remind,2,139.0,4.93447393313,278.0,9.86894786626
polic,2,139.0,4.93447393313,278.0,9.86894786626
bethk,2,139.0,4.93447393313,278.0,9.86894786626
congreg,2,139.0,4.93447393313,278.0,9.86894786626
clergi,2,139.0,4.93447393313,278.0,9.86894786626
di,2,139.0,4.93447393313,278.0,9.86894786626
universalist,2,139.0,4.93447393313,278.0,9.86894786626
scriptur,2,139.0,4.93447393313,278.0,9.86894786626
penn,2,139.0,4.93447393313,278.0,9.86894786626
ho,2,139.0,4.93447393313,278.0,9.86894786626
patriarch,2,139.0,4.93447393313,278.0,9.86894786626
els,2,139.0,4.93447393313,278.0,9.86894786626
vision,2,139.0,4.93447393313,278.0,9.86894786626
tri,2,139.0,4.93447393313,278.0,9.86894786626
es,2,139.0,4.93447393313,278.0,9.86894786626
unitarian,2,139.0,4.93447393313,278.0,9.86894786626
n,2,139.0,4.93447393313,278.0,9.86894786626
childless,2,139.0,4.93447393313,278.0,9.86894786626
ate,2,139.0,4.93447393313,278.0,9.86894786626
noth,2,139.0,4.93447393313,278.0,9.86894786626
whe,2,139.0,4.93447393313,278.0,9.86894786626
email,2,139.0,4.93447393313,278.0,9.86894786626
insid,2,139.0,4.93447393313,278.0,9.86894786626
miser,2,139.0,4.93447393313,278.0,9.86894786626
castro,2,139.0,4.93447393313,278.0,9.86894786626
wi,2,139.0,4.93447393313,278.0,9.86894786626
multicultur,2,139.0,4.93447393313,278.0,9.86894786626
welcom,2,139.0,4.93447393313,278.0,9.86894786626
realiz,2,139.0,4.93447393313,278.0,9.86894786626
avert,2,139.0,4.93447393313,278.0,9.86894786626
worship,2,139.0,4.93447393313,278.0,9.86894786626
ng,2,139.0,4.93447393313,278.0,9.86894786626
guarante,2,139.0,4.93447393313,278.0,9.86894786626
twenti,2,139.0,4.93447393313,278.0,9.86894786626
melt,2,139.0,4.93447393313,278.0,9.86894786626
mistak,2,139.0,4.93447393313,278.0,9.86894786626
st,2,139.0,4.93447393313,278.0,9.86894786626
ehyeh,2,139.0,4.93447393313,278.0,9.86894786626
oh,2,139.0,4.93447393313,278.0,9.86894786626
gone,2,139.0,4.93447393313,278.0,9.86894786626
honest,2,139.0,4.93447393313,278.0,9.86894786626
guy,2,139.0,4.93447393313,278.0,9.86894786626
moment,2,139.0,4.93447393313,278.0,9.86894786626
kind,3,83.4,4.42364830936,250.2,13.2709449281
better,2,119.142857143,4.7803232533,238.285714286,9.5606465066
bishop,2,119.142857143,4.7803232533,238.285714286,9.5606465066
sought,2,119.142857143,4.7803232533,238.285714286,9.5606465066
too,2,119.142857143,4.7803232533,238.285714286,9.5606465066
serious,2,119.142857143,4.7803232533,238.285714286,9.5606465066
face,4,59.5714285714,4.08717607274,238.285714286,16.348704291
street,4,59.5714285714,4.08717607274,238.285714286,16.348704291
doe,7,33.36,3.50735757749,233.52,24.5515030424
ago,5,46.3333333333,3.83586164446,231.666666666,19.1793082223
put,3,75.8181818182,4.32833812956,227.454545455,12.9850143887
film,10,22.5405405405,3.11531548971,225.405405405,31.1531548971
do,10,21.9473684211,3.08864724263,219.473684211,30.8864724263
open,9,23.8285714286,3.17088534087,214.457142857,28.5379680678
what,18,11.7464788732,2.46355352532,211.436619718,44.3439634558
away,2,104.25,4.64679186068,208.5,9.29358372136
ce,2,104.25,4.64679186068,208.5,9.29358372136
here,4,52.125,3.95364468012,208.5,15.8145787205
eye,3,69.5,4.24132675257,208.5,12.7239802577
nor,2,104.25,4.64679186068,208.5,9.29358372136
night,2,104.25,4.64679186068,208.5,9.29358372136
agre,2,104.25,4.64679186068,208.5,9.29358372136
children,6,34.75,3.54817957201,208.5,21.2890774321
possibl,7,26.9032258065,3.29224619787,188.322580646,23.0457233851
warm,2,92.6666666667,4.52900882502,185.333333333,9.05801765004
month,4,46.3333333333,3.83586164446,185.333333333,15.3434465778
out,10,18.5333333333,2.91957091259,185.333333333,29.1957091259
would,10,18.1304347826,2.89759200587,181.304347826,28.9759200587
down,5,36.2608695652,3.59073918643,181.304347826,17.9536959322
like,14,12.8307692308,2.55184613246,179.630769231,35.7258458544
next,3,59.5714285714,4.08717607274,178.714285714,12.2615282182
true,3,59.5714285714,4.08717607274,178.714285714,12.2615282182
theolog,3,59.5714285714,4.08717607274,178.714285714,12.2615282182
transform,4,43.8947368421,3.78179442319,175.578947368,15.1271776928
good,5,34.75,3.54817957201,173.75,17.74089786
if,6,28.7586206897,3.35893757237,172.551724138,20.1536254342
not,41,4.12871287129,1.41796570496,169.277227723,58.1365939034
alreadi,2,83.4,4.42364830936,166.8,8.84729661872
vocal,2,83.4,4.42364830936,166.8,8.84729661872
p,2,83.4,4.42364830936,166.8,8.84729661872
stock,2,83.4,4.42364830936,166.8,8.84729661872
up,15,10.8311688312,2.38242798051,162.467532468,35.7364197077
without,6,26.9032258065,3.29224619787,161.419354839,19.7534771872
text,4,39.7142857143,3.68171096464,158.857142857,14.7268438586
light,4,39.7142857143,3.68171096464,158.857142857,14.7268438586
take,7,21.9473684211,3.08864724263,153.631578948,21.6205306984
die,4,37.9090909091,3.635190949,151.636363636,14.540763796
hold,6,25.2727272727,3.22972584089,151.636363636,19.3783550453
the,148,1.0,0.0,148.0,0.0
sens,3,49.0588235294,3.8930200583,147.176470588,11.6790601749
th,3,49.0588235294,3.8930200583,147.176470588,11.6790601749
word,15,9.6976744186,2.27188610611,145.465116279,34.0782915916
did,5,28.7586206897,3.35893757237,143.793103449,16.7946878619
way,7,20.3414634146,3.01266133565,142.390243902,21.0886293495
seek,2,69.5,4.24132675257,139.0,8.48265350514
bout,1,139.0,4.93447393313,139.0,4.93447393313
thanksgiv,1,139.0,4.93447393313,139.0,4.93447393313
clergyman,1,139.0,4.93447393313,139.0,4.93447393313
snow,1,139.0,4.93447393313,139.0,4.93447393313
blanch,1,139.0,4.93447393313,139.0,4.93447393313
imagin,1,139.0,4.93447393313,139.0,4.93447393313
terrif,1,139.0,4.93447393313,139.0,4.93447393313
eft,1,139.0,4.93447393313,139.0,4.93447393313
dare,1,139.0,4.93447393313,139.0,4.93447393313
anger,1,139.0,4.93447393313,139.0,4.93447393313
trembl,1,139.0,4.93447393313,139.0,4.93447393313
wasin,1,139.0,4.93447393313,139.0,4.93447393313
lot,1,139.0,4.93447393313,139.0,4.93447393313
circl,1,139.0,4.93447393313,139.0,4.93447393313
eha,1,139.0,4.93447393313,139.0,4.93447393313
ope,1,139.0,4.93447393313,139.0,4.93447393313
fath,1,139.0,4.93447393313,139.0,4.93447393313
shortc,1,139.0,4.93447393313,139.0,4.93447393313
necessarili,1,139.0,4.93447393313,139.0,4.93447393313
taunt,1,139.0,4.93447393313,139.0,4.93447393313
tex,1,139.0,4.93447393313,139.0,4.93447393313
remembr,1,139.0,4.93447393313,139.0,4.93447393313
whenev,1,139.0,4.93447393313,139.0,4.93447393313
ramahthaim,1,139.0,4.93447393313,139.0,4.93447393313
kick,1,139.0,4.93447393313,139.0,4.93447393313
ssibl,1,139.0,4.93447393313,139.0,4.93447393313
cattlefeed,1,139.0,4.93447393313,139.0,4.93447393313
paint,1,139.0,4.93447393313,139.0,4.93447393313
shmuel,1,139.0,4.93447393313,139.0,4.93447393313
peless,1,139.0,4.93447393313,139.0,4.93447393313
acquaint,1,139.0,4.93447393313,139.0,4.93447393313
glisten,1,139.0,4.93447393313,139.0,4.93447393313
flame,1,139.0,4.93447393313,139.0,4.93447393313
warrant,1,139.0,4.93447393313,139.0,4.93447393313
minut,1,139.0,4.93447393313,139.0,4.93447393313
sean,1,139.0,4.93447393313,139.0,4.93447393313
sheet,1,139.0,4.93447393313,139.0,4.93447393313
cul,1,139.0,4.93447393313,139.0,4.93447393313
arrest,1,139.0,4.93447393313,139.0,4.93447393313
spous,1,139.0,4.93447393313,139.0,4.93447393313
torment,1,139.0,4.93447393313,139.0,4.93447393313
clatter,1,139.0,4.93447393313,139.0,4.93447393313
dawn,1,139.0,4.93447393313,139.0,4.93447393313
lip,1,139.0,4.93447393313,139.0,4.93447393313
polley,1,139.0,4.93447393313,139.0,4.93447393313
co,1,139.0,4.93447393313,139.0,4.93447393313
tewardship,1,139.0,4.93447393313,139.0,4.93447393313
virtu,1,139.0,4.93447393313,139.0,4.93447393313
comment,1,139.0,4.93447393313,139.0,4.93447393313
ight,1,139.0,4.93447393313,139.0,4.93447393313
ie,1,139.0,4.93447393313,139.0,4.93447393313
womanhood,1,139.0,4.93447393313,139.0,4.93447393313
doorway,1,139.0,4.93447393313,139.0,4.93447393313
han,1,139.0,4.93447393313,139.0,4.93447393313
denial,1,139.0,4.93447393313,139.0,4.93447393313
kitchen,1,139.0,4.93447393313,139.0,4.93447393313
sociologist,1,139.0,4.93447393313,139.0,4.93447393313
optimist,1,139.0,4.93447393313,139.0,4.93447393313
sorrow,1,139.0,4.93447393313,139.0,4.93447393313
ome,1,139.0,4.93447393313,139.0,4.93447393313
pay,1,139.0,4.93447393313,139.0,4.93447393313
fir,1,139.0,4.93447393313,139.0,4.93447393313
thrive,1,139.0,4.93447393313,139.0,4.93447393313
fortuit,1,139.0,4.93447393313,139.0,4.93447393313
neither,1,139.0,4.93447393313,139.0,4.93447393313
belletini,1,139.0,4.93447393313,139.0,4.93447393313
ernal,1,139.0,4.93447393313,139.0,4.93447393313
wheel,1,139.0,4.93447393313,139.0,4.93447393313
wonder,1,139.0,4.93447393313,139.0,4.93447393313
guish,1,139.0,4.93447393313,139.0,4.93447393313
vs,1,139.0,4.93447393313,139.0,4.93447393313
schedul,1,139.0,4.93447393313,139.0,4.93447393313
suppertim,1,139.0,4.93447393313,139.0,4.93447393313
invis,1,139.0,4.93447393313,139.0,4.93447393313
tanc,1,139.0,4.93447393313,139.0,4.93447393313
fin,1,139.0,4.93447393313,139.0,4.93447393313
affirm,1,139.0,4.93447393313,139.0,4.93447393313
ignit,1,139.0,4.93447393313,139.0,4.93447393313
abou,1,139.0,4.93447393313,139.0,4.93447393313
impati,1,139.0,4.93447393313,139.0,4.93447393313
craft,1,139.0,4.93447393313,139.0,4.93447393313
anywher,1,139.0,4.93447393313,139.0,4.93447393313
dismiss,1,139.0,4.93447393313,139.0,4.93447393313
gay,1,139.0,4.93447393313,139.0,4.93447393313
prejudic,1,139.0,4.93447393313,139.0,4.93447393313
oth,1,139.0,4.93447393313,139.0,4.93447393313
yhwh,1,139.0,4.93447393313,139.0,4.93447393313
po,1,139.0,4.93447393313,139.0,4.93447393313
aw,1,139.0,4.93447393313,139.0,4.93447393313
yh,1,139.0,4.93447393313,139.0,4.93447393313
lifehi,1,139.0,4.93447393313,139.0,4.93447393313
mystif,1,139.0,4.93447393313,139.0,4.93447393313
empti,1,139.0,4.93447393313,139.0,4.93447393313
narcissist,1,139.0,4.93447393313,139.0,4.93447393313
digniti,1,139.0,4.93447393313,139.0,4.93447393313
slowli,1,139.0,4.93447393313,139.0,4.93447393313
cant,1,139.0,4.93447393313,139.0,4.93447393313
ps,1,139.0,4.93447393313,139.0,4.93447393313
nest,1,139.0,4.93447393313,139.0,4.93447393313
bare,1,139.0,4.93447393313,139.0,4.93447393313
ayor,1,139.0,4.93447393313,139.0,4.93447393313
awa,1,139.0,4.93447393313,139.0,4.93447393313
lexicon,1,139.0,4.93447393313,139.0,4.93447393313
perch,1,139.0,4.93447393313,139.0,4.93447393313
shop,1,139.0,4.93447393313,139.0,4.93447393313
oppress,1,139.0,4.93447393313,139.0,4.93447393313
ordinarili,1,139.0,4.93447393313,139.0,4.93447393313
pennina,1,139.0,4.93447393313,139.0,4.93447393313
pattern,1,139.0,4.93447393313,139.0,4.93447393313
shrin,1,139.0,4.93447393313,139.0,4.93447393313
proud,1,139.0,4.93447393313,139.0,4.93447393313
talk,1,139.0,4.93447393313,139.0,4.93447393313
meat,1,139.0,4.93447393313,139.0,4.93447393313
sibl,1,139.0,4.93447393313,139.0,4.93447393313
bright,1,139.0,4.93447393313,139.0,4.93447393313
confid,1,139.0,4.93447393313,139.0,4.93447393313
gs,1,139.0,4.93447393313,139.0,4.93447393313
wive,1,139.0,4.93447393313,139.0,4.93447393313
surv,1,139.0,4.93447393313,139.0,4.93447393313
fineha,1,139.0,4.93447393313,139.0,4.93447393313
plenti,1,139.0,4.93447393313,139.0,4.93447393313
wha,1,139.0,4.93447393313,139.0,4.93447393313
personhood,1,139.0,4.93447393313,139.0,4.93447393313
honeycomb,1,139.0,4.93447393313,139.0,4.93447393313
mistaken,1,139.0,4.93447393313,139.0,4.93447393313
mis,1,139.0,4.93447393313,139.0,4.93447393313
rth,1,139.0,4.93447393313,139.0,4.93447393313
doorpost,1,139.0,4.93447393313,139.0,4.93447393313
defe,1,139.0,4.93447393313,139.0,4.93447393313
performan,1,139.0,4.93447393313,139.0,4.93447393313
cler,1,139.0,4.93447393313,139.0,4.93447393313
concert,1,139.0,4.93447393313,139.0,4.93447393313
arr,1,139.0,4.93447393313,139.0,4.93447393313
conform,1,139.0,4.93447393313,139.0,4.93447393313
saul,1,139.0,4.93447393313,139.0,4.93447393313
troubl,1,139.0,4.93447393313,139.0,4.93447393313
cri,1,139.0,4.93447393313,139.0,4.93447393313
alinski,1,139.0,4.93447393313,139.0,4.93447393313
weep,1,139.0,4.93447393313,139.0,4.93447393313
solvabl,1,139.0,4.93447393313,139.0,4.93447393313
earl,1,139.0,4.93447393313,139.0,4.93447393313
nobl,1,139.0,4.93447393313,139.0,4.93447393313
thi,1,139.0,4.93447393313,139.0,4.93447393313
feeli,1,139.0,4.93447393313,139.0,4.93447393313
hearth,1,139.0,4.93447393313,139.0,4.93447393313
comelatelysth,1,139.0,4.93447393313,139.0,4.93447393313
deepest,1,139.0,4.93447393313,139.0,4.93447393313
forev,1,139.0,4.93447393313,139.0,4.93447393313
jar,1,139.0,4.93447393313,139.0,4.93447393313
ier,1,139.0,4.93447393313,139.0,4.93447393313
suffic,1,139.0,4.93447393313,139.0,4.93447393313
pe,1,139.0,4.93447393313,139.0,4.93447393313
fine,1,139.0,4.93447393313,139.0,4.93447393313
utter,1,139.0,4.93447393313,139.0,4.93447393313
pos,1,139.0,4.93447393313,139.0,4.93447393313
re,1,139.0,4.93447393313,139.0,4.93447393313
walkietalki,1,139.0,4.93447393313,139.0,4.93447393313
fascin,1,139.0,4.93447393313,139.0,4.93447393313
candelabra,1,139.0,4.93447393313,139.0,4.93447393313
reproduct,1,139.0,4.93447393313,139.0,4.93447393313
ha,1,139.0,4.93447393313,139.0,4.93447393313
biblic,1,139.0,4.93447393313,139.0,4.93447393313
ok,1,139.0,4.93447393313,139.0,4.93447393313
counsel,1,139.0,4.93447393313,139.0,4.93447393313
senter,1,139.0,4.93447393313,139.0,4.93447393313
om,1,139.0,4.93447393313,139.0,4.93447393313
babi,1,139.0,4.93447393313,139.0,4.93447393313
nontheist,1,139.0,4.93447393313,139.0,4.93447393313
shipwreck,1,139.0,4.93447393313,139.0,4.93447393313
babe,1,139.0,4.93447393313,139.0,4.93447393313
trustworthi,1,139.0,4.93447393313,139.0,4.93447393313
teen,1,139.0,4.93447393313,139.0,4.93447393313
reprimand,1,139.0,4.93447393313,139.0,4.93447393313
otherwis,1,139.0,4.93447393313,139.0,4.93447393313
temper,1,139.0,4.93447393313,139.0,4.93447393313
puls,1,139.0,4.93447393313,139.0,4.93447393313
preg,1,139.0,4.93447393313,139.0,4.93447393313
enliven,1,139.0,4.93447393313,139.0,4.93447393313
menopaus,1,139.0,4.93447393313,139.0,4.93447393313
ve,1,139.0,4.93447393313,139.0,4.93447393313
archeolog,1,139.0,4.93447393313,139.0,4.93447393313
johnni,1,139.0,4.93447393313,139.0,4.93447393313
afterwar,1,139.0,4.93447393313,139.0,4.93447393313
everyon,1,139.0,4.93447393313,139.0,4.93447393313
hear,1,139.0,4.93447393313,139.0,4.93447393313
somehow,1,139.0,4.93447393313,139.0,4.93447393313
ath,1,139.0,4.93447393313,139.0,4.93447393313
fr,1,139.0,4.93447393313,139.0,4.93447393313
niceti,1,139.0,4.93447393313,139.0,4.93447393313
perspect,1,139.0,4.93447393313,139.0,4.93447393313
anyon,1,139.0,4.93447393313,139.0,4.93447393313
phrasei,1,139.0,4.93447393313,139.0,4.93447393313
development,1,139.0,4.93447393313,139.0,4.93447393313
stewardship,1,139.0,4.93447393313,139.0,4.93447393313
ordinari,1,139.0,4.93447393313,139.0,4.93447393313
colder,1,139.0,4.93447393313,139.0,4.93447393313
omfort,1,139.0,4.93447393313,139.0,4.93447393313
esher,1,139.0,4.93447393313,139.0,4.93447393313
heard,1,139.0,4.93447393313,139.0,4.93447393313
thin,1,139.0,4.93447393313,139.0,4.93447393313
interfaith,1,139.0,4.93447393313,139.0,4.93447393313
tapestri,1,139.0,4.93447393313,139.0,4.93447393313
reorgan,1,139.0,4.93447393313,139.0,4.93447393313
sober,1,139.0,4.93447393313,139.0,4.93447393313
lock,1,139.0,4.93447393313,139.0,4.93447393313
wane,1,139.0,4.93447393313,139.0,4.93447393313
whgod,1,139.0,4.93447393313,139.0,4.93447393313
aliv,1,139.0,4.93447393313,139.0,4.93447393313
coffin,1,139.0,4.93447393313,139.0,4.93447393313
snowfal,1,139.0,4.93447393313,139.0,4.93447393313
ms,1,139.0,4.93447393313,139.0,4.93447393313
climb,1,139.0,4.93447393313,139.0,4.93447393313
patienc,1,139.0,4.93447393313,139.0,4.93447393313
echo,1,139.0,4.93447393313,139.0,4.93447393313
releg,1,139.0,4.93447393313,139.0,4.93447393313
journey,1,139.0,4.93447393313,139.0,4.93447393313
secondclass,1,139.0,4.93447393313,139.0,4.93447393313
colleagu,1,139.0,4.93447393313,139.0,4.93447393313
wooden,1,139.0,4.93447393313,139.0,4.93447393313
hat,1,139.0,4.93447393313,139.0,4.93447393313
sufferin,1,139.0,4.93447393313,139.0,4.93447393313
captiv,1,139.0,4.93447393313,139.0,4.93447393313
sant,1,139.0,4.93447393313,139.0,4.93447393313
appar,1,139.0,4.93447393313,139.0,4.93447393313
kindl,1,139.0,4.93447393313,139.0,4.93447393313
spectacl,1,139.0,4.93447393313,139.0,4.93447393313
beliya,1,139.0,4.93447393313,139.0,4.93447393313
woven,1,139.0,4.93447393313,139.0,4.93447393313
cruelti,1,139.0,4.93447393313,139.0,4.93447393313
thursday,1,139.0,4.93447393313,139.0,4.93447393313
becau,1,139.0,4.93447393313,139.0,4.93447393313
ty,1,139.0,4.93447393313,139.0,4.93447393313
ts,1,139.0,4.93447393313,139.0,4.93447393313
honesti,1,139.0,4.93447393313,139.0,4.93447393313
disc,1,139.0,4.93447393313,139.0,4.93447393313
guarant,1,139.0,4.93447393313,139.0,4.93447393313
gy,1,139.0,4.93447393313,139.0,4.93447393313
oral,1,139.0,4.93447393313,139.0,4.93447393313
roo,1,139.0,4.93447393313,139.0,4.93447393313
cooki,1,139.0,4.93447393313,139.0,4.93447393313
pleas,1,139.0,4.93447393313,139.0,4.93447393313
bow,1,139.0,4.93447393313,139.0,4.93447393313
tim,1,139.0,4.93447393313,139.0,4.93447393313
k,1,139.0,4.93447393313,139.0,4.93447393313
gla,1,139.0,4.93447393313,139.0,4.93447393313
brilliant,1,139.0,4.93447393313,139.0,4.93447393313
ahead,1,139.0,4.93447393313,139.0,4.93447393313
convinc,1,139.0,4.93447393313,139.0,4.93447393313
pre,1,139.0,4.93447393313,139.0,4.93447393313
inher,1,139.0,4.93447393313,139.0,4.93447393313
met,1,139.0,4.93447393313,139.0,4.93447393313
nah,1,139.0,4.93447393313,139.0,4.93447393313
womb,1,139.0,4.93447393313,139.0,4.93447393313
pictur,1,139.0,4.93447393313,139.0,4.93447393313
proffer,1,139.0,4.93447393313,139.0,4.93447393313
drift,1,139.0,4.93447393313,139.0,4.93447393313
gra,1,139.0,4.93447393313,139.0,4.93447393313
tualli,1,139.0,4.93447393313,139.0,4.93447393313
abo,1,139.0,4.93447393313,139.0,4.93447393313
theist,1,139.0,4.93447393313,139.0,4.93447393313
worthi,1,139.0,4.93447393313,139.0,4.93447393313
er,1,139.0,4.93447393313,139.0,4.93447393313
nt,1,139.0,4.93447393313,139.0,4.93447393313
mock,1,139.0,4.93447393313,139.0,4.93447393313
quicken,1,139.0,4.93447393313,139.0,4.93447393313
hyde,1,139.0,4.93447393313,139.0,4.93447393313
felt,1,139.0,4.93447393313,139.0,4.93447393313
camera,1,139.0,4.93447393313,139.0,4.93447393313
mpell,1,139.0,4.93447393313,139.0,4.93447393313
strict,1,139.0,4.93447393313,139.0,4.93447393313
ll,1,139.0,4.93447393313,139.0,4.93447393313
unstuck,1,139.0,4.93447393313,139.0,4.93447393313
bustl,1,139.0,4.93447393313,139.0,4.93447393313
quit,1,139.0,4.93447393313,139.0,4.93447393313
sts,1,139.0,4.93447393313,139.0,4.93447393313
realism,1,139.0,4.93447393313,139.0,4.93447393313
bi,1,139.0,4.93447393313,139.0,4.93447393313
noisi,1,139.0,4.93447393313,139.0,4.93447393313
ceas,1,139.0,4.93447393313,139.0,4.93447393313
gender,1,139.0,4.93447393313,139.0,4.93447393313
lift,1,139.0,4.93447393313,139.0,4.93447393313
clementin,1,139.0,4.93447393313,139.0,4.93447393313
shrineaft,1,139.0,4.93447393313,139.0,4.93447393313
lover,1,139.0,4.93447393313,139.0,4.93447393313
peer,1,139.0,4.93447393313,139.0,4.93447393313
cruell,1,139.0,4.93447393313,139.0,4.93447393313
bein,1,139.0,4.93447393313,139.0,4.93447393313
thei,1,139.0,4.93447393313,139.0,4.93447393313
gate,1,139.0,4.93447393313,139.0,4.93447393313
genealog,1,139.0,4.93447393313,139.0,4.93447393313
li,1,139.0,4.93447393313,139.0,4.93447393313
importan,1,139.0,4.93447393313,139.0,4.93447393313
shortcom,1,139.0,4.93447393313,139.0,4.93447393313
goe,1,139.0,4.93447393313,139.0,4.93447393313
glitter,1,139.0,4.93447393313,139.0,4.93447393313
strongest,1,139.0,4.93447393313,139.0,4.93447393313
soci,1,139.0,4.93447393313,139.0,4.93447393313
gus,1,139.0,4.93447393313,139.0,4.93447393313
dont,1,139.0,4.93447393313,139.0,4.93447393313
shed,1,139.0,4.93447393313,139.0,4.93447393313
ture,1,139.0,4.93447393313,139.0,4.93447393313
ish,1,139.0,4.93447393313,139.0,4.93447393313
renew,1,139.0,4.93447393313,139.0,4.93447393313
ritual,1,139.0,4.93447393313,139.0,4.93447393313
cessat,1,139.0,4.93447393313,139.0,4.93447393313
ord,1,139.0,4.93447393313,139.0,4.93447393313
roduc,1,139.0,4.93447393313,139.0,4.93447393313
shes,1,139.0,4.93447393313,139.0,4.93447393313
mood,1,139.0,4.93447393313,139.0,4.93447393313
lineag,1,139.0,4.93447393313,139.0,4.93447393313
fouryearold,1,139.0,4.93447393313,139.0,4.93447393313
woul,1,139.0,4.93447393313,139.0,4.93447393313
lped,1,139.0,4.93447393313,139.0,4.93447393313
friday,1,139.0,4.93447393313,139.0,4.93447393313
counci,1,139.0,4.93447393313,139.0,4.93447393313
ephraim,1,139.0,4.93447393313,139.0,4.93447393313
tori,1,139.0,4.93447393313,139.0,4.93447393313
lofti,1,139.0,4.93447393313,139.0,4.93447393313
stanc,1,139.0,4.93447393313,139.0,4.93447393313
drunken,1,139.0,4.93447393313,139.0,4.93447393313
insult,1,139.0,4.93447393313,139.0,4.93447393313
jeer,1,139.0,4.93447393313,139.0,4.93447393313
man,5,27.8,3.3250360207,139.0,16.6251801035
nanci,1,139.0,4.93447393313,139.0,4.93447393313
ss,1,139.0,4.93447393313,139.0,4.93447393313
bing,1,139.0,4.93447393313,139.0,4.93447393313
sit,1,139.0,4.93447393313,139.0,4.93447393313
wine,1,139.0,4.93447393313,139.0,4.93447393313
isnt,1,139.0,4.93447393313,139.0,4.93447393313
se,1,139.0,4.93447393313,139.0,4.93447393313
ffer,1,139.0,4.93447393313,139.0,4.93447393313
dream,1,139.0,4.93447393313,139.0,4.93447393313
forthright,1,139.0,4.93447393313,139.0,4.93447393313
aloud,1,139.0,4.93447393313,139.0,4.93447393313
causi,1,139.0,4.93447393313,139.0,4.93447393313
malarkey,1,139.0,4.93447393313,139.0,4.93447393313
surrend,1,139.0,4.93447393313,139.0,4.93447393313
automat,1,139.0,4.93447393313,139.0,4.93447393313
sob,1,139.0,4.93447393313,139.0,4.93447393313
entitl,1,139.0,4.93447393313,139.0,4.93447393313
citizenship,1,139.0,4.93447393313,139.0,4.93447393313
van,1,139.0,4.93447393313,139.0,4.93447393313
wrong,1,139.0,4.93447393313,139.0,4.93447393313
nonthei,1,139.0,4.93447393313,139.0,4.93447393313
hes,1,139.0,4.93447393313,139.0,4.93447393313
worldprefer,1,139.0,4.93447393313,139.0,4.93447393313
but,37,3.65789473684,1.2968877734,135.342105263,47.9848476158
who,24,5.59731543624,1.72228709641,134.33557047,41.3348903138
littl,4,33.36,3.50735757749,133.44,14.02943031
becaus,12,11.12,2.40874528882,133.44,28.9049434658
off,3,43.8947368421,3.78179442319,131.684210526,11.3453832696
stori,5,26.0625,3.26049749956,130.3125,16.3024874978
live,16,8.09708737864,2.09150441413,129.553398058,33.4640706261
might,2,64.1538461538,4.1612840449,128.307692308,8.3225680898
could,4,32.0769230769,3.46813686434,128.307692308,13.8725474574
ethic,2,64.1538461538,4.1612840449,128.307692308,8.3225680898
commit,1,119.142857143,4.7803232533,119.142857143,4.7803232533
choic,1,119.142857143,4.7803232533,119.142857143,4.7803232533
sequenc,1,119.142857143,4.7803232533,119.142857143,4.7803232533
send,1,119.142857143,4.7803232533,119.142857143,4.7803232533
mental,1,119.142857143,4.7803232533,119.142857143,4.7803232533
mind,1,119.142857143,4.7803232533,119.142857143,4.7803232533
devot,1,119.142857143,4.7803232533,119.142857143,4.7803232533
ca,1,119.142857143,4.7803232533,119.142857143,4.7803232533
mysteri,1,119.142857143,4.7803232533,119.142857143,4.7803232533
et,1,119.142857143,4.7803232533,119.142857143,4.7803232533
regular,2,59.5714285714,4.08717607274,119.142857143,8.17435214548
must,2,59.5714285714,4.08717607274,119.142857143,8.17435214548
and,116,1.00120048019,0.0011997601919,116.139255702,0.13917218226
thousand,3,37.9090909091,3.635190949,113.727272727,10.905572847
again,2,55.6,4.01818320126,111.2,8.03636640252
women,2,55.6,4.01818320126,111.2,8.03636640252
instead,2,55.6,4.01818320126,111.2,8.03636640252
right,5,21.9473684211,3.08864724263,109.736842106,15.4432362131
even,7,15.1636363636,2.71890021713,106.145454545,19.0323015199
day,7,14.8928571429,2.70088171162,104.25,18.9061719813
realiti,1,104.25,4.64679186068,104.25,4.64679186068
briefli,1,104.25,4.64679186068,104.25,4.64679186068
wife,2,52.125,3.95364468012,104.25,7.90728936024
w,1,104.25,4.64679186068,104.25,4.64679186068
actual,2,52.125,3.95364468012,104.25,7.90728936024
challeng,1,104.25,4.64679186068,104.25,4.64679186068
emot,1,104.25,4.64679186068,104.25,4.64679186068
conclus,1,104.25,4.64679186068,104.25,4.64679186068
someth,1,104.25,4.64679186068,104.25,4.64679186068
seem,1,104.25,4.64679186068,104.25,4.64679186068
stop,1,104.25,4.64679186068,104.25,4.64679186068
interpret,2,52.125,3.95364468012,104.25,7.90728936024
mutual,1,104.25,4.64679186068,104.25,4.64679186068
that,57,1.81304347826,0.595006912876,103.343478261,33.9153940339
then,7,14.6315789474,2.68318213452,102.421052632,18.7822749416
veri,5,20.3414634146,3.01266133565,101.707317073,15.0633066782
to,98,1.03731343284,0.0366341331798,101.656716418,3.59014505162
a,98,1.02331288344,0.0230452891179,100.284662577,2.25843833355
deep,2,49.0588235294,3.8930200583,98.1176470588,7.7860401166
care,1,92.6666666667,4.52900882502,92.6666666667,4.52900882502
hot,1,92.6666666667,4.52900882502,92.6666666667,4.52900882502
honor,1,92.6666666667,4.52900882502,92.6666666667,4.52900882502
partial,1,92.6666666667,4.52900882502,92.6666666667,4.52900882502
constant,1,92.6666666667,4.52900882502,92.6666666667,4.52900882502
favor,1,92.6666666667,4.52900882502,92.6666666667,4.52900882502
egyptian,1,92.6666666667,4.52900882502,92.6666666667,4.52900882502
synonym,1,92.6666666667,4.52900882502,92.6666666667,4.52900882502
color,1,92.6666666667,4.52900882502,92.6666666667,4.52900882502
speak,3,30.8888888889,3.43039653635,92.6666666667,10.2911896091
daughter,1,92.6666666667,4.52900882502,92.6666666667,4.52900882502
anoth,3,30.8888888889,3.43039653635,92.6666666667,10.2911896091
box,1,92.6666666667,4.52900882502,92.6666666667,4.52900882502
bibl,1,92.6666666667,4.52900882502,92.6666666667,4.52900882502
sexual,1,92.6666666667,4.52900882502,92.6666666667,4.52900882502
longer,2,46.3333333333,3.83586164446,92.6666666666,7.67172328892
gave,2,46.3333333333,3.83586164446,92.6666666666,7.67172328892
be,36,2.51204819277,0.921098433442,90.4337349397,33.1595436039
bank,4,22.5405405405,3.11531548971,90.162162162,12.4612619588
though,6,14.8928571429,2.70088171162,89.3571428574,16.2052902697
guid,2,43.8947368421,3.78179442319,87.7894736842,7.56358884638
hall,2,43.8947368421,3.78179442319,87.7894736842,7.56358884638
side,3,28.7586206897,3.35893757237,86.2758620691,10.0768127171
no,10,8.51020408163,2.14126592369,85.1020408163,21.4126592369
ill,1,83.4,4.42364830936,83.4,4.42364830936
young,3,27.8,3.3250360207,83.4,9.9751080621
hospit,1,83.4,4.42364830936,83.4,4.42364830936
confirm,1,83.4,4.42364830936,83.4,4.42364830936
m,3,27.8,3.3250360207,83.4,9.9751080621
run,3,27.8,3.3250360207,83.4,9.9751080621
feed,1,83.4,4.42364830936,83.4,4.42364830936
bring,1,83.4,4.42364830936,83.4,4.42364830936
francisco,1,83.4,4.42364830936,83.4,4.42364830936
jazz,1,83.4,4.42364830936,83.4,4.42364830936
all,19,4.34375,1.46873803033,82.53125,27.9060225763
of,80,1.0,0.0,80.0,0.0
rather,3,26.0625,3.26049749956,78.1875,9.78149249868
see,11,7.06779661017,1.95554877789,77.7457627119,21.5110365568
whole,2,37.9090909091,3.635190949,75.8181818182,7.270381898
accomplish,1,75.8181818182,4.32833812956,75.8181818182,4.32833812956
portion,2,37.9090909091,3.635190949,75.8181818182,7.270381898
concern,2,37.9090909091,3.635190949,75.8181818182,7.270381898
ideolog,1,75.8181818182,4.32833812956,75.8181818182,4.32833812956
touch,1,75.8181818182,4.32833812956,75.8181818182,4.32833812956
twentieth,1,75.8181818182,4.32833812956,75.8181818182,4.32833812956
remov,1,75.8181818182,4.32833812956,75.8181818182,4.32833812956
demonstr,1,75.8181818182,4.32833812956,75.8181818182,4.32833812956
unlik,1,75.8181818182,4.32833812956,75.8181818182,4.32833812956
in,73,1.0036101083,0.0036036075033,73.2635379059,0.263063347741
reason,2,36.2608695652,3.59073918643,72.5217391304,7.18147837286
past,2,36.2608695652,3.59073918643,72.5217391304,7.18147837286
invest,1,69.5,4.24132675257,69.5,4.24132675257
should,1,69.5,4.24132675257,69.5,4.24132675257
boston,1,69.5,4.24132675257,69.5,4.24132675257
millennium,1,69.5,4.24132675257,69.5,4.24132675257
decemb,5,13.9,2.63188884014,69.5,13.1594442007
few,3,22.5405405405,3.11531548971,67.6216216215,9.34594646913
come,4,16.0384615385,2.77498968378,64.153846154,11.0999587351
rival,1,64.1538461538,4.1612840449,64.1538461538,4.1612840449
murder,1,64.1538461538,4.1612840449,64.1538461538,4.1612840449
rose,1,64.1538461538,4.1612840449,64.1538461538,4.1612840449
relationship,1,64.1538461538,4.1612840449,64.1538461538,4.1612840449
spiritu,1,64.1538461538,4.1612840449,64.1538461538,4.1612840449
sir,1,64.1538461538,4.1612840449,64.1538461538,4.1612840449
matter,2,32.0769230769,3.46813686434,64.1538461538,6.93627372868
now,7,8.96774193548,2.19363390921,62.7741935484,15.3554373645
entir,3,20.85,3.03735394824,62.55,9.11206184472
son,3,20.85,3.03735394824,62.55,9.11206184472
togeth,3,20.3414634146,3.01266133565,61.0243902438,9.03798400695
reserv,1,59.5714285714,4.08717607274,59.5714285714,4.08717607274
star,2,29.7857142857,3.39402889218,59.5714285714,6.78805778436
professor,1,59.5714285714,4.08717607274,59.5714285714,4.08717607274
daili,1,59.5714285714,4.08717607274,59.5714285714,4.08717607274
market,2,29.7857142857,3.39402889218,59.5714285714,6.78805778436
oil,1,59.5714285714,4.08717607274,59.5714285714,4.08717607274
translat,2,29.7857142857,3.39402889218,59.5714285714,6.78805778436
meet,1,59.5714285714,4.08717607274,59.5714285714,4.08717607274
clear,1,59.5714285714,4.08717607274,59.5714285714,4.08717607274
differ,6,9.81176470588,2.28358214587,58.8705882353,13.7014928752
about,9,6.46511627907,1.866420998,58.1860465116,16.797788982
local,3,18.9545454545,2.94204376844,56.8636363635,8.82613130532
can,8,7.06779661017,1.95554877789,56.5423728814,15.6443902231
own,4,14.1355932203,2.64869595845,56.5423728812,10.5947838338
express,1,55.6,4.01818320126,55.6,4.01818320126
golden,1,55.6,4.01818320126,55.6,4.01818320126
data,1,55.6,4.01818320126,55.6,4.01818320126
week,1,55.6,4.01818320126,55.6,4.01818320126
yet,1,55.6,4.01818320126,55.6,4.01818320126
men,2,27.8,3.3250360207,55.6,6.6500720414
for,38,1.44290657439,0.366659533686,54.8304498268,13.9330622801
tie,1,52.125,3.95364468012,52.125,3.95364468012
suggest,1,52.125,3.95364468012,52.125,3.95364468012
chicago,1,52.125,3.95364468012,52.125,3.95364468012
exampl,3,17.375,2.85503239145,52.125,8.56509717435
concentr,1,52.125,3.95364468012,52.125,3.95364468012
model,1,52.125,3.95364468012,52.125,3.95364468012
experi,1,52.125,3.95364468012,52.125,3.95364468012
practic,3,17.0204081633,2.83441310425,51.0612244899,8.50323931275
this,14,3.57939914163,1.27519494879,50.1115879828,17.8527292831
life,5,9.81176470588,2.28358214587,49.0588235294,11.4179107293
probabl,1,49.0588235294,3.8930200583,49.0588235294,3.8930200583
real,1,49.0588235294,3.8930200583,49.0588235294,3.8930200583
cross,1,49.0588235294,3.8930200583,49.0588235294,3.8930200583
busi,2,24.5294117647,3.19987287774,49.0588235294,6.39974575548
never,2,24.5294117647,3.19987287774,49.0588235294,6.39974575548
race,1,49.0588235294,3.8930200583,49.0588235294,3.8930200583
everi,2,24.5294117647,3.19987287774,49.0588235294,6.39974575548
principl,1,49.0588235294,3.8930200583,49.0588235294,3.8930200583
had,9,5.38064516129,1.68280828544,48.4258064516,15.145274569
strong,2,23.8285714286,3.17088534087,47.6571428572,6.34177068174
far,2,23.8285714286,3.17088534087,47.6571428572,6.34177068174
human,6,7.94285714286,2.0722730522,47.6571428572,12.4336383132
make,6,7.8679245283,2.06279430825,47.2075471698,12.3767658495
much,5,9.37078651685,2.23759703263,46.8539325843,11.1879851631
is,42,1.11497326203,0.108830424384,46.8288770053,4.57087782413
half,2,23.1666666667,3.1427144639,46.3333333334,6.2854289278
websit,1,46.3333333333,3.83586164446,46.3333333333,3.83586164446
san,1,46.3333333333,3.83586164446,46.3333333333,3.83586164446
ground,1,46.3333333333,3.83586164446,46.3333333333,3.83586164446
saw,1,46.3333333333,3.83586164446,46.3333333333,3.83586164446
male,1,46.3333333333,3.83586164446,46.3333333333,3.83586164446
those,3,15.4444444444,2.73724935579,46.3333333332,8.21174806737
within,5,9.16483516484,2.21537389584,45.8241758242,11.0768694792
was,31,1.45804195804,0.377094410979,45.1993006992,11.6899267403
befor,5,8.96774193548,2.19363390921,44.8387096774,10.968169546
how,1,43.8947368421,3.78179442319,43.8947368421,3.78179442319
grant,1,43.8947368421,3.78179442319,43.8947368421,3.78179442319
win,1,43.8947368421,3.78179442319,43.8947368421,3.78179442319
invent,1,43.8947368421,3.78179442319,43.8947368421,3.78179442319
when,8,5.38064516129,1.68280828544,43.0451612903,13.4624662835
show,2,21.3846153846,3.06267175623,42.7692307692,6.12534351246
time,10,4.27692307692,1.45323384379,42.7692307692,14.5323384379
have,16,2.64761904762,0.973660763533,42.3619047619,15.5785722165
b,1,41.7,3.7305011288,41.7,3.7305011288
book,3,13.6721311475,2.61535953819,41.0163934425,7.84607861457
either,2,20.3414634146,3.01266133565,40.6829268292,6.0253226713
associ,3,13.4516129032,2.59909901731,40.3548387096,7.79729705193
are,19,2.12213740458,0.752423790489,40.320610687,14.2960520193
mean,6,6.672,1.89791966506,40.032,11.3875179904
accept,1,39.7142857143,3.68171096464,39.7142857143,3.68171096464
child,1,39.7142857143,3.68171096464,39.7142857143,3.68171096464
wrote,1,39.7142857143,3.68171096464,39.7142857143,3.68171096464
sun,1,39.7142857143,3.68171096464,39.7142857143,3.68171096464
three,5,7.79439252336,2.0534045679,38.9719626168,10.2670228395
describ,3,12.8307692308,2.55184613246,38.4923076924,7.65553839738
becom,4,9.58620689655,2.2603252837,38.3448275862,9.0413011348
person,3,12.6363636364,2.53657866033,37.9090909092,7.60973598099
hill,1,37.9090909091,3.635190949,37.9090909091,3.635190949
council,1,37.9090909091,3.635190949,37.9090909091,3.635190949
surfac,1,37.9090909091,3.635190949,37.9090909091,3.635190949
carri,1,37.9090909091,3.635190949,37.9090909091,3.635190949
certain,1,37.9090909091,3.635190949,37.9090909091,3.635190949
liber,1,37.9090909091,3.635190949,37.9090909091,3.635190949
close,2,18.9545454545,2.94204376844,37.909090909,5.88408753688
earliest,1,36.2608695652,3.59073918643,36.2608695652,3.59073918643
credit,1,36.2608695652,3.59073918643,36.2608695652,3.59073918643
kill,1,36.2608695652,3.59073918643,36.2608695652,3.59073918643
jewish,1,36.2608695652,3.59073918643,36.2608695652,3.59073918643
law,2,17.7446808511,2.87608580065,35.4893617022,5.7521716013
name,11,3.19540229885,1.16171299504,35.1494252873,12.7788429454
problem,1,34.75,3.54817957201,34.75,3.54817957201
point,2,17.375,2.85503239145,34.75,5.7100647829
peac,1,34.75,3.54817957201,34.75,3.54817957201
replac,1,34.75,3.54817957201,34.75,3.54817957201
belief,1,34.75,3.54817957201,34.75,3.54817957201
valu,1,34.75,3.54817957201,34.75,3.54817957201
other,13,2.59813084112,0.954792279229,33.7757009346,12.41229963
abil,1,33.36,3.50735757749,33.36,3.50735757749
earlier,1,33.36,3.50735757749,33.36,3.50735757749
left,1,33.36,3.50735757749,33.36,3.50735757749
at,15,2.1832460733,0.780812793752,32.7486910995,11.7121919063
present,2,16.3529411765,2.79440776963,32.705882353,5.58881553926
there,5,6.515625,1.87420313844,32.578125,9.3710156922
around,4,8.09708737864,2.09150441413,32.3883495146,8.36601765652
onli,6,5.38064516129,1.68280828544,32.2838709677,10.0968497126
evid,1,32.0769230769,3.46813686434,32.0769230769,3.46813686434
god,1,32.0769230769,3.46813686434,32.0769230769,3.46813686434
song,1,32.0769230769,3.46813686434,32.0769230769,3.46813686434
organ,3,10.6923076923,2.36952457567,32.0769230769,7.10857372701
such,8,3.99043062201,1.38389915039,31.9234449761,11.0711932031
two,7,4.50810810811,1.50587757728,31.5567567568,10.541143041
move,2,15.7358490566,2.75594148881,31.4716981132,5.51188297762
one,14,2.224,0.799307376388,31.136,11.1903032694
less,1,30.8888888889,3.43039653635,30.8888888889,3.43039653635
ever,1,30.8888888889,3.43039653635,30.8888888889,3.43039653635
ultim,1,30.8888888889,3.43039653635,30.8888888889,3.43039653635
back,2,15.1636363636,2.71890021713,30.3272727272,5.43780043426
first,10,3.02173913043,1.10583253664,30.2173913043,11.0583253664
on,20,1.4973070018,0.403668162431,29.946140036,8.07336324862
or,14,2.12755102041,0.754971562568,29.7857142857,10.569601876
began,3,9.92857142857,2.29541660352,29.7857142857,6.88624981056
enter,1,29.7857142857,3.39402889218,29.7857142857,3.39402889218
grew,1,29.7857142857,3.39402889218,29.7857142857,3.39402889218
seen,1,28.7586206897,3.35893757237,28.7586206897,3.35893757237
respons,1,28.7586206897,3.35893757237,28.7586206897,3.35893757237
turn,1,28.7586206897,3.35893757237,28.7586206897,3.35893757237
plain,1,28.7586206897,3.35893757237,28.7586206897,3.35893757237
year,8,3.59482758621,1.27949603069,28.7586206897,10.2359682455
some,5,5.59731543624,1.72228709641,27.9865771812,8.61143548205
fall,1,27.8,3.3250360207,27.8,3.3250360207
case,1,27.8,3.3250360207,27.8,3.3250360207
connect,1,27.8,3.3250360207,27.8,3.3250360207
ten,1,26.9032258065,3.29224619787,26.9032258065,3.29224619787
famili,2,13.4516129032,2.59909901731,26.9032258064,5.19819803462
peopl,6,4.4126984127,1.4844863873,26.4761904762,8.9069183238
mani,8,3.29644268775,1.19284391363,26.371541502,9.54275130904
power,3,8.59793814433,2.15152242386,25.793814433,6.45456727158
great,4,6.36641221374,1.85103607916,25.465648855,7.40414431664
studi,2,12.6363636364,2.53657866033,25.2727272728,5.07315732066
onc,1,25.2727272727,3.22972584089,25.2727272727,3.22972584089
season,1,25.2727272727,3.22972584089,25.2727272727,3.22972584089
by,20,1.25225225225,0.224943731818,25.045045045,4.49887463636
with,18,1.36497545008,0.311136443187,24.5695581014,5.60045597737
music,2,12.2647058824,2.50672569718,24.5294117648,5.01345139436
elect,1,24.5294117647,3.19987287774,24.5294117647,3.19987287774
simpli,1,24.5294117647,3.19987287774,24.5294117647,3.19987287774
writer,1,24.5294117647,3.19987287774,24.5294117647,3.19987287774
as,22,1.10904255319,0.103497078409,24.3989361702,2.276935725
level,1,23.8285714286,3.17088534087,23.8285714286,3.17088534087
mother,1,23.8285714286,3.17088534087,23.8285714286,3.17088534087
mark,1,23.8285714286,3.17088534087,23.8285714286,3.17088534087
receiv,1,23.1666666667,3.1427144639,23.1666666667,3.1427144639
game,1,23.1666666667,3.1427144639,23.1666666667,3.1427144639
remain,2,11.5833333333,2.44956728334,23.1666666666,4.89913456668
death,2,11.5833333333,2.44956728334,23.1666666666,4.89913456668
head,1,22.5405405405,3.11531548971,22.5405405405,3.11531548971
cultur,5,4.48387096774,1.50048672865,22.4193548387,7.50243364325
free,1,21.9473684211,3.08864724263,21.9473684211,3.08864724263
citi,6,3.62608695652,1.28815409344,21.7565217391,7.72892456064
work,3,7.25217391304,1.981301274,21.7565217391,5.943903822
ad,1,21.3846153846,3.06267175623,21.3846153846,3.06267175623
long,2,10.6923076923,2.36952457567,21.3846153846,4.73904915134
emerg,1,20.85,3.03735394824,20.85,3.03735394824
write,1,20.85,3.03735394824,20.85,3.03735394824
whose,1,20.85,3.03735394824,20.85,3.03735394824
perform,1,20.85,3.03735394824,20.85,3.03735394824
took,1,20.85,3.03735394824,20.85,3.03735394824
given,1,20.85,3.03735394824,20.85,3.03735394824
from,14,1.45804195804,0.377094410979,20.4125874126,5.27932175371
seat,1,20.3414634146,3.01266133565,20.3414634146,3.01266133565
offic,1,19.8571428571,2.98856378408,19.8571428571,2.98856378408
note,1,19.8571428571,2.98856378408,19.8571428571,2.98856378408
through,3,6.46511627907,1.866420998,19.3953488372,5.599262994
were,5,3.87906976744,1.35559537423,19.3953488372,6.77797687115
creat,2,9.47727272727,2.24889658788,18.9545454545,4.49779317576
situat,1,18.9545454545,2.94204376844,18.9545454545,2.94204376844
religion,1,18.9545454545,2.94204376844,18.9545454545,2.94204376844
into,5,3.75675675676,1.32355602049,18.7837837838,6.61778010245
end,2,9.26666666667,2.22642373203,18.5333333333,4.45284746406
came,1,18.1304347826,2.89759200587,18.1304347826,2.89759200587
town,1,18.1304347826,2.89759200587,18.1304347826,2.89759200587
claim,1,18.1304347826,2.89759200587,18.1304347826,2.89759200587
ethnic,1,18.1304347826,2.89759200587,18.1304347826,2.89759200587
earth,1,18.1304347826,2.89759200587,18.1304347826,2.89759200587
while,3,5.71232876712,1.74262678065,17.1369863014,5.22788034195
reach,1,17.0204081633,2.83441310425,17.0204081633,2.83441310425
ani,2,8.51020408163,2.14126592369,17.0204081633,4.28253184738
may,3,5.48684210526,1.70235288151,16.4605263158,5.10705864453
regard,1,16.3529411765,2.79440776963,16.3529411765,2.79440776963
religi,1,16.3529411765,2.79440776963,16.3529411765,2.79440776963
societi,1,16.3529411765,2.79440776963,16.3529411765,2.79440776963
among,2,8.17647058824,2.10126058907,16.3529411765,4.20252117814
least,1,16.0384615385,2.77498968378,16.0384615385,2.77498968378
use,4,3.97142857143,1.37912587164,15.8857142857,5.51650348656
period,2,7.8679245283,2.06279430825,15.7358490566,4.1255886165
singl,1,15.7358490566,2.75594148881,15.7358490566,2.75594148881
both,3,5.1801242236,1.64482903737,15.5403726708,4.93448711211
particular,1,15.4444444444,2.73724935579,15.4444444444,2.73724935579
novemb,1,15.4444444444,2.73724935579,15.4444444444,2.73724935579
king,1,15.4444444444,2.73724935579,15.4444444444,2.73724935579
num,14,1.09592641261,0.0916000444971,15.3429697765,1.28240062296
ancient,1,15.1636363636,2.71890021713,15.1636363636,2.71890021713
begin,1,15.1636363636,2.71890021713,15.1636363636,2.71890021713
written,1,15.1636363636,2.71890021713,15.1636363636,2.71890021713
howev,2,7.25217391304,1.981301274,14.5043478261,3.962602548
share,1,14.3793103448,2.66579039181,14.3793103448,2.66579039181
caus,1,14.3793103448,2.66579039181,14.3793103448,2.66579039181
best,1,13.9,2.63188884014,13.9,2.63188884014
defin,1,13.9,2.63188884014,13.9,2.63188884014
march,1,13.9,2.63188884014,13.9,2.63188884014
system,2,6.83606557377,1.92221235763,13.6721311475,3.84442471526
author,1,13.6721311475,2.61535953819,13.6721311475,2.61535953819
each,1,13.4516129032,2.59909901731,13.4516129032,2.59909901731
cover,1,13.4516129032,2.59909901731,13.4516129032,2.59909901731
york,1,13.2380952381,2.58309867597,13.2380952381,2.58309867597
which,7,1.86577181208,0.623674807745,13.0604026846,4.36572365421
small,1,12.6363636364,2.53657866033,12.6363636364,2.53657866033
along,1,12.447761194,2.52154078297,12.447761194,2.52154078297
been,4,3.0,1.09861228867,12.0,4.39444915468
date,1,11.7464788732,2.46355352532,11.7464788732,2.46355352532
dure,3,3.80821917808,1.33716167254,11.4246575342,4.01148501762
accord,1,10.8311688312,2.38242798051,10.8311688312,2.38242798051
late,1,10.8311688312,2.38242798051,10.8311688312,2.38242798051
although,2,5.38064516129,1.68280828544,10.7612903226,3.36561657088
where,1,10.6923076923,2.36952457567,10.6923076923,2.36952457567
place,1,10.6923076923,2.36952457567,10.6923076923,2.36952457567
social,1,10.6923076923,2.36952457567,10.6923076923,2.36952457567
call,2,5.2125,1.65105958712,10.425,3.30211917424
result,1,10.2962962963,2.33178424769,10.2962962963,2.33178424769
success,1,10.1707317073,2.31951415509,10.1707317073,2.31951415509
member,1,10.0481927711,2.30739279456,10.0481927711,2.30739279456
an,6,1.66135458167,0.507633282667,9.96812749002,3.045799696
led,1,9.92857142857,2.29541660352,9.92857142857,2.29541660352
made,1,9.92857142857,2.29541660352,9.92857142857,2.29541660352
age,1,9.47727272727,2.24889658788,9.47727272727,2.24889658788
after,3,3.10037174721,1.13152202276,9.30111524163,3.39456606828
four,1,9.16483516484,2.21537389584,9.16483516484,2.21537389584
center,1,8.87234042553,2.18293862009,8.87234042553,2.18293862009
new,2,4.38947368421,1.4792093302,8.77894736842,2.9584186604
than,2,4.32124352332,1.46354321345,8.64248704664,2.9270864269
form,2,4.29896907216,1.4583752433,8.59793814432,2.9167504866
america,1,8.51020408163,2.14126592369,8.51020408163,2.14126592369
more,2,4.12871287129,1.41796570496,8.25742574258,2.83593140992
high,1,8.25742574257,2.11111288552,8.25742574257,2.11111288552
has,4,2.0,0.69314718056,8.0,2.77258872224
until,1,7.58181818182,2.02575303657,7.58181818182,2.02575303657
import,1,7.25217391304,1.981301274,7.25217391304,1.981301274
part,2,3.61038961039,1.28381569184,7.22077922078,2.56763138368
univers,1,6.78048780488,1.91404904699,6.78048780488,1.91404904699
these,1,6.672,1.89791966506,6.672,1.89791966506
modern,1,6.61904761905,1.88995149541,6.61904761905,1.88995149541
second,1,6.515625,1.87420313844,6.515625,1.87420313844
also,3,2.09022556391,0.737271985469,6.27067669173,2.21181595641
most,3,2.07980049875,0.732271975052,6.23940149625,2.19681592516
found,1,6.08759124088,1.80625247653,6.08759124088,1.80625247653
polit,1,6.0,1.79175946923,6.0,1.79175946923
well,1,5.71232876712,1.74262678065,5.71232876712,1.74262678065
often,1,5.45098039216,1.69579548097,5.45098039216,1.69579548097
sinc,1,5.41558441558,1.68928079995,5.41558441558,1.68928079995
becam,1,5.1801242236,1.64482903737,5.1801242236,1.64482903737
develop,1,5.1801242236,1.64482903737,5.1801242236,1.64482903737
between,1,4.76571428571,1.56144742844,4.76571428571,1.56144742844
histori,1,4.21212121212,1.43796637166,4.21212121212,1.43796637166
centuri,1,3.53389830508,1.26240159733,3.53389830508,1.26240159733
includ,1,2.80808080808,1.03250126356,2.80808080808,1.03250126356
known,1,2.54268292683,0.933219793975,2.54268292683,0.933219793975
state,1,2.32960893855,0.845700415958,2.32960893855,0.845700415958
world,1,2.29752066116,0.831830568094,2.29752066116,0.831830568094
