,groupId,files,timeRun,keywords,perPos,perNeg,perPosDoc,perNegDoc,judgementCount,judgementFrac,avgSD,avgEVC,groupName,rank,rfPred,svmPred
7,Shepherd_test46,3,8.50879907608,"s, christ, god, don, ask, love, preacher, want, ill, pray",0.0329728377992,0.0186102949289,1.0,0.0,197.333333333,0.613116631251,0.688203099397,0.572438784878,Shepherd,4,4.79234120757,4.10053982872
8,Shepherd_test52,3,7.39014101028,"don, s, re, happi, t, get, wisdom, evil, want, say",0.0419424388833,0.0218300551867,1.0,0.0,161.0,0.532673108665,0.682273432298,0.542216218234,Shepherd,4,4.57431477904,4.28564677777
9,Shepherd_test42,3,7.4886341095,"sin, pray, prayer, thank, god, s, super, christ, don, ask",0.0352933243665,0.0221958549504,1.0,0.0,136.666666667,0.611097265089,0.684055143311,0.619102253999,Shepherd,4,4.19861879481,4.13791924522
10,Shepherd_test7,3,6.44673299789,"worship, s, get, thank, want, don, jesus, christ, t, know",0.0326720155774,0.0144026559908,1.0,0.0,150.333333333,0.602124183007,0.626612324534,0.709911344159,Shepherd,4,4.21395705546,4.15550393391
20,Shepherd_test51,3,7.04282593727,"s, get, judgment, kind, god, will, ask, pleas, lord, christ",0.0312480763498,0.0222496160391,0.666666666667,0.333333333333,135.0,0.664613688601,0.682404677348,0.595793780106,Shepherd,4,5.14862205884,4.11663026157
21,Shepherd_test37,3,7.47097420692,"christ, s, don, learn, want, happen, get, t, go, god",0.0309942180808,0.0196400539097,0.666666666667,0.333333333333,168.0,0.582691043793,0.648390820094,0.654493880179,Shepherd,4,4.25444609217,4.09693000314
22,Shepherd_test22,3,6.49541497231,"s, rememb, encourag, christ, let, look, preach, good, someon, dont",0.037232225995,0.0133881079369,1.0,0.0,138.333333333,0.624449135346,0.666608386042,0.580819586699,Shepherd,4,4.40244725767,4.30506202826
24,Shepherd_test0,3,7.66809391975,"s, don, get, dad, t, want, rememb, ask, go, ill",0.0315433133297,0.0217913584643,1.0,0.0,189.0,0.618584948228,0.645402749619,0.607909196903,Shepherd,4,4.40516529167,4.17990895422
25,Shepherd_test48,3,8.01033306122,"don, sin, christ, s, spirit, get, attitud, listen, t, want",0.0271812620704,0.0324578114059,0.0,1.0,175.0,0.656309888398,0.627164491044,0.65221632565,Shepherd,4,5.8,4.41272252298
26,Shepherd_test11,3,6.74712610245,"sin, don, tempt, s, ask, welcom, temptat, want, heaven, humbl",0.0343111831857,0.0281285008847,0.666666666667,0.333333333333,135.666666667,0.64487961137,0.67638636153,0.669011202682,Shepherd,4,4.08019290466,3.85984410524
30,Shepherd_test67,3,8.50484585762,"s, elisha, don, want, t, god, know, ill, ask, didn",0.0302401261382,0.0199984425923,0.666666666667,0.333333333333,186.333333333,0.603332727414,0.6938742954,0.592112276236,Shepherd,4,4.44976386621,4.20115108732
36,Shepherd_test15,3,7.10145711899,"s, prepar, christ, get, prayer, think, woman, don, pray, say",0.0275712222912,0.0173681519675,1.0,0.0,146.0,0.591976097989,0.631763852967,0.677607096589,Shepherd,4,4.47708836859,4.22486661296
38,Shepherd_test23,3,6.55401396751,"s, don, want, god, preacher, faith, know, noth, say, wisdom",0.0453445485311,0.0218372688845,1.0,0.0,146.666666667,0.649607637482,0.702199810681,0.571257405175,Shepherd,4,4.43096856769,4.85793214314
39,Shepherd_test39,3,6.23928499222,"s, dad, want, grace, christ, love, imit, t, don, didn",0.0450388163624,0.0150490962883,1.0,0.0,146.0,0.610054339642,0.682792742014,0.576678635902,Shepherd,4,4.29003293622,4.52280764204
41,Shepherd_test53,3,7.15463280678,"s, don, love, god, want, vbs, said, learn, t, listen",0.0330056275195,0.0180753506757,1.0,0.0,179.666666667,0.563262780095,0.672914876251,0.638019775147,Shepherd,4,4.49225097022,3.99710165937
50,Shepherd_test32,3,7.78774213791,"s, trust, thank, proverb, get, god, thing, am, ill, too",0.0362343648681,0.0204005992024,0.666666666667,0.333333333333,170.0,0.594256533477,0.673291042235,0.480868510126,Shepherd,4,4.28450583595,3.97192446565
52,Shepherd_test27,3,7.4640250206,"trust, rememb, love, say, s, someon, lord, get, got, god",0.0496032026856,0.0200267947876,1.0,0.0,147.666666667,0.723061335827,0.595504104231,0.440923864953,Shepherd,4,4.55845238095,4.26512537684
56,Shepherd_test25,3,8.64568710327,"s, don, rebuild, t, get, want, ill, whi, said, talk",0.0278055472932,0.013342213935,1.0,0.0,216.333333333,0.556536855691,0.657209112835,0.505040274111,Shepherd,4,4.76706126832,3.98567338236
59,Shepherd_test20,3,8.31511998177,"s, love, get, don, kind, want, t, know, say, ill",0.0410479446811,0.0185257192356,1.0,0.0,210.0,0.594192912533,0.63280362951,0.58539460019,Shepherd,4,4.08437033459,3.82085341871
62,Shepherd_test44,3,7.36456203461,"s, don, thank, get, ask, christ, hour, t, said, ve",0.0360503900981,0.0186218068657,1.0,0.0,176.666666667,0.570487242509,0.652113162684,0.583487949475,Shepherd,4,4.08437033459,3.96232496656
65,Shepherd_test47,3,8.02166891098,"s, bless, happen, get, discern, ill, ask, wick, think, don",0.0382282256826,0.0259817953711,1.0,0.0,137.0,0.590953591998,0.652063404832,0.553317617615,Shepherd,4,4.33267656766,4.07094337734
66,Shepherd_test65,3,6.99717187881,"s, sin, know, encourag, get, want, prais, tell, sing, talk",0.0338044058686,0.0256793012887,0.666666666667,0.333333333333,175.666666667,0.581225381225,0.620075673667,0.666186258619,Shepherd,4,4.03267656766,4.01378483838
69,Shepherd_test49,3,7.13019299507,"trust, s, god, want, get, christ, jesus, preach, don, lord",0.0330776764184,0.0218105847204,1.0,0.0,150.333333333,0.61879838138,0.642623325068,0.55109383937,Shepherd,4,4.40516529167,4.09622848245
70,Shepherd_test16,3,7.21625304222,"don, s, dad, t, didn, ill, christ, pay, ask, chosen",0.0244083210755,0.015704721298,1.0,0.0,184.666666667,0.555575743221,0.647250747485,0.589632225274,Shepherd,4,5.5780784676,4.07012591271
85,Shepherd_test69,3,7.01542711258,"s, don, christ, ask, preacher, preach, get, pray, sin, t",0.0301815401175,0.0180570472928,0.666666666667,0.333333333333,180.666666667,0.58422057714,0.611413817788,0.659813356994,Shepherd,4,4.09131477904,3.90171578743
89,Shepherd_test30,3,8.18979406357,"s, wisdom, discern, pattern, merci, judg, sermon, someon, proverb, ask",0.0293057236434,0.0224005470395,0.666666666667,0.333333333333,155.0,0.530688622102,0.61932023709,0.6373524614,Shepherd,4,4.07464811237,3.93598317128
91,Shepherd_test62,3,7.02183485031,"rememb, s, t, don, thank, didn, know, ill, get, happi",0.0333336405764,0.0169801481535,1.0,0.0,162.333333333,0.561922368749,0.600266861857,0.580405497066,Shepherd,4,4.08437033459,3.98636791404
92,Shepherd_test59,3,6.64704203606,"bless, s, god, jacob, judg, veteran, don, want, get, evil",0.0411723018418,0.0230733850163,1.0,0.0,142.0,0.566184775702,0.675186147015,0.548572503408,Shepherd,4,4.30564404733,4.32805796054
99,Shepherd_test34,3,8.85093402863,"s, get, don, ill, joy, want, t, ask, lazi, said",0.0338742154918,0.0240652616088,0.666666666667,0.333333333333,163.666666667,0.484268489802,0.577267578419,0.39063942663,Shepherd,4,4.26850990099,4.0741401331
110,Shepherd_test43,3,7.33729481697,"s, want, spirit, sin, preach, god, ill, love, christ, imit",0.0310778257206,0.0215548826906,1.0,0.0,163.333333333,0.593562298565,0.640281324919,0.547371429887,Shepherd,4,4.4931994797,4.13775695722
112,Shepherd_test13,3,6.5496571064,"s, prais, don, sin, worship, jesus, sing, will, get, heaven",0.031458610142,0.0339789290616,0.666666666667,0.333333333333,154.666666667,0.563312726115,0.618153497063,0.495677677401,Shepherd,4,4.33366666667,3.82107094236
113,Shepherd_test4,3,6.85067796707,"grace, pray, s, preach, christ, don, let, humbl, ask, god",0.0385172104268,0.0155162225921,1.0,0.0,131.666666667,0.599742411585,0.679040662123,0.614160478937,Shepherd,4,3.88953293622,4.23078933407
114,Shepherd_test72,3,7.73963308334,"sin, s, christ, don, resurrect, want, know, preach, get, winner",0.0248318070533,0.0295598064074,0.333333333333,0.666666666667,164.333333333,0.650497911232,0.616251744118,0.535780556866,Shepherd,4,5.25897435897,4.91186950505
117,Shepherd_test19,3,7.72230291367,"don, s, idl, christ, ignor, know, sin, t, get, want",0.0262309069356,0.0273536335977,0.333333333333,0.666666666667,161.333333333,0.593188349958,0.605964223278,0.41397924805,Shepherd,4,4.60590645271,4.01466335487
120,Shepherd_test9,3,6.47114515305,"preacher, christ, want, preach, ministri, shall, walk, s, know, appeal",0.0433414677673,0.0169798569222,1.0,0.0,125.0,0.712824551772,0.676357261623,0.670589237422,Shepherd,4,4.68174923063,4.38806670223
121,Shepherd_test36,3,6.74317312241,"s, thank, spirit, god, don, ill, bless, say, scriptur, get",0.032898141653,0.0199058872344,1.0,0.0,151.333333333,0.588444106802,0.588174247756,0.390453167455,Shepherd,4,4.54628767877,4.32342324254
122,Shepherd_test3,3,7.2633061409,"s, worship, christ, remind, prais, let, god, get, don, angel",0.0330558600366,0.0189788815488,1.0,0.0,145.0,0.61953869139,0.673044906787,0.677737400417,Shepherd,4,4.71447319244,4.07808922174
126,Shepherd_test60,3,6.71226501465,"wisdom, christ, get, fear, s, want, say, preach, ill, someth",0.034345748549,0.0244146841564,1.0,0.0,134.666666667,0.658724867727,0.661632732336,0.524715508841,Shepherd,4,4.23014102564,4.09761860696
128,Shepherd_test6,3,8.44125699997,"s, don, christ, judg, t, wrong, get, grace, someon, thing",0.0326829289156,0.0288410514201,0.666666666667,0.333333333333,190.0,0.549818727284,0.637768590977,0.654939978719,Shepherd,4,4.03267656766,3.87953502779
148,Shepherd_test28,3,7.1941049099,"sin, pray, prayer, get, re, rememb, s, confess, ask, christ",0.0359003449821,0.024514661983,0.666666666667,0.333333333333,164.666666667,0.708066715899,0.616861591245,0.526802530994,Shepherd,4,4.37961952026,3.93774948765
150,Shepherd_test40,3,7.57660984993,"grace, s, don, sin, get, christ, save, let, am, say",0.0354567560361,0.0303944778172,0.666666666667,0.333333333333,186.333333333,0.559110848063,0.678996150577,0.681512413734,Shepherd,4,4.14283916928,3.47159184452
152,Shepherd_test29,3,7.91400194168,"s, christ, want, don, get, love, know, go, t, got",0.0304329364569,0.015243912569,1.0,0.0,200.0,0.6467015309,0.659424811459,0.613703055128,Shepherd,4,5.00115539068,4.12845583934
155,Shepherd_test21,3,9.11834406853,"evil, s, get, trust, happen, don, t, desir, know, lord",0.0303936730799,0.0294271977398,0.666666666667,0.333333333333,215.333333333,0.518735113367,0.668301345989,0.713024613737,Shepherd,4,4.01600990099,3.24438546976
156,Shepherd_test1,3,7.70096302032,"s, delight, heaven, hurt, want, happi, know, look, thing, god",0.0373394528431,0.0263006024545,1.0,0.0,157.0,0.635399897364,0.605306218229,0.46087537401,Shepherd,4,4.45408682407,4.05602947093
159,Shepherd_test14,3,6.59036207199,"christ, s, sin, want, get, submit, don, god, got, christma",0.0285217969351,0.0229977704307,0.666666666667,0.333333333333,153.333333333,0.667860950459,0.674590086491,0.587441767484,Shepherd,4,5.96634947031,4.18930578258
160,Shepherd_test8,3,7.78047800064,"pay, confid, christ, s, get, ill, evil, save, said, attent",0.0289668602239,0.0216541349249,0.666666666667,0.333333333333,165.0,0.642713237602,0.620620017572,0.596788028983,Shepherd,4,4.38538180113,4.00231614631
162,Shepherd_test38,3,7.26321983337,"god, s, don, sin, evil, redeem, know, ask, t, said",0.0349252308409,0.0260949315923,0.666666666667,0.333333333333,162.666666667,0.564647269325,0.612822724029,0.591118624395,Shepherd,4,4.03267656766,3.98310728281
163,Shepherd_test66,3,6.95641994476,"preach, shout, desir, know, god, joy, obey, ask, scott, worship",0.0304675624902,0.0168699687841,1.0,0.0,128.666666667,0.726987419878,0.704766450138,0.561345312008,Shepherd,4,4.68057453657,4.50039769471
179,Shepherd_test57,3,7.17526507378,"s, car, must, happi, joy, deacon, elder, nobl, don, heaven",0.0309088242522,0.0163305026992,1.0,0.0,145.0,0.568979866343,0.616746114364,0.525401680551,Shepherd,4,4.63006816657,4.07852644574
181,Shepherd_test54,3,6.66257095337,"judg, s, sin, know, ask, god, don, obey, re, will",0.0293237018798,0.0223663229791,1.0,0.0,144.333333333,0.634363605091,0.67473658362,0.647939017498,Shepherd,4,5.01447319244,4.22026873967
183,Shepherd_test33,3,7.26092410088,"s, devil, choos, thank, ll, astray, dad, get, sin, pay",0.0381956521604,0.0285261031622,0.666666666667,0.333333333333,148.333333333,0.638855656572,0.650133576571,0.694853744032,Shepherd,4,4.03366666667,3.8207626544
184,Shepherd_test26,3,7.43815898895,"love, wrath, s, hell, happen, god, evil, get, want, etern",0.0338939591038,0.0417207142224,0.333333333333,0.666666666667,149.0,0.471179958022,0.630399253467,0.616273084558,Shepherd,4,4.905,3.34774001069
189,Shepherd_test45,3,6.42482209206,"pray, christ, hope, know, god, motiv, jesus, job, get, resurrect",0.0330074500917,0.0221062456417,0.666666666667,0.333333333333,133.333333333,0.785085598518,0.66907808397,0.663833417869,Shepherd,4,4.98112158416,4.08326386294
191,Shepherd_test63,3,8.59171295166,"spirit, christ, expect, s, want, know, ask, hope, don, get",0.0334943444836,0.0212563173179,0.666666666667,0.333333333333,173.333333333,0.654662044255,0.641097655885,0.733004420723,Shepherd,4,3.95872771673,3.9879737597
192,Shepherd_test58,3,6.97233080864,"s, god, merci, pray, preach, scriptur, spirit, christ, don, get",0.0362507273886,0.0194609144837,1.0,0.0,144.666666667,0.619779080576,0.640447546141,0.491288843536,Shepherd,4,4.4974201574,4.21892503175
195,Shepherd_test18,3,7.42329716682,"s, said, happen, know, sin, listen, god, say, get, evil",0.0276412429181,0.0322495446885,0.333333333333,0.666666666667,153.333333333,0.679071547896,0.653353121288,0.680037345219,Shepherd,4,4.3,3.94607437503
196,Shepherd_test70,3,7.68407416344,"get, s, perfect, don, want, tongu, ask, know, t, better",0.0374521967925,0.0232161151515,0.666666666667,0.333333333333,170.0,0.627183642298,0.654107174932,0.482694594758,Shepherd,4,4.7974201574,3.97666397457
197,Shepherd_test31,3,8.33853077888,"walk, s, christ, god, lord, want, ill, said, say, fear",0.0347878540994,0.0220808163518,0.666666666667,0.333333333333,179.0,0.639340400493,0.614850098449,0.634928607548,Shepherd,4,4.10843735668,3.95199020133
202,Shepherd_test64,3,7.08426904678,"merci, s, don, heaven, ill, get, said, t, nurs, didn",0.0425924274998,0.0166937263065,1.0,0.0,151.333333333,0.542297336966,0.611479475602,0.499097173519,Shepherd,4,4.15767656766,4.06150295664
203,Shepherd_test10,3,6.56587004662,"christ, eat, resurrect, grace, s, god, jesus, baptist, said, better",0.0281917656273,0.0251557404505,0.666666666667,0.333333333333,133.0,0.654445521336,0.643067787516,0.512980129527,Shepherd,4,4.51014102564,4.10329154434
208,Shepherd_test56,3,6.60227918625,"get, s, don, ill, know, want, said, ask, go, repli",0.0376300777125,0.0158817232653,0.666666666667,0.333333333333,136.333333333,0.706967848358,0.650372626983,0.599815729509,Shepherd,4,4.70684717491,3.7001132302
209,Shepherd_test17,3,8.19282007217,"s, don, bad, sin, love, get, know, talk, dad, want",0.0305055014858,0.0277866121586,0.666666666667,0.333333333333,203.333333333,0.641142116414,0.647393882657,0.656882974649,Shepherd,4,4.05674358974,4.27533276722
213,Shepherd_test71,3,8.23174095154,"s, want, car, mistak, get, sin, don, god, ill, christ",0.0267361135761,0.0272667722326,0.333333333333,0.666666666667,167.333333333,0.579303781133,0.651834483925,0.708983755301,Shepherd,4,4.60590645271,3.01145448305
224,Shepherd_test50,3,6.67111492157,"wisdom, get, heaven, fear, s, chosen, ill, pay, feel, say",0.0375491316017,0.0233447660045,1.0,0.0,137.0,0.683748079877,0.623008296145,0.51312452163,Shepherd,4,5.30162959352,4.06569682015
225,Shepherd_test41,3,6.98263096809,"s, prayer, super, sin, don, god, lord, want, let, hear",0.0386123100145,0.0249414903694,1.0,0.0,161.666666667,0.642563593145,0.624894913152,0.650501662217,Shepherd,4,4.06005555556,3.89408499555
227,Shepherd_test68,3,6.89730501175,"joy, ask, s, saul, wisdom, know, preach, got, go, get",0.0328113815095,0.0183494361418,0.666666666667,0.333333333333,165.666666667,0.645200874547,0.654177108655,0.573956982807,Shepherd,4,4.27851311426,3.9736594281
230,Shepherd_test35,3,6.71386218071,"s, don, sing, want, get, know, christ, t, preach, sure",0.0329882335249,0.0211026526378,1.0,0.0,164.333333333,0.573485254464,0.649528803237,0.744434788278,Shepherd,4,4.07708836859,4.18804413312
231,Shepherd_test5,3,6.65921401978,"s, rememb, tell, jesus, christ, love, someon, dad, ill, said",0.0310322255879,0.0260831059327,0.666666666667,0.333333333333,159.666666667,0.638420665564,0.688092344819,0.615710508,Shepherd,4,4.52569290466,4.11376992056
232,Shepherd_test24,3,7.94000506401,"s, grace, christ, fear, gift, don, ask, t, think, know",0.0347997233876,0.0257379860998,0.666666666667,0.333333333333,177.666666667,0.607368662874,0.638487259092,0.477381067688,Shepherd,4,4.31600990099,3.97398793576
233,Shepherd_test2,3,7.00592684746,"hope, attitud, happi, s, re, bad, bless, preacher, christ, want",0.0310712138787,0.0225188140276,1.0,0.0,152.666666667,0.608131105492,0.619312321903,0.678940812864,Shepherd,4,4.21895705546,4.14076057645
236,Shepherd_test61,3,7.59923291206,"s, heaven, christ, ask, pain, god, pleas, ill, troubl, told",0.0285644319939,0.0257308154906,0.333333333333,0.666666666667,169.666666667,0.563148585894,0.723811395739,0.587243539488,Shepherd,4,3.13125,3.02509534121
237,Shepherd_test55,3,6.80245685577,"wisdom, job, lord, get, wait, sin, dont, god, evil, know",0.0324926994001,0.0271967989392,1.0,0.0,116.666666667,0.733875112097,0.682682052297,0.6717043839,Shepherd,4,5.26549893196,3.76641713602
241,Shepherd_test12,3,8.14081811905,"get, want, sin, god, s, re, tri, christ, talk, let",0.0348332030947,0.0244618179643,0.666666666667,0.333333333333,165.666666667,0.663767977397,0.610603129983,0.62288553053,Shepherd,4,4.37202991453,3.98893766546
245,PastorAnderson_test5,3,24.6514589787,"s, re, say, save, get, go, preach, know, vers, bibl",0.0285371053049,0.0182484932896,1.0,0.0,742.666666667,0.545353660122,0.735661736499,0.659510464594,PastorAnderson,2,2.0,2.16173117083
246,PastorAnderson_test15,3,24.8623390198,"s, re, say, don, truth, get, want, bibl, know, pastor",0.0260099284712,0.0254229079023,0.666666666667,0.333333333333,818.666666667,0.347012891131,0.724634083168,0.701825938512,PastorAnderson,2,2.0,2.52888073067
247,PastorAnderson_test20,3,26.9508299828,"s, nt, preach, say, go, get, re, bibl, let, want",0.0238729740937,0.0167976351034,1.0,0.0,709.0,0.606380745137,0.741515889568,0.724142692709,PastorAnderson,2,2.0,2.06711607257
254,PastorAnderson_test18,3,21.9388859272,"s, re, say, nt, bibl, talk, vers, god, go, thing",0.0219737890746,0.0171141421225,1.0,0.0,498.333333333,0.696823493619,0.699446643561,0.698150669861,PastorAnderson,2,2.0,2.18096792801
255,PastorAnderson_test7,3,23.2761790752,"s, nt, re, say, go, forgiv, get, steward, let, want",0.0278805623981,0.017970577776,0.666666666667,0.333333333333,541.333333333,0.764254531252,0.641201489154,0.665509699556,PastorAnderson,2,2.2,1.83673194309
256,PastorAnderson_test17,3,25.6562819481,"re, s, nt, get, say, go, ve, know, want, let",0.0326652542416,0.0173546428879,1.0,0.0,596.666666667,0.803237628756,0.639786467013,0.703357486963,PastorAnderson,2,2.2,2.46271512848
263,PastorAnderson_test22,3,26.5181570053,"s, hell, say, go, nt, re, get, bibl, know, shall",0.028037961127,0.0280092290891,0.666666666667,0.333333333333,666.0,0.671013938998,0.709099782638,0.689159657144,PastorAnderson,2,2.4,1.95480066737
267,PastorAnderson_test1,3,21.2797851562,"s, nt, say, pride, get, re, go, vers, bibl, let",0.0369116802322,0.0190404744682,1.0,0.0,498.0,0.68563779348,0.715889696148,0.71761393807,PastorAnderson,2,2.0,2.0506799404
268,PastorAnderson_test11,3,21.3468000889,"s, re, get, say, saul, vers, nt, go, save, ve",0.0269155457066,0.0141826487663,1.0,0.0,477.666666667,0.805755190909,0.718903334315,0.746402398056,PastorAnderson,2,2.0,1.80151090289
273,PastorAnderson_test8,3,23.7981879711,"s, re, get, nt, say, go, know, save, want, bibl",0.031001252754,0.0197187915287,1.0,0.0,584.666666667,0.662203827528,0.728423578951,0.796882248926,PastorAnderson,2,2.0,1.87980138105
278,PastorAnderson_test4,3,24.8559589386,"s, re, nt, say, get, go, save, know, vers, gospel",0.0237397855232,0.022813295343,0.666666666667,0.333333333333,688.666666667,0.748422869595,0.71574684427,0.620769387195,PastorAnderson,2,2.0,2.10033964299
279,PastorAnderson_test14,3,25.0516631603,"s, re, nt, say, get, go, unto, want, bibl, shall",0.032149880247,0.0164132096442,1.0,0.0,677.0,0.654341546815,0.672320147569,0.761836852182,PastorAnderson,2,2.0,2.18477736202
280,PastorAnderson_test21,3,26.7676231861,"re, s, nt, get, say, job, go, know, bibl, look",0.0296355228979,0.0185388141298,0.666666666667,0.333333333333,694.0,0.643393160931,0.71110572523,0.770852777361,PastorAnderson,2,2.0,2.13313961779
282,PastorAnderson_test3,3,28.2807760239,"s, nt, get, want, say, look, let, know, bibl, hors",0.0292725789622,0.0118466450901,1.0,0.0,600.333333333,0.633661376714,0.693234707215,0.764758896353,PastorAnderson,2,2.0,1.87785027367
283,PastorAnderson_test13,3,25.3661839962,"s, say, nt, re, go, bibl, let, vers, get, know",0.0273328949575,0.0261249176611,0.666666666667,0.333333333333,561.666666667,0.684819978188,0.694228333954,0.723422900461,PastorAnderson,2,2.2,1.86930073502
292,PastorAnderson_test6,3,23.0849578381,"s, say, re, nt, bibl, get, woman, go, save, sin",0.0267114302032,0.0240217669094,0.333333333333,0.666666666667,496.666666667,0.652322116884,0.667015067056,0.686330928497,PastorAnderson,2,2.7,2.53873544134
293,PastorAnderson_test16,3,23.1671378613,"s, re, nt, say, preach, go, bibl, vers, get, chapter",0.0233828773224,0.0165741676947,0.666666666667,0.333333333333,534.0,0.734325630415,0.738615573644,0.705460403533,PastorAnderson,2,2.0,1.91368174838
300,PastorAnderson_test19,3,21.0737810135,"s, re, want, get, say, go, know, don, bibl, vers",0.0378458759762,0.0142203294307,1.0,0.0,668.333333333,0.435763098803,0.747654668143,0.702979942007,PastorAnderson,2,2.0,3.04271635668
301,PastorAnderson_test0,3,28.2738721371,"s, re, say, nt, go, get, bibl, let, look, know",0.021967029068,0.0127435457304,1.0,0.0,733.333333333,0.654137584659,0.759607185826,0.804582805854,PastorAnderson,2,2.0,2.52623716231
302,PastorAnderson_test10,3,26.6875991821,"s, re, nt, say, whi, bibl, baptist, get, go, know",0.0218179387655,0.0150167338656,1.0,0.0,746.666666667,0.649247953135,0.735711665398,0.684548614347,PastorAnderson,2,2.0,2.34503463341
309,PastorAnderson_test2,3,22.1587929726,"s, re, nt, get, say, go, save, bibl, ve, want",0.0275511810259,0.0206373092976,0.666666666667,0.333333333333,556.333333333,0.644916025097,0.710370262548,0.706556966327,PastorAnderson,2,2.0,1.85200097096
310,PastorAnderson_test12,3,22.2690238953,"s, nt, re, say, wine, unto, get, drink, go, vers",0.0209994907541,0.0155426254848,1.0,0.0,454.666666667,0.730519190971,0.706879322214,0.726815769278,PastorAnderson,2,2.0,2.11796815134
315,PastorAnderson_test9,3,26.2957260609,"s, re, get, nt, say, go, adulteri, bibl, look, thing",0.0245102501195,0.0258642317561,0.333333333333,0.666666666667,696.0,0.637700447192,0.631885508844,0.759897051105,PastorAnderson,2,3.1,2.54933683119
319,Unitarian_test16,3,12.2817029953,"feel, s, nt, justic, want, i, onto, mccarthi, aid, love",0.0283448811986,0.0269001585809,0.666666666667,0.333333333333,176.0,0.657188405571,0.687244368312,0.556973426549,Unitarian,7,5.17522670419,4.18608715954
320,Unitarian_test6,3,9.7422349453,"worth, kitchen, cook, muslim, light, think, justic, allah, challeng, ask",0.0300964725852,0.0177232730108,1.0,0.0,111.333333333,0.553879637371,0.69194916222,0.741155488412,Unitarian,7,4.68748436523,3.99661019514
327,Unitarian_test27,3,11.1849298477,"unitarian, universalist, nt, resist, know, easter, joy, am, s, silenc",0.0270312134257,0.0223140129098,0.666666666667,0.333333333333,127.0,0.602024942805,0.655513473035,0.482380024675,Unitarian,7,4.64631554362,4.08983630664
331,Unitarian_test13,3,10.6339681149,"frustrat, know, get, want, flower, let, everyth, realli, i, am",0.0334399764341,0.0225754854127,1.0,0.0,174.333333333,0.731939385854,0.665705766576,0.56159895234,Unitarian,7,4.40481182796,4.09161937246
332,Unitarian_test3,3,11.1775739193,"tell, let, know, violenc, s, love, bonni, feel, abus, nt",0.0269799125131,0.0237986023793,0.666666666667,0.333333333333,168.333333333,0.717348558906,0.724884883721,0.602949101979,Unitarian,7,4.39547619048,3.92887221416
335,Unitarian_test18,3,10.1785299778,"silenc, gay, sabbat, rustin, racism, am, joy, i, say, get",0.0339941727448,0.018723504387,1.0,0.0,137.666666667,0.623366599237,0.637983354163,0.675454957779,Unitarian,7,4.10744725767,4.06476334568
341,Unitarian_test21,3,11.5157780647,"anger, get, angri, am, tell, i, want, dont, ask, feel",0.0263739816425,0.0233009227291,1.0,0.0,205.333333333,0.70721267822,0.648241777877,0.540892494844,Unitarian,7,5.10923434988,4.16196750691
345,Unitarian_test15,3,11.7023229599,"wound, heal, rabbi, thing, talk, pain, unitarian, let, feel, know",0.0285753858794,0.0297227445195,0.666666666667,0.333333333333,163.0,0.650440252993,0.696623371046,0.5423505262,Unitarian,7,4.4828357618,4.00893120016
346,Unitarian_test5,3,10.494343996,"evil, heal, wonder, dream, miracl, broken, know, circl, grandmoth, s",0.034323806481,0.0274794037993,0.666666666667,0.333333333333,169.666666667,0.605284717169,0.649417641833,0.49461255562,Unitarian,7,4.03267656766,4.00443355674
352,Unitarian_test24,3,5.15520191193,"bread, talk, prayer, baghdad, spirit, blest, look, mind, am, hour",0.0294124483164,0.0197972052559,1.0,0.0,62.0,0.802857142857,0.653902246605,0.644400624053,Unitarian,7,5.90963676798,4.7488529898
354,Unitarian_test9,3,10.0265889168,"disappoint, stigma, stigmat, nt, am, donkey, i, say, talk, realli",0.0300467367184,0.0272717715883,0.333333333333,0.666666666667,168.666666667,0.672902944962,0.642419309503,0.624315154348,Unitarian,7,4.13397435897,4.56937279722
356,Unitarian_test23,3,7.54644799232,"say, water, gift, flow, know, ceremoni, congreg, dont, too, woman",0.0317071469365,0.0165915265506,1.0,0.0,101.0,0.659108082866,0.640967407518,0.61058061053,Unitarian,7,4.11232133879,4.19250199155
358,Unitarian_test17,3,10.3813109398,"bread, love, rosa, say, get, circl, am, round, let, talk",0.0320289246874,0.0179909584904,1.0,0.0,166.666666667,0.678173029246,0.677175179244,0.598309369356,Unitarian,7,5.12002349277,4.14899147008
359,Unitarian_test7,3,7.18413591385,"let, compass, truth, dont, f, worship, code, get, talk, feel",0.0217688721137,0.0103030927065,0.666666666667,0.333333333333,116.0,0.481527902035,0.675382162593,0.608362407433,Unitarian,7,3.93313821138,3.92553270418
367,Unitarian_test26,3,10.8721849918,"homeless, winter, gift, miracl, am, feel, get, want, rememb, s",0.0273026823165,0.0240536202653,0.666666666667,0.333333333333,166.666666667,0.69313758839,0.667847781627,0.625809976248,Unitarian,7,5.21200936597,4.24665415774
370,Unitarian_test10,3,10.4919130802,"easter, tomb, feel, flower, aliv, s, love, talk, am, joy",0.0337745528416,0.0178115047902,1.0,0.0,151.0,0.636637657608,0.687292160932,0.574013636581,Unitarian,7,4.49561327258,4.22225768306
371,Unitarian_test0,3,10.0947439671,"flower, am, grief, illus, let, s, feel, i, realli, silenc",0.030836755846,0.0249945687302,0.666666666667,0.333333333333,149.0,0.649031358287,0.697661614174,0.645240943939,Unitarian,7,4.20922465069,4.05463190917
372,Unitarian_test19,3,11.7657449245,"prison, nt, say, love, koala, yes, christma, i, s, ask",0.0327655724431,0.0269802145503,0.666666666667,0.333333333333,181.333333333,0.712756921688,0.655847114733,0.654722277166,Unitarian,7,4.73961952026,4.29196867937
380,Unitarian_test20,3,10.1451070309,"hurt, feel, windmil, reader, ask, snake, love, too, happi, pain",0.0348726497388,0.0252216058703,0.666666666667,0.333333333333,159.0,0.590066963519,0.699007811924,0.630203762457,Unitarian,7,4.56472805817,3.96956880423
384,Unitarian_test12,3,12.5506629944,"listen, am, s, nt, hear, i, choos, too, know, unitarian",0.0293026154504,0.0214579910244,1.0,0.0,171.666666667,0.689407469461,0.656179821906,0.560514455246,Unitarian,7,4.87088456281,4.16177516526
385,Unitarian_test2,3,7.91567087173,"dream, courag, safeti, let, congreg, y, rememb, n, i, morn",0.0231130674163,0.0268049326156,0.333333333333,0.666666666667,112.666666667,0.722714081341,0.657366434724,0.532577161987,Unitarian,7,4.48229700855,5.21034333256
395,Unitarian_test22,3,11.8120708466,"bend, say, heaven, am, i, els, know, love, nt, want",0.0299446400877,0.0257264377354,0.666666666667,0.333333333333,181.0,0.613845692633,0.701926561768,0.604066138471,Unitarian,7,4.28569290466,4.02911298488
397,Unitarian_test14,3,13.0980370045,"love, silenc, dream, merci, gd, nt, know, s, marriag, am",0.0297055478933,0.0182240615871,1.0,0.0,174.666666667,0.657275154042,0.725168018258,0.685934737496,Unitarian,7,5.01980605135,3.78871864148
398,Unitarian_test4,3,8.70307302475,"hope, congreg, unitarian, imagin, let, circl, s, universalist, wonder, christma",0.0278590784379,0.0146466766915,1.0,0.0,120.0,0.662668623633,0.726265546972,0.641405710012,Unitarian,7,4.52158627726,3.96328654113
404,Unitarian_test25,3,8.4080889225,"bread, am, sermon, love, break, let, glass, circl, feast, seeker",0.0319071348187,0.0209948387086,1.0,0.0,113.333333333,0.588735375213,0.739215803678,0.577728556824,Unitarian,7,3.27385522392,4.46039392107
406,Unitarian_test8,3,7.81823611259,"s, feel, get, nt, silenc, skin, am, say, comfort, racism",0.0251590702851,0.020706251627,1.0,0.0,127.333333333,0.714407502131,0.635076745581,0.542064879746,Unitarian,7,5.27291880139,3.9940718002
409,Unitarian_test11,3,12.0745010376,"forgiv, feel, parent, christma, silenc, know, ourselv, love, nt, pancho",0.0270702789055,0.0264890610396,0.333333333333,0.666666666667,169.666666667,0.663055323124,0.634304016737,0.707721676995,Unitarian,7,4.32307692308,3.95012479045
410,Unitarian_test1,3,7.53239798546,"easter, f, prefer, love, flower, am, i, seed, unmarri, someth",0.02280420047,0.0109905107273,0.666666666667,0.333333333333,109.333333333,0.419647261116,0.644896024468,0.537493141045,Unitarian,7,5.64003476311,4.03336172625
416,JohnPiper_test46,3,6.92474412918,"vers, joy, christ, glori, spirit, love, s, say, god, elder",0.0388353437268,0.0117894095597,1.0,0.0,116.333333333,0.681767239383,0.674127304617,0.651494903603,JohnPiper,4,4.44281967452,4.61230631673
417,JohnPiper_test22,3,7.19532799721,"god, gideon, vers, say, s, christ, hope, worship, camp, apostl",0.0240039217869,0.0173115958467,1.0,0.0,113.666666667,0.746086660617,0.672907259577,0.693980523488,JohnPiper,4,5.09168359649,4.37586842916
421,JohnPiper_test8,3,5.48122501373,"spirit, vers, worship, sin, babylon, god, baptiz, christ, say, heaven",0.029306460457,0.0192119184872,0.666666666667,0.333333333333,80.0,0.715988761822,0.773280495284,0.726734038344,JohnPiper,4,4.32893716373,4.27707333329
429,JohnPiper_test51,3,6.57403802872,"anxieti, cast, god, hope, humbl, scriptur, s, nt, humil, vers",0.0245557586252,0.0158949033977,1.0,0.0,106.666666667,0.702152777778,0.702317852793,0.624154465696,JohnPiper,4,4.2883703873,4.07097379067
430,JohnPiper_test25,3,7.44995713234,"vers, god, grace, s, hope, testimoni, asaph, nt, disord, psalm",0.0320015395005,0.0203710740506,0.666666666667,0.333333333333,98.3333333333,0.706646849666,0.682763807669,0.517296943269,JohnPiper,4,4.51129678607,3.94854809746
438,JohnPiper_test4,3,6.56857705116,"feel, love, christ, s, thing, spirit, fear, god, nt, tender",0.0357793670903,0.0278298374677,0.666666666667,0.333333333333,121.333333333,0.741125202343,0.629887436852,0.701716342956,JohnPiper,4,4.30359776424,4.10810854656
443,JohnPiper_test41,3,7.37378907204,"hope, christ, vers, god, s, whi, glori, gift, grace, say",0.0298572385855,0.0205029037048,1.0,0.0,108.333333333,0.70631754654,0.725267660696,0.671433113124,JohnPiper,4,4.44957588734,3.86705193805
444,JohnPiper_test33,3,6.86904096603,"love, job, god, vers, spirit, prophet, say, s, christ, whi",0.0421615896062,0.0203937974866,0.666666666667,0.333333333333,126.0,0.708647831644,0.759052703026,0.694926233972,JohnPiper,4,4.26435159285,5.09051914832
446,JohnPiper_test48,3,6.32194685936,"pray, god, vers, delight, nt, vain, christ, sleep, labor, medit",0.030438772775,0.0225197835039,0.666666666667,0.333333333333,108.333333333,0.715741008713,0.683285704341,0.690143223386,JohnPiper,4,4.54150863789,4.06759227568
447,JohnPiper_test20,3,6.98523187637,"love, s, vers, christ, god, say, thing, fruit, glori, let",0.0350547524093,0.0200859727805,0.666666666667,0.333333333333,143.333333333,0.745267655012,0.618723050537,0.638129689747,JohnPiper,4,5.57301695616,3.79585829861
453,JohnPiper_test13,3,5.89182710648,"sabbath, bless, let, vers, encourag, sunday, say, god, get, love",0.0335988503529,0.0099921130519,1.0,0.0,94.3333333333,0.728339516036,0.736081272407,0.609603448765,JohnPiper,4,5.73582417582,5.83096112505
454,JohnPiper_test57,3,6.85537290573,"god, love, nt, vers, say, ignor, s, know, christ, whi",0.0309151724242,0.0160635776533,1.0,0.0,105.0,0.693093126047,0.753062880777,0.64895571431,JohnPiper,4,4.14186369966,4.24078194657
458,JohnPiper_test37,3,7.05245304108,"prayer, strive, sin, s, hope, promis, god, vers, oath, let",0.028217206343,0.0183346578852,1.0,0.0,128.333333333,0.725302908178,0.656076624215,0.578007867796,JohnPiper,4,5.47743186267,4.25024180329
460,JohnPiper_test35,3,7.72068095207,"vers, hope, god, anchor, sing, jehoshaphat, christ, s, judah, say",0.0283200022395,0.0117425028454,1.0,0.0,143.0,0.743848807251,0.695321675051,0.671120765187,JohnPiper,4,4.67458464281,4.57229099503
466,JohnPiper_test2,3,5.60247302055,"perfect, fear, love, fountain, confid, righteous, judgment, god, vers, mouth",0.0491083012651,0.0267029941245,0.666666666667,0.333333333333,91.3333333333,0.691086691087,0.643320308888,0.618205526878,JohnPiper,4,5.0858429014,4.18451838642
471,JohnPiper_test43,3,6.52996087074,"sin, abort, vers, expos, christ, say, orphan, s, suffer, dark",0.029831072104,0.0450215807151,0.0,1.0,91.0,0.639743589744,0.728972399148,0.805553088058,JohnPiper,4,1.4165247678,1.99157502726
475,JohnPiper_test18,3,7.63541889191,"god, vers, dark, peacemak, say, nt, worship, light, overcom, vision",0.0246127273055,0.0198121064882,0.666666666667,0.333333333333,111.666666667,0.714340072484,0.688905496137,0.649825151833,JohnPiper,4,4.57700637544,4.07696463746
476,JohnPiper_test30,3,6.79787492752,"s, god, vers, majesti, say, heaven, jesus, instruct, salvat, thou",0.0228910498706,0.0150848851632,0.666666666667,0.333333333333,99.6666666667,0.610568112822,0.738161034442,0.558376886534,JohnPiper,4,3.98105219361,4.1033349821
478,JohnPiper_test26,3,4.91914701462,"nt, say, vers, s, want, sin, get, know, let, bold",0.030926699794,0.0253253190106,0.666666666667,0.333333333333,86.0,0.677015054563,0.669532964873,0.759904590256,JohnPiper,4,3.77155572121,3.71850248032
489,JohnPiper_test11,3,6.24228382111,"vers, god, s, save, say, cornelius, jesus, step, messag, peter",0.0214081662301,0.0200708182968,0.333333333333,0.666666666667,94.0,0.630106032255,0.663501819502,0.608924700447,JohnPiper,4,2.96425014846,4.08047878845
490,JohnPiper_test55,3,7.92961001396,"christ, hospit, gospel, vers, grace, hope, god, forgiv, nt, glori",0.0298120641023,0.0202265795909,1.0,0.0,127.666666667,0.659342676524,0.671811967257,0.709314976031,JohnPiper,4,5.01672952825,4.12038724893
491,JohnPiper_test29,3,6.08924508095,"sin, coven, jew, vers, circumcis, gentil, uncircumcis, s, spirit, truth",0.0259957325489,0.0323460147811,0.333333333333,0.666666666667,82.0,0.654958523482,0.69865196452,0.671192738893,JohnPiper,4,2.25746250653,2.28683452413
495,JohnPiper_test7,3,6.12050914764,"husband, vers, christ, submiss, s, nt, bounti, want, let, god",0.0322852663934,0.0154930404006,0.666666666667,0.333333333333,107.666666667,0.706574358898,0.751797027025,0.822796363929,JohnPiper,4,4.23279478759,4.28384873259
497,JohnPiper_test15,3,6.83047914505,"coven, love, god, s, vers, christ, sin, depth, evil, mind",0.029664222996,0.0237531103829,0.666666666667,0.333333333333,99.6666666667,0.758568361799,0.653164376246,0.638140594487,JohnPiper,4,4.57290950513,4.10244462019
501,JohnPiper_test0,3,6.67321491241,"god, resolv, fulfil, vers, glori, christ, s, predestin, glorifi, promis",0.0362354665632,0.010328677551,1.0,0.0,96.6666666667,0.707591414944,0.732613000829,0.672205429588,JohnPiper,4,4.9890970141,5.60443711724
506,JohnPiper_test45,3,6.49362611771,"christ, god, vers, say, will, yesterday, mind, hurt, s, grace",0.0323003828482,0.030590730557,0.333333333333,0.666666666667,110.666666667,0.675630231996,0.717218620856,0.59077619747,JohnPiper,4,3.16926955398,3.27135807615
509,JohnPiper_test9,3,4.44727706909,"vers, christ, s, let, god, jesus, worship, will, pictur, apollo",0.0329286783438,0.0206514445541,1.0,0.0,59.0,0.745163226862,0.673283515087,0.732107995584,JohnPiper,4,5.86998159556,4.29519589789
512,JohnPiper_test16,3,6.25356316566,"vers, distress, joy, god, s, flesh, christ, nt, hope, answer",0.0407598976832,0.0248937891831,1.0,0.0,98.3333333333,0.716530232383,0.683608312832,0.743280662861,JohnPiper,4,4.33502974719,4.14693550645
513,JohnPiper_test52,3,7.33960199356,"wisdom, occult, vers, god, say, spirit, s, jesus, spiritu, answer",0.0327037482787,0.0119765540451,1.0,0.0,98.0,0.69070945279,0.733009209589,0.742547855502,JohnPiper,4,4.82444744865,4.43041646389
514,JohnPiper_test24,3,7.17472195625,"grace, abid, prayer, gospel, priest, vers, jesus, god, let, s",0.0376225932261,0.0168559912936,0.666666666667,0.333333333333,116.666666667,0.737619306782,0.699438570874,0.538093467241,JohnPiper,4,4.66376900829,4.17599973104
516,JohnPiper_test31,3,6.77908587456,"vers, shame, lawless, whi, asham, say, coven, nt, gospel, god",0.0251415697706,0.03251858831,0.333333333333,0.666666666667,98.3333333333,0.668348770651,0.701051266585,0.630949721877,JohnPiper,4,3.51212669683,3.06201387986
520,JohnPiper_test32,3,6.45337295532,"gift, faith, heal, justifi, say, miracl, god, christ, s, love",0.0641966529822,0.018798190966,1.0,0.0,106.666666667,0.657198692579,0.625478764685,0.69945986299,JohnPiper,4,3.5930952381,4.3630280396
523,JohnPiper_test5,3,6.49505710602,"god, judgment, worship, am, fear, vers, will, s, deed, judg",0.0302984436059,0.0245122571836,0.666666666667,0.333333333333,108.333333333,0.699921726744,0.639236117591,0.636677802505,JohnPiper,4,4.2058429014,4.10575145615
528,JohnPiper_test40,3,6.48690795898,"god, fast, s, prayer, worship, bethlehem, want, say, glori, thing",0.0288247459211,0.0170751411619,0.666666666667,0.333333333333,90.3333333333,0.67447909419,0.724860251833,0.657026903976,JohnPiper,4,4.43805417585,3.98446975017
532,JohnPiper_test47,3,6.18885397911,"s, vers, rotten, let, say, mouth, mysteri, grace, nt, jesus",0.0264500956039,0.0237637146362,0.666666666667,0.333333333333,98.6666666667,0.651987701988,0.70743621804,0.601803589242,JohnPiper,4,3.02553030303,3.95226756552
533,JohnPiper_test23,3,6.68770909309,"spirit, christ, vers, god, grace, nt, s, matur, permit, say",0.0299337882809,0.0183946770106,1.0,0.0,122.0,0.729136971234,0.69972401356,0.621557813169,JohnPiper,4,4.67873615796,4.1020612877
538,JohnPiper_test14,3,7.26861596107,"abort, love, christ, god, vers, pleas, pleasur, spirit, pour, hope",0.035521730916,0.0281922545803,0.666666666667,0.333333333333,107.333333333,0.680109129219,0.697565594582,0.716860823416,JohnPiper,4,4.10998768473,3.73644535969
539,JohnPiper_test50,3,7.9977118969,"job, marriag, s, elihu, elder, righteous, vers, say, god, sin",0.0392189631946,0.0269560240141,0.666666666667,0.333333333333,132.333333333,0.611797923768,0.764931843091,0.649757189183,JohnPiper,4,3.12619047619,4.36948907775
546,JohnPiper_test36,3,5.70125699043,"vers, god, shall, lord, tith, joel, locust, redempt, nt, hope",0.0269016918627,0.0270804999711,0.666666666667,0.333333333333,85.0,0.698653846154,0.802061590208,0.68629440249,JohnPiper,4,3.98493678997,4.40622428495
547,JohnPiper_test3,3,6.48933196068,"zion, god, psalm, jerusalem, heaven, medit, nt, s, rememb, will",0.0316003665548,0.0167411603149,1.0,0.0,113.333333333,0.677022721944,0.704896877047,0.729744634728,JohnPiper,4,4.02444744865,3.93464506642
551,JohnPiper_test42,3,7.80507802963,"vers, god, idol, shall, lord, s, christma, christ, malachi, nt",0.0302308285843,0.0182398338203,1.0,0.0,131.0,0.714093137255,0.751175793425,0.735438408986,JohnPiper,4,4.00902890558,3.68727963582
554,JohnPiper_test19,3,7.21428608894,"etern, christ, salvat, vers, micah, digniti, god, promis, hope, priest",0.0237407548686,0.0287367268347,0.333333333333,0.666666666667,119.333333333,0.69649810085,0.748918642552,0.603625163943,JohnPiper,4,4.06926955398,3.69776966379
555,JohnPiper_test49,3,6.81361889839,"sin, christ, grace, gift, nt, god, vers, s, glori, jesus",0.0292339404496,0.0348566587558,0.333333333333,0.666666666667,114.666666667,0.727759642613,0.677214204018,0.711047061356,JohnPiper,4,3.84519774011,3.99947963449
556,JohnPiper_test21,3,8.04574012756,"vers, merci, satan, shall, say, bless, desir, savior, let, heaven",0.0266771578068,0.0333102450409,0.333333333333,0.666666666667,129.0,0.725692902937,0.706907402062,0.593382481449,JohnPiper,4,4.63391941392,4.71351836975
562,JohnPiper_test34,3,6.50962996483,"satan, vers, evil, christ, s, supper, god, say, lord, idolatri",0.0302192101581,0.0229942818804,0.666666666667,0.333333333333,106.666666667,0.642905423071,0.772388987141,0.554093392451,JohnPiper,4,4.27753686175,3.9276595128
563,JohnPiper_test12,3,6.82151198387,"god, woman, sin, dishonor, warn, s, say, vers, glori, christ",0.0195259693417,0.0322548443937,0.0,1.0,113.0,0.71655056696,0.74716791948,0.593910231473,JohnPiper,4,5.1,4.20004555138
566,JohnPiper_test56,3,6.66436290741,"joy, steal, say, vers, spirit, will, nt, jesus, shall, let",0.029668002282,0.0234096152759,1.0,0.0,115.0,0.634405318227,0.695754394316,0.619458501511,JohnPiper,4,4.46210422528,4.12377938188
567,JohnPiper_test28,3,7.03307294846,"vers, love, say, god, magnifi, christ, doer, justifi, s, nt",0.0389254232513,0.0164350174775,1.0,0.0,113.666666667,0.64633086212,0.681953321723,0.484690385132,JohnPiper,4,5.14993384346,5.0161617751
575,JohnPiper_test39,3,7.33805394173,"prayer, pray, jesus, vers, nt, god, heal, ask, s, say",0.032489021003,0.012019375503,1.0,0.0,99.6666666667,0.688080509022,0.671915673478,0.643796894282,JohnPiper,4,4.61891678003,4.67770799093
579,JohnPiper_test1,3,6.98038601875,"christ, s, simon, grace, god, gentil, worship, spirit, jesus, vers",0.0309986958203,0.013602279637,1.0,0.0,104.0,0.691203680412,0.724666448167,0.747273594214,JohnPiper,4,4.02444744865,4.04597750882
580,JohnPiper_test38,3,6.31629800797,"god, vers, happi, etern, want, s, christ, love, glori, wrath",0.0365865629844,0.0233213709703,1.0,0.0,99.3333333333,0.694799497851,0.65096103891,0.615608068083,JohnPiper,4,4.22470270173,3.8825492103
581,JohnPiper_test44,3,6.75913596153,"god, jesus, promis, vers, christ, s, say, endors, sarah, abraham",0.0235178501577,0.0207593619749,0.666666666667,0.333333333333,106.0,0.705321061398,0.678321351303,0.720106477012,JohnPiper,4,4.27606149322,4.24303016676
585,JohnPiper_test17,3,6.48015499115,"job, baptism, satan, god, repent, say, vers, s, baptiz, sin",0.0274963493069,0.0272873378792,0.333333333333,0.666666666667,103.333333333,0.675320512821,0.658515239179,0.592748468405,JohnPiper,4,3.89426282051,4.27686409225
587,JohnPiper_test53,3,6.40043020248,"savior, sin, vers, zeal, god, let, say, draw, nt, dead",0.0339765263003,0.0365323805273,0.333333333333,0.666666666667,109.666666667,0.687854242202,0.681529971884,0.616910361719,JohnPiper,4,3.70340286832,3.91760651824
588,JohnPiper_test27,3,7.3333158493,"barnaba, christ, vers, s, fals, reward, let, say, blood, bought",0.0329478355594,0.0254409429674,1.0,0.0,113.0,0.719102384544,0.747235395623,0.654356963119,JohnPiper,4,3.76824841825,3.88968904358
594,JohnPiper_test10,3,7.21750307083,"god, coven, christ, s, say, worship, bless, merci, hope, preach",0.0317864775377,0.00915078080218,1.0,0.0,122.666666667,0.71854146652,0.603700521002,0.52311980975,JohnPiper,4,4.79020262868,5.13689085618
596,JohnPiper_test54,3,6.54992413521,"salvat, gospel, god, pride, sin, vers, say, humil, joy, asham",0.0454778725344,0.0223851206983,1.0,0.0,105.333333333,0.630305599717,0.699110593441,0.622336549986,JohnPiper,4,3.82600500503,5.06768883471
599,JohnPiper_test6,3,6.89915800095,"sin, glori, christ, grace, god, s, say, vers, whi, everyon",0.029995080087,0.0347008454201,0.333333333333,0.666666666667,118.333333333,0.696722597179,0.646614589777,0.762841825722,JohnPiper,4,3.74519774011,3.25606480476
604,WBC_test40,3,7.23144292831,"shall, thou, thi, unto, shalt, sin, ye, lord, god, s",0.0176163280429,0.0321162078421,0.0,1.0,63.0,0.527133876947,0.702567880767,0.813691492577,WBC,1,1.61764705882,1.50801075681
605,WBC_test32,3,7.9753510952,"shall, unto, ye, noah, lord, thi, promis, spirit, ham, comfort",0.0217446773034,0.0197081264002,0.333333333333,0.666666666667,67.6666666667,0.610169508001,0.700192819639,0.734292792922,WBC,1,3.27838281518,2.57860230596
611,WBC_test39,3,7.94407892227,"thou, unto, noah, rejoic, thee, shall, ark, god, sin, shut",0.0273248623732,0.0297247428353,0.333333333333,0.666666666667,100.0,0.736244857602,0.761523843754,0.532196997585,WBC,1,4.07010989011,4.01017029669
612,WBC_test21,3,6.63894605637,"unto, spirit, thou, scriptur, god, abomin, lord, christ, s, shall",0.0279268892392,0.0244475957166,0.666666666667,0.333333333333,64.6666666667,0.646649662935,0.745494218393,0.903350964502,WBC,1,3.28328523329,2.97901966713
616,WBC_test16,3,8.61740112305,"unto, christ, sihon, shall, amorit, sin, lord, save, thou, wit",0.0229534570239,0.0256346532997,0.333333333333,0.666666666667,82.3333333333,0.501987619842,0.734348046676,0.725698547982,WBC,1,1.01764705882,0.870906365999
619,WBC_test11,3,6.92259097099,"shall, unto, paul, thou, sin, heaven, thing, jerusalem, creatur, christ",0.0218966061475,0.0295718546461,0.0,1.0,79.3333333333,0.651444763957,0.719089697717,0.739613531412,WBC,1,1.66996250653,1.60483751225
620,WBC_test35,3,8.34821796417,"unto, thou, shall, god, salvat, lord, tabernacl, thing, glori, faith",0.0327100528694,0.0215407332426,0.666666666667,0.333333333333,98.0,0.642085984191,0.713385713557,0.690171267439,WBC,1,3.92291887663,3.92878063604
623,WBC_test3,3,16.1673839092,"injuri, unto, shall, longsuff, spirit, injur, meek, ye, god, bear",0.030585773511,0.0252677112899,0.333333333333,0.666666666667,191.333333333,0.621061013169,0.68475090593,0.725735349336,WBC,1,4.02539878988,2.85220244959
629,WBC_test27,3,8.78692388535,"thi, shall, unto, thou, testimoni, stone, sermon, psalm, baptist, judgment",0.0239548761132,0.0247962622699,0.333333333333,0.666666666667,119.666666667,0.601114626243,0.729118194361,0.652242216534,WBC,1,2.27528594771,2.19123133952
634,WBC_test14,3,7.32494807243,"unto, shall, babylon, thou, lord, god, belov, thee, scout, thi",0.0244964414105,0.0304816713684,0.0,1.0,72.6666666667,0.608420447673,0.718342521276,0.613146145601,WBC,1,1.07629367536,1.57773213904
635,WBC_test28,3,10.0837061405,"shall, thi, thou, unto, ye, lord, christ, honour, god, gate",0.0268708961655,0.028381815355,0.333333333333,0.666666666667,141.666666667,0.670207446663,0.699497689032,0.70917294759,WBC,1,3.6187933635,2.68075075794
638,WBC_test6,3,6.8447201252,"shall, sin, obama, christ, aton, jen, lord, god, blood, s",0.0221608473334,0.0346473731084,0.0,1.0,76.6666666667,0.626660409492,0.712872036327,0.740619073912,WBC,1,1.66996250653,0.867211390002
641,WBC_test37,3,8.30505609512,"shall, unto, ie, sin, fag, belov, sermon, obama, heaven, wit",0.0295102374251,0.035605418576,0.333333333333,0.666666666667,74.3333333333,0.511615293371,0.668163944663,0.614754585414,WBC,1,1.92264705882,1.68001422853
644,WBC_test1,3,6.82326292992,"shall, thou, thee, unto, job, thi, god, heaven, warn, ie",0.0269254085471,0.0293083441425,0.333333333333,0.666666666667,84.0,0.574211309524,0.693113739316,0.653533069898,WBC,1,1.01764705882,1.41287703779
647,WBC_test8,3,7.96734595299,"unto, ye, peter, christ, shall, thou, grace, s, prophet, lord",0.0310944417131,0.0324692427276,0.333333333333,0.666666666667,67.0,0.474066326361,0.739453282879,0.845534064471,WBC,1,1.01764705882,1.17882456415
652,WBC_test25,3,6.60989284515,"shall, unto, thou, thee, thi, sin, s, absalom, david, shimei",0.0218141958415,0.0353607838644,0.0,1.0,66.3333333333,0.578571428571,0.66436054299,0.70775796454,WBC,1,1.61764705882,0.907163978681
657,WBC_test12,3,6.73334288597,"shall, bless, unto, heaven, lord, euphrat, ye, dri, say, hath",0.0328542114848,0.0241781501892,0.666666666667,0.333333333333,69.0,0.596394602964,0.780938163045,0.756189909363,WBC,1,3.3,3.92883338918
660,WBC_test4,3,10.4884140491,"shall, nt, love, preach, enemi, ye, hate, sin, zion, god",0.0273961591496,0.0289529569578,0.666666666667,0.333333333333,142.0,0.732105043551,0.609568302509,0.649846550951,WBC,1,5.0258588365,4.44658443892
663,WBC_test41,3,6.94839191437,"shall, unto, thou, christ, ye, thee, god, glori, etern, thi",0.0354773045753,0.0196796117116,1.0,0.0,78.3333333333,0.586941156558,0.752517516064,0.675766369682,WBC,1,3.5738987969,4.96842480954
664,WBC_test31,3,7.25865793228,"shall, unto, uzziah, thee, thou, lord, obama, ye, stone, s",0.0221385901976,0.0275143522765,0.333333333333,0.666666666667,74.6666666667,0.581138934845,0.7304039254,0.572381513952,WBC,1,1.01764705882,2.004959722
668,WBC_test38,3,9.16986584663,"shall, sin, unto, christ, peac, preach, barnaba, god, spirit, ye",0.0309587566398,0.0287594831952,0.333333333333,0.666666666667,92.0,0.602802163657,0.745545939822,0.666246278682,WBC,1,2.06200796108,1.41634514264
669,WBC_test22,3,7.84124112129,"balaam, unto, shall, hath, thee, israel, lord, moab, sermon, outlin",0.0268173889985,0.0229873236075,0.666666666667,0.333333333333,71.3333333333,0.571590026135,0.730221488789,0.673449313576,WBC,1,1.77498436523,3.21966819631
676,WBC_test19,3,10.3625581264,"shall, unto, thou, silenc, thi, afflict, ye, christ, thee, forth",0.0272118063809,0.0323710009131,0.666666666667,0.333333333333,104.666666667,0.638234350191,0.742262198153,0.755625689183,WBC,1,1.95142156863,3.25849382381
680,WBC_test10,3,7.00470304489,"shall, unto, thou, thee, ye, hell, thi, sin, whoredom, heaven",0.0215473273345,0.0364869327264,0.0,1.0,79.0,0.615558553642,0.670595118153,0.509037877733,WBC,1,2.78453017571,3.44961952604
681,WBC_test34,3,6.078592062,"unto, shall, thou, thee, bless, thi, naboth, god, ahab, curs",0.022122427074,0.0231127196271,0.333333333333,0.666666666667,66.6666666667,0.672744368771,0.74373966511,0.807366651846,WBC,1,4.24261816082,2.59651741745
686,WBC_test2,3,7.50565004349,"shall, unto, thee, thou, thi, lord, sin, fag, god, priest",0.0231600220885,0.0332579299567,0.0,1.0,73.0,0.587011815175,0.772630006639,0.800247015972,WBC,1,2.5,1.34227441782
688,WBC_test33,3,6.92645096779,"shall, unto, obama, ye, antichrist, wit, ie, marriag, god, belov",0.0194785104716,0.0330974398182,0.0,1.0,60.3333333333,0.484985424253,0.657624853946,0.697802334587,WBC,1,1.61764705882,1.77703154222
693,WBC_test20,3,7.44895410538,"unto, shall, etern, isaiah, vengeanc, ie, thou, wit, lord, heaven",0.023895359113,0.0218651555156,0.333333333333,0.666666666667,76.3333333333,0.539593199725,0.729801668222,0.498536747178,WBC,1,3.2693836792,3.61593954402
699,WBC_test17,3,7.71862792969,"shall, ye, unto, matthew, say, christ, trumpet, jesus, s, thou",0.0263311660812,0.0264477917998,0.666666666667,0.333333333333,94.6666666667,0.633056758057,0.706076614766,0.646791851097,WBC,1,2.72528520499,3.62702378725
700,WBC_test29,3,7.59495401382,"shall, ye, unto, god, say, thou, gift, s, ie, lord",0.0301843642479,0.0295581988076,0.666666666667,0.333333333333,92.0,0.64788171817,0.655671806053,0.665687729347,WBC,1,3.76564102564,3.68174405551
704,WBC_test36,3,6.54412508011,"shall, rev, demon, revel, obama, spirit, unto, god, beast, say",0.0289941932186,0.0253477381933,0.666666666667,0.333333333333,67.6666666667,0.583993783994,0.755565347606,0.519034121566,WBC,1,1.48783068783,3.65708923213
707,WBC_test0,3,7.37945389748,"unto, philistin, shall, ye, thou, saul, brethren, s, thi, thing",0.0244243888972,0.0290392057427,0.0,1.0,79.6666666667,0.638484848485,0.700222765232,0.706129836112,WBC,1,1.95746250653,1.5144751692
710,WBC_test26,3,7.85162997246,"shall, unto, spurgeon, heaven, sermon, s, lord, elisha, thou, haman",0.028350992789,0.021603231202,0.666666666667,0.333333333333,76.0,0.640543044717,0.688568686608,0.754893408055,WBC,1,3.98759270854,3.62576728305
717,WBC_test15,3,7.42211389542,"shall, unto, obama, thou, thi, lord, s, thee, bless, shalt",0.0256808569188,0.0213157149848,0.666666666667,0.333333333333,59.6666666667,0.514316529175,0.717053040114,0.724515976884,WBC,1,3.0,2.57752431733
721,WBC_test7,3,8.25196003914,"shall, belov, fag, unto, wit, lord, breastplat, sermon, urim, sodom",0.0242927445158,0.0255405317817,0.333333333333,0.666666666667,74.0,0.580428596591,0.776282009505,0.742913543448,WBC,1,2.5,1.36197630497
725,WBC_test30,3,7.66118001938,"unto, angel, shall, heaven, s, thou, wit, saith, lord, ye",0.0325361723814,0.0225823694218,1.0,0.0,91.0,0.534546618037,0.728683368744,0.705376412081,WBC,1,2.91463953764,3.99598802255
729,WBC_test23,3,9.9922721386,"shall, unto, scriptur, bibl, o, testament, punish, christ, ye, lord",0.0284741482186,0.0333497734351,0.666666666667,0.333333333333,89.3333333333,0.636082991994,0.762577102937,0.736507671417,WBC,1,2.57544754265,3.50619439246
731,WBC_test9,3,7.74534988403,"shall, unto, obama, worship, rev, thou, hear, christ, belov, almighti",0.0279836229457,0.0252715136201,0.666666666667,0.333333333333,72.0,0.510927003582,0.748735776779,0.638273795087,WBC,1,1.0,2.77109529913
735,WBC_test18,3,8.26354384422,"shall, etern, unto, hell, ye, god, sin, nt, torment, heaven",0.0276657618877,0.0354952232583,0.333333333333,0.666666666667,113.666666667,0.712782233985,0.730742804903,0.651579732308,WBC,1,4.39539127539,3.84081740394
736,WBC_test24,3,8.1724011898,"shall, unto, thou, wrath, abraham, sarah, christ, thee, will, belov",0.0298546138069,0.0371115248782,0.666666666667,0.333333333333,111.0,0.6754959965,0.726606415638,0.682065532423,WBC,1,3.49625880129,3.73061326022
739,WBC_test13,3,9.97550296783,"shall, thou, curs, bless, thi, unto, ye, nt, thee, mose",0.0170902144275,0.0192303522156,0.333333333333,0.666666666667,99.3333333333,0.601214397963,0.667138510004,0.586620454785,WBC,1,3.26336671817,4.08919837596
742,WBC_test5,3,8.98566389084,"unto, shall, christ, god, jen, scriptur, church, s, punish, ye",0.0207741826413,0.0314007981451,0.333333333333,0.666666666667,87.6666666667,0.556793252617,0.778493129226,0.677679109852,WBC,1,2.8,1.47228606304
746,DorothyDay_test8,3,9.8392329216,"negro, get, strike, pay, worker, room, money, helen, cotton, go",0.0252344344054,0.0187347701696,1.0,0.0,111.666666667,0.654331861758,0.675377042231,0.823344122462,DorothyDay,4,4.66759272675,4.27800985967
749,DorothyDay_test46,3,4.76926088333,"room, tamar, trip, worker, tree, bob, too, vermont, night, farm",0.0221119198578,0.0177743358036,0.666666666667,0.333333333333,53.3333333333,0.651014918073,0.684274142275,0.553532925335,DorothyDay,4,4.06196994152,4.03925908161
750,DorothyDay_test57,3,5.77871584892,"love, want, say, worker, hear, tri, farm, tell, talk, illus",0.0336449338145,0.0175502260615,1.0,0.0,72.3333333333,0.708094855605,0.724639686915,0.616799055343,DorothyDay,4,4.3376778725,4.79623481577
751,DorothyDay_test64,3,6.23747801781,"retreat, too, room, pen, worker, patient, cloth, ward, detent, prison",0.025636089908,0.0223069879854,0.666666666667,0.333333333333,70.3333333333,0.651684253247,0.685972451396,0.719482387081,DorothyDay,4,3.83788306859,3.81658745046
752,DorothyDay_test26,3,6.18559622765,"room, dont, get, i, go, tri, talk, got, told, too",0.0253926052024,0.0220433532444,0.666666666667,0.333333333333,103.0,0.799439191195,0.71150361301,0.588169403902,DorothyDay,4,6.20127272727,3.9441081037
753,DorothyDay_test37,3,3.67522096634,"conscript, mont, cassino, cathol, monasteri, stbenedict, monk, worker, matern, compulsori",0.0322074818313,0.0182766359524,1.0,0.0,29.0,0.63515242927,0.675997609079,0.720187574464,DorothyDay,4,7.605,4.04212676674
754,DorothyDay_test13,3,3.27528381348,"communion, priest, labor, too, prayer, altar, burlington, feast, pray, strike",0.0283372081746,0.0198953327112,0.666666666667,0.333333333333,33.3333333333,0.734775289123,0.686142156378,0.651158165184,DorothyDay,4,5.35436479014,3.97258968164
756,DorothyDay_test3,3,6.37144398689,"love, retreat, fr, joy, prayer, pentecost, too, christ, get, weekend",0.0370892651108,0.0268342693559,1.0,0.0,85.6666666667,0.722558074017,0.735114085874,0.656957686165,DorothyDay,4,4.36443889444,4.29001773075
772,DorothyDay_test43,3,5.98242807388,"get, fr, room, worker, prayer, talk, taiz, milwauke, meet, night",0.0207075095746,0.0168344693702,0.666666666667,0.333333333333,61.6666666667,0.658417104631,0.692014788927,0.699450628239,DorothyDay,4,4.37587500198,4.16457792215
773,DorothyDay_test52,3,5.08020186424,"priest, pray, senat, too, rememb, fr, atom, joy, night, worker",0.0199264006777,0.0208986747041,0.333333333333,0.666666666667,55.6666666667,0.743915539197,0.679182612341,0.523929247509,DorothyDay,4,5.02338108128,5.24773130773
775,DorothyDay_test69,3,4.7805211544,"worker, room, labor, night, get, love, talk, thi, ask, too",0.0259762843178,0.017329957008,1.0,0.0,60.0,0.757363720617,0.723298785703,0.739399700017,DorothyDay,4,4.40982400615,4.13805988121
777,DorothyDay_test74,3,6.50017690659,"room, pray, worker, prayer, tamar, fr, farm, carrol, poverti, night",0.0217259304628,0.0167486735707,0.666666666667,0.333333333333,81.3333333333,0.65377686713,0.619048460238,0.631851110608,DorothyDay,4,3.73215622613,3.97272430362
779,DorothyDay_test23,3,4.21468806267,"worker, poor, farm, pay, stjoseph, tell, crowd, destitut, get, migrant",0.0267895405211,0.0189053440328,0.666666666667,0.333333333333,34.3333333333,0.598646713308,0.727751701891,0.6054724878,DorothyDay,4,4.76195426195,3.82083356018
780,DorothyDay_test16,3,6.31959295273,"worker, get, labor, strike, arthur, tri, street, morn, know, say",0.0265078463466,0.0184045894455,0.666666666667,0.333333333333,79.0,0.803298969966,0.729342853926,0.70251209417,DorothyDay,4,7.30127272727,4.20265920376
783,DorothyDay_test6,3,3.86644911766,"worker, maurin, comfort, cow, too, pray, wish, talk, tompkin, rochest",0.022251686397,0.0151326221188,1.0,0.0,44.3333333333,0.686507936508,0.765859336994,0.629965202427,DorothyDay,4,4.63543640775,3.99924764364
787,DorothyDay_test55,3,3.13820695877,"vietnam, camp, priest, want, japanes, shackleton, carita, reader, vietnames, tri",0.0173382213194,0.0193426482339,0.333333333333,0.666666666667,23.3333333333,0.513001083424,0.720934647882,0.651397660428,DorothyDay,4,3.9,2.51504750805
788,DorothyDay_test62,3,4.97314596176,"seattl, love, am, get, bishop, seem, pray, hospit, too, worker",0.0382906459509,0.0182019997076,1.0,0.0,56.0,0.763153558683,0.756882312496,0.644783149342,DorothyDay,4,6.58855864532,6.44930040899
789,DorothyDay_test24,3,9.24346208572,"too, fr, get, worker, room, priest, maurin, trip, hospit, talk",0.0243566268671,0.0165967376373,1.0,0.0,114.666666667,0.71844304097,0.717797226488,0.837082736392,DorothyDay,4,3.76879747035,3.86102019451
790,DorothyDay_test31,3,9.24951887131,"get, am, pray, too, room, i, feel, novena, say, afternoon",0.0239072870041,0.0214727617319,0.666666666667,0.333333333333,125.666666667,0.784679176091,0.685932885254,0.580349125601,DorothyDay,4,4.41232876879,3.93934941273
791,DorothyDay_test11,3,6.24478507042,"prison, love, worker, get, know, tri, say, answer, fr, thing",0.0271732225626,0.0200774174666,0.666666666667,0.333333333333,81.0,0.738962018374,0.746245596784,0.686062491556,DorothyDay,4,4.31058619159,3.98089395351
793,DorothyDay_test1,3,5.37142801285,"worker, tax, farm, ade, get, bus, ammon, too, reader, bed",0.0263272218729,0.0244355432089,0.333333333333,0.666666666667,58.0,0.622572339772,0.649876393919,0.705054594752,DorothyDay,4,2.85823184518,2.82382170479
801,DorothyDay_test18,3,6.18370318413,"worker, too, room, conscienc, ask, go, tamar, happi, answer, pray",0.0204245880328,0.0161536583019,0.666666666667,0.333333333333,62.3333333333,0.713534159495,0.75767934467,0.802493353416,DorothyDay,4,5.08897656277,4.15152344832
810,DorothyDay_test59,3,3.09485316277,"prayer, stteresa, feel, felt, know, wish, morbid, soul, how, god",0.0203473444027,0.0199573838096,0.333333333333,0.666666666667,36.0,0.739351851852,0.642549230565,0.756346900074,DorothyDay,4,5.05888132623,4.73381761447
813,DorothyDay_test28,3,5.23652696609,"ammon, worker, reinhold, labor, prison, hope, taena, get, talk, merci",0.0242350096828,0.0292777600084,0.666666666667,0.333333333333,53.0,0.719557667995,0.705213137521,0.460858018753,DorothyDay,4,4.7778246636,4.46185326606
815,DorothyDay_test45,3,3.69339299202,"retreat, fr, lacoutur, priest, montreal, love, worker, inde, quot, hugo",0.033703455356,0.0337229350079,0.333333333333,0.666666666667,45.6666666667,0.530404152762,0.733638655088,0.675899059088,DorothyDay,4,4.6,0.635751631767
816,DorothyDay_test50,3,8.47373604774,"prison, get, night, i, worker, go, talk, too, woman, babi",0.022573778615,0.0199872109743,0.666666666667,0.333333333333,128.666666667,0.734599871428,0.692479457948,0.616853892734,DorothyDay,4,5.16924796071,4.01035374936
818,DorothyDay_test67,3,5.99160218239,"worker, cooper, hope, prison, too, penanc, jail, must, labor, ammon",0.0303528293102,0.0191206548387,1.0,0.0,73.0,0.751346636223,0.700560412085,0.778862562197,DorothyDay,4,4.09594604974,4.27932736727
820,DorothyDay_test76,3,4.65309000015,"love, worker, let, bread, retreat, rememb, too, smell, reader, fr",0.0316872399434,0.0304212872327,0.666666666667,0.333333333333,60.3333333333,0.670123493528,0.705659796017,0.563599994633,DorothyDay,4,4.28863321863,3.67224255025
822,DorothyDay_test21,3,5.23934793472,"danvill, polic, jail, told, negro, picket, prayer, worker, priest, pacifist",0.0227729204535,0.0256032360568,0.333333333333,0.666666666667,58.0,0.717638665953,0.748248591494,0.592196063338,DorothyDay,4,4.09072788941,4.32865186208
823,DorothyDay_test34,3,5.8838160038,"love, silenc, job, thi, worker, poverti, comfort, talk, hour, am",0.0322312740932,0.0193611969459,1.0,0.0,88.3333333333,0.687510442774,0.660134081509,0.557985446123,DorothyDay,4,4.28351137188,4.23732172465
824,DorothyDay_test14,3,6.61154007912,"maloff, bus, get, doukhobor, worker, trip, pete, i, christ, jona",0.0282062409319,0.0149961281528,1.0,0.0,84.6666666667,0.736597836775,0.726080941107,0.749154812934,DorothyDay,4,4.09282344438,4.15659714761
827,DorothyDay_test4,3,4.57345104218,"hospit, get, prayer, ward, worker, mental, bellevu, stjoseph, love, go",0.0203048025439,0.0238920990113,0.333333333333,0.666666666667,44.3333333333,0.802365504774,0.698445904643,0.72244240687,DorothyDay,4,5.63333333333,5.4148420427
833,DorothyDay_test60,3,7.10046219826,"guard, strike, picket, prison, jail, hunger, felt, night, rememb, job",0.0345684221452,0.0236114507684,0.333333333333,0.666666666667,85.3333333333,0.662110223074,0.802173536344,0.65436050749,DorothyDay,4,4.16849233945,3.29690219514
836,DorothyDay_test33,3,5.90160107613,"tri, poverti, worker, money, get, talk, too, go, say, paid",0.0262754301613,0.0202500463124,0.666666666667,0.333333333333,89.6666666667,0.767899054123,0.7279688111,0.599141197174,DorothyDay,4,4.20387336193,3.79158161835
843,DorothyDay_test49,3,6.69582891464,"obedi, obey, meant, worker, love, say, belloc, i, too, said",0.0273930096088,0.0159559248145,1.0,0.0,82.3333333333,0.718156843157,0.702631486686,0.651708703287,DorothyDay,4,4.43917062545,4.16312360415
854,DorothyDay_test71,3,5.33004188538,"fr, worker, peter, get, bus, talk, labor, parish, maurin, teresa",0.0253320444927,0.0154586496832,1.0,0.0,57.0,0.652489564699,0.757162878705,0.764838937605,DorothyDay,4,4.19097703694,3.93408744116
858,DorothyDay_test47,3,5.38313698769,"cathi, retreat, fr, get, room, maurin, got, too, worker, night",0.0230555830235,0.0237297476753,0.333333333333,0.666666666667,66.0,0.701968253968,0.731869807505,0.683871644379,DorothyDay,4,4.3052771756,3.75666750303
859,DorothyDay_test56,3,6.25671601295,"rayna, mroconnel, love, mauric, rememb, fr, met, truth, raph, tell",0.0302642584294,0.0200721040993,0.666666666667,0.333333333333,93.6666666667,0.781380944898,0.659194437002,0.532915398032,DorothyDay,4,4.38606458535,3.99187596426
860,DorothyDay_test65,3,6.33909106255,"labor, worker, farm, pray, love, get, talk, must, go, fr",0.0271080335176,0.0225842799597,0.666666666667,0.333333333333,70.6666666667,0.706513312211,0.685225848943,0.519235674296,DorothyDay,4,5.117227522,3.94900601616
862,DorothyDay_test27,3,3.00052595139,"joe, picket, christ, suffer, retreat, ourselv, say, blood, farm, pray",0.0226232638593,0.035135884302,0.0,1.0,33.0,0.781629264683,0.733729110007,0.634811906004,DorothyDay,4,4.86402597403,5.12440188018
863,DorothyDay_test36,3,4.3042910099,"paulina, prison, too, worker, ammon, cloth, tri, get, room, go",0.0259826906431,0.0223659268255,0.666666666667,0.333333333333,53.0,0.798497798498,0.713550893261,0.672900284151,DorothyDay,4,5.62727272727,4.1914917781
864,DorothyDay_test12,3,4.67748498917,"hutterit, bread, destitut, joy, soup, pacifist, room, hope, evil, christ",0.02768070653,0.0219672073865,0.666666666667,0.333333333333,57.3333333333,0.778053600694,0.707020489179,0.650351462381,DorothyDay,4,5.30337847338,4.0317466828
866,DorothyDay_test2,3,6.9986269474,"communism, get, want, christ, margaret, shall, love, communist, babi, say",0.0322244236951,0.0256217834165,0.666666666667,0.333333333333,117.333333333,0.748960763346,0.725905311765,0.655313503504,DorothyDay,4,3.76824841825,4.04400333529
887,DorothyDay_test40,3,3.13410305977,"worker, negro, mrselli, stjoseph, job, know, too, lose, hope, overcom",0.0369387800563,0.0206842453635,1.0,0.0,36.3333333333,0.776400759734,0.740942091628,0.673183233958,DorothyDay,4,6.92929938606,5.70645079136
890,DorothyDay_test73,3,3.89760994911,"franz, love, worker, jagerstatt, gordon, zahn, too, christ, priest, refus",0.0339169007359,0.018779123721,0.666666666667,0.333333333333,41.3333333333,0.666729475546,0.682863660278,0.62158718464,DorothyDay,4,5.64557594645,4.00377480119
892,DorothyDay_test39,3,2.53251600266,"worker, otool, msgr, talk, room, hospit, senat, rememb, judg, cooper",0.0189916236721,0.0203181838982,0.333333333333,0.666666666667,22.3333333333,0.661076604555,0.727043153689,0.620867156649,DorothyDay,4,5.24623655914,4.15036852789
895,DorothyDay_test9,3,4.17098808289,"room, tenement, worker, door, poverti, i, love, morn, w, thank",0.0301350395332,0.033975090316,0.333333333333,0.666666666667,55.6666666667,0.717284522706,0.791898460273,0.656968595183,DorothyDay,4,4.77223110223,3.94635629009
898,DorothyDay_test54,3,9.0432510376,"worker, get, am, maurin, tamar, charli, i, farm, poverti, talk",0.0233508398817,0.0183623527727,1.0,0.0,111.0,0.801732040334,0.733812554028,0.524033305449,DorothyDay,4,6.244,4.74697817308
899,DorothyDay_test63,3,5.69745802879,"retreat, worker, chapter, peggi, farm, want, get, love, smokey, fr",0.0287291321075,0.0242604918187,1.0,0.0,69.3333333333,0.638200852625,0.707345731555,0.620340440293,DorothyDay,4,3.59397204647,4.00629648914
900,DorothyDay_test25,3,5.30976605415,"worker, retreat, rememb, love, mott, will, am, too, maurin, staten",0.0237148827613,0.0173125105051,0.666666666667,0.333333333333,64.6666666667,0.757072384979,0.765157931379,0.736932043437,DorothyDay,4,5.02105604485,4.20056639739
901,DorothyDay_test30,3,9.3867020607,"love, retreat, sin, get, god, too, say, pay, ask, am",0.0252193767113,0.0239109018575,0.666666666667,0.333333333333,156.0,0.716086148845,0.693523667565,0.748808817535,DorothyDay,4,4.4957635468,4.05974659317
902,DorothyDay_test10,3,6.20496296883,"get, destitut, worker, strike, poverti, labor, dollar, job, got, paid",0.0200449216342,0.0298904749943,0.0,1.0,80.3333333333,0.723183890921,0.751479414253,0.689000160715,DorothyDay,4,4.5572960373,3.86650054508
903,DorothyDay_test0,3,8.1584649086,"get, worker, farm, dollar, go, girl, feel, tri, job, told",0.0244614627714,0.0168309992248,1.0,0.0,96.0,0.642829900839,0.777807018143,0.720363031393,DorothyDay,4,3.93655524026,3.920707917
917,DorothyDay_test58,3,5.88209199905,"too, farm, worker, maurin, moment, merci, yellow, love, fool, room",0.0305000348415,0.0272231216893,0.333333333333,0.666666666667,71.3333333333,0.813653779171,0.753058158353,0.70173196102,DorothyDay,4,5.5,4.85145097188
918,DorothyDay_test29,3,9.81421113014,"christ, love, poverti, worker, too, am, hope, get, i, ask",0.02761329132,0.0272796490755,0.666666666667,0.333333333333,160.666666667,0.825707911279,0.695520930017,0.819834525046,DorothyDay,4,4.9,4.41631620959
923,DorothyDay_test42,3,4.47775506973,"worker, ownership, get, want, factori, go, farm, room, school, job",0.0200321198731,0.019678418084,0.666666666667,0.333333333333,43.6666666667,0.645169484798,0.72840963587,0.686567753479,DorothyDay,4,4.18619381127,3.98327200564
924,DorothyDay_test53,3,4.69425106049,"worker, get, talk, reader, tell, gerri, antigonish, must, farm, know",0.0264360621232,0.018117114375,0.666666666667,0.333333333333,62.3333333333,0.745423517212,0.735980063815,0.693469546168,DorothyDay,4,4.67104521061,4.01929453592
926,DorothyDay_test68,3,4.08692121506,"poverti, ask, poor, get, love, cloth, too, know, mayb, bread",0.0327408523591,0.0244964703793,1.0,0.0,53.3333333333,0.783870601513,0.685890236879,0.698763130046,DorothyDay,4,5.7750343965,4.10831517411
928,DorothyDay_test75,3,2.55667185783,"worker, summari, club, instruct, parish, doc, kansa, newman, cathol, get",0.0242667545408,0.0245263360502,0.666666666667,0.333333333333,17.0,0.584481332535,0.7367913966,0.678311085293,DorothyDay,4,3.1,2.96962448746
930,DorothyDay_test22,3,4.12353992462,"priest, duffi, christ, fr, worker, labor, obedi, bishop, say, unemploy",0.0251147602165,0.0218801393295,0.333333333333,0.666666666667,53.0,0.797156752126,0.701376915008,0.647552532723,DorothyDay,4,5.46881118881,4.85929683218
931,DorothyDay_test17,3,6.34411406517,"too, picket, eat, worker, get, bread, am, tri, say, labor",0.0262541662269,0.022338581776,0.666666666667,0.333333333333,87.0,0.759641325536,0.763764602992,0.717322846381,DorothyDay,4,4.10972840952,4.15501785584
934,DorothyDay_test7,3,4.31410479546,"prayer, say, love, bread, room, priest, christ, am, pray, dollar",0.0305212927559,0.0190046964911,1.0,0.0,54.3333333333,0.800793879446,0.713817295254,0.792684426549,DorothyDay,4,6.24647887324,4.99371116493
939,DorothyDay_test61,3,5.60399508476,"prison, get, seattl, am, worker, portland, visit, sing, ammon, room",0.0196266209132,0.0205190911466,0.333333333333,0.666666666667,58.0,0.707600139324,0.770333706751,0.741213831103,DorothyDay,4,5.11971730351,4.21308831893
940,DorothyDay_test32,3,4.25427103043,"worker, strike, labor, let, cuban, say, talk, pay, cuba, reader",0.0309781465289,0.0250700308884,0.666666666667,0.333333333333,50.6666666667,0.72514619883,0.710476838425,0.756718630793,DorothyDay,4,4.68328523329,4.02258581555
949,DorothyDay_test19,3,6.34868192673,"poverti, fr, too, talk, regamey, poor, christ, tri, worker, say",0.0253391549185,0.0211720884068,0.666666666667,0.333333333333,70.0,0.662752183077,0.705453463845,0.657560332204,DorothyDay,4,4.17945612001,3.95599337399
961,DorothyDay_test70,3,5.72518610954,"hospit, worker, room, sleep, night, shelter, done, morn, stjohn, door",0.0220698648845,0.0139165812261,1.0,0.0,62.6666666667,0.692436025769,0.718384693096,0.647731971329,DorothyDay,4,4.4161093342,4.07345265143
963,DorothyDay_test44,3,5.0953578949,"tri, sobel, worker, get, love, room, bless, told, morton, benedictin",0.0323546431791,0.0181513433766,1.0,0.0,59.0,0.763111837538,0.755937701819,0.607762434927,DorothyDay,4,5.11108611785,5.07152716348
964,DorothyDay_test51,3,3.93320298195,"peter, worker, ask, get, labor, maurin, poverti, reader, tri, rent",0.0268915595575,0.0193066318781,1.0,0.0,42.6666666667,0.686324786325,0.744040784944,0.667680311736,DorothyDay,4,4.23098388617,3.967276943
965,DorothyDay_test66,3,4.07221102715,"worker, get, priest, pell, fr, hope, maurin, woman, i, farm",0.0235247526575,0.0162125861964,1.0,0.0,56.3333333333,0.774514268367,0.793846911958,0.60041123296,DorothyDay,4,4.91585283261,4.32690494356
966,DorothyDay_test77,3,10.5372669697,"prison, girl, get, babi, too, heard, tri, want, go, know",0.0245225757902,0.0279525479966,0.333333333333,0.666666666667,135.0,0.703810102519,0.740150273489,0.674771773386,DorothyDay,4,3.13768737272,3.49475982673
968,DorothyDay_test20,3,5.9287788868,"get, morn, worker, cotton, night, priest, pick, room, littl, poverti",0.0215861378294,0.0176282917538,0.666666666667,0.333333333333,69.0,0.738751012352,0.766907365689,0.624227234112,DorothyDay,4,4.5366368947,4.04747076743
969,DorothyDay_test35,3,4.9331138134,"picket, polic, jew, arrest, refuge, striker, tri, judg, should, get",0.014525486217,0.0281580844108,0.0,1.0,46.6666666667,0.614411630037,0.692522891467,0.718689579995,DorothyDay,4,4.3,2.1683033523
970,DorothyDay_test15,3,5.86467409134,"worker, q, tivoli, too, morn, get, poverti, thing, go, pamphlet",0.0253991912809,0.0163372310091,1.0,0.0,60.3333333333,0.682911292667,0.751665210311,0.67750835171,DorothyDay,4,4.23098388617,3.92134726156
973,DorothyDay_test5,3,4.3433880806,"worker, slough, camp, stockton, migrant, get, fr, mexican, pay, tri",0.0252257232357,0.0132393587617,0.666666666667,0.333333333333,45.6666666667,0.546837444655,0.779974563943,0.61145225623,DorothyDay,4,3.35160943437,4.15017292604
987,DorothyDay_test48,3,3.22529101372,"worker, tree, contempl, dinner, winter, cathol, money, pleasur, christma, joy",0.0282224248302,0.0115237270667,1.0,0.0,22.0,0.60462962963,0.746697436746,0.461018093349,DorothyDay,4,5.5,4.60646637936
996,DorothyDay_test41,3,2.78362798691,"joy, prison, worker, christ, stjoseph, farm, ourselv, know, love, picket",0.0331267836753,0.0347583566025,0.666666666667,0.333333333333,25.6666666667,0.722489316239,0.721419774324,0.721842790125,DorothyDay,4,7.2,4.17500072553
999,DorothyDay_test72,3,5.16324591637,"tamar, talk, night, cost, farm, tree, fr, room, morn, visit",0.0228473137573,0.0139886458757,0.666666666667,0.333333333333,55.6666666667,0.723216822961,0.783819594695,0.562489606837,DorothyDay,4,5.17051516342,3.96176683619
1001,DorothyDay_test38,3,4.52847385406,"get, bed, room, worker, meet, snow, night, montreal, woman, too",0.0214422196542,0.0170198459646,0.666666666667,0.333333333333,56.0,0.774020715282,0.714454908665,0.59218875707,DorothyDay,4,4.5299996479,4.15552142072
1003,Rabbinic_test7,3,5.92967915535,"jew, convers, jewish, orthodox, shavuot, torah, basebal, communal, whi, gibson",0.0244185052566,0.011106801668,1.0,0.0,67.3333333333,0.710490873649,0.671793958692,0.600283893608,Rabbinic,6,5.6739455869,4.83979011351
1005,Rabbinic_test8,3,5.89381790161,"soloveitchik, jacob, hope, israel, joseph, jewri, moment, let, know, destini",0.0238930778821,0.0283052942137,0.0,1.0,68.3333333333,0.746972485657,0.672511732541,0.655427987489,Rabbinic,6,4.37176490176,4.7988305191
1008,Rabbinic_test16,3,5.92483711243,"samson, memori, walk, fear, israel, shul, rememb, jewish, bridg, expect",0.0188238850581,0.0232235563421,0.666666666667,0.333333333333,72.0,0.793772574418,0.646058776281,0.549270031935,Rabbinic,6,5.81406698565,4.53713164349
1010,Rabbinic_test5,3,5.6876039505,"borowitz, jewri, jew, torah, judaism, garden, choos, will, get, tell",0.0236567495789,0.0143446497286,0.666666666667,0.333333333333,65.3333333333,0.768524614147,0.723608238388,0.744353851793,Rabbinic,6,4.62105604485,4.39170849636
1016,Rabbinic_test13,3,5.84282612801,"israel, prophet, heschel, synagogu, ask, am, too, let, convers, dream",0.0207523919403,0.0139474402599,1.0,0.0,70.6666666667,0.741003818876,0.660990055964,0.631984481901,Rabbinic,6,4.97138184243,4.71838495802
1017,Rabbinic_test14,3,6.15131402016,"mose, ourselv, aaron, judg, sin, rabbi, know, moment, holiday, ask",0.0234770897497,0.0172001455355,0.666666666667,0.333333333333,74.0,0.815842458643,0.706962020952,0.776093237749,Rabbinic,6,7.28727272727,4.68869244518
1021,Rabbinic_test2,3,8.42909598351,"failur, rabbi, elisha, synagogu, steinberg, jew, perfect, fail, tri, god",0.0246239264467,0.0306322555424,0.0,1.0,111.0,0.766924091832,0.666027196357,0.654287916728,Rabbinic,6,4.70885003885,5.2048067171
1026,Rabbinic_test11,3,4.93853712082,"bless, jacob, jewish, let, nonjewish, happen, want, yizkor, ask, atzeret",0.0265952815141,0.0178162952975,0.666666666667,0.333333333333,54.6666666667,0.751090907841,0.670447414161,0.702944371707,Rabbinic,6,4.59145725605,4.29439334307
1027,Rabbinic_test0,3,6.07007002831,"know, love, ask, want, everyon, realli, ourselv, answer, whi, don't",0.0239372305021,0.0267839664414,0.333333333333,0.666666666667,86.3333333333,0.806571662736,0.648101776112,0.622509375945,Rabbinic,6,5.29953379953,5.8482868412
1029,Rabbinic_test9,3,5.27112817764,"jew, moment, jewish, strauss, lvi, shabbat, hope, freud, marx, regret",0.0187793418115,0.0204017039472,0.333333333333,0.666666666667,65.3333333333,0.769748367574,0.694170554178,0.678272165698,Rabbinic,6,5.20986790987,5.32138683927
1033,Rabbinic_test6,3,6.74994683266,"evil, koufax, hyphen, jew, know, sandi, eichmann, whi, ourselv, jewish",0.0192722966326,0.0202829820531,0.666666666667,0.333333333333,73.6666666667,0.687742682441,0.629058103005,0.686260267295,Rabbinic,6,4.52452754482,4.36225896368
1040,Rabbinic_test15,3,5.70926618576,"know, jew, god, wasserstein, anger, eve, parent, tri, get, realli",0.0178433590003,0.0276272518115,0.333333333333,0.666666666667,58.0,0.723058045241,0.733883285517,0.627028365451,Rabbinic,6,5.08623655914,5.17615988896
1043,Rabbinic_test3,3,6.81891798973,"rabbi, kippur, yom, eve, adam, ask, shalev, bless, let, feel",0.0282429021286,0.0214392119621,0.333333333333,0.666666666667,78.0,0.720148856991,0.699586574413,0.657795899241,Rabbinic,6,4.35313521119,3.8558466925
1045,Rabbinic_test4,3,5.45675301552,"esther, myerson, mose, know, congreg, moment, shabbat, purim, look, will",0.0216314638761,0.0142938859618,1.0,0.0,67.6666666667,0.796373769913,0.723167696397,0.729561317178,Rabbinic,6,5.62808806864,4.74400275109
1050,Rabbinic_test12,3,5.38695907593,"jacob, jew, bialik, hanukkah, ask, jewish, don't, podhoretz, know, tell",0.0176534053203,0.024042535732,0.333333333333,0.666666666667,66.3333333333,0.777765406183,0.715752244722,0.625082338566,Rabbinic,6,4.76794871795,5.87614626819
1052,Rabbinic_test1,3,5.6626188755,"isra, complaint, jew, complain, judaism, jewish, gift, wrong, jewri, know",0.0178157746905,0.0200953560043,0.666666666667,0.333333333333,74.6666666667,0.741674033847,0.642995105273,0.768900643779,Rabbinic,6,4.73808821531,4.91374719999
1056,Rabbinic_test10,3,4.77527999878,"torah, apolog, learn, rememb, rabbi, yizkor, shabbat, sorri, say, scroll",0.0219850331305,0.016116645019,0.666666666667,0.333333333333,59.0,0.77921790185,0.696727746847,0.621934767923,Rabbinic,6,5.20428181575,4.25444688333
1058,MehrBaba_test10,3,3.33998203278,"plane, discipl, conscious, mental, clown, subtl, baghdad, najmuddin, hazrat, spiritu",0.0242243759209,0.026853819437,0.666666666667,0.333333333333,20.3333333333,0.636659386659,0.758461400141,0.563090448966,MehrBaba,8,4.40402597403,3.72626505161
1067,MehrBaba_test1,3,4.82499980927,"baba, evil, mind, s, realiz, meher, shri, pure, immort, conscious",0.0314652843275,0.0248446224622,0.666666666667,0.333333333333,53.3333333333,0.689305230289,0.763095693682,0.733477119185,MehrBaba,8,4.19139334139,4.22036135758
1069,MehrBaba_test15,3,6.25547480583,"baba, babajan, meher, hazrat, s, bad, spiritu, shri, impress, perfect",0.0341874018198,0.0148577548288,1.0,0.0,66.6666666667,0.843580805459,0.701306478729,0.50909385825,MehrBaba,8,6.73,7.61482318288
1074,MehrBaba_test12,3,3.85298895836,"meher, baba, madmast, shri, spiritu, perfect, mental, mind, ordinari, master",0.0290811048851,0.0247644927772,0.666666666667,0.333333333333,34.6666666667,0.788426840979,0.769792908864,0.750247954085,MehrBaba,8,5.2,4.70248714807
1079,MehrBaba_test25,3,6.15471601486,"baba, meher, finit, mind, ignor, avatar, s, mandali, shri, love",0.0263565142898,0.00848044080571,1.0,0.0,87.0,0.699776128196,0.804597712921,0.608144723249,MehrBaba,8,5.50047619048,4.38141613617
1081,MehrBaba_test3,3,4.93305706978,"soul, vision, thi, satan, spiritu, god, heaven, kingsford, grace, anna",0.0327351237746,0.0200282893935,1.0,0.0,37.3333333333,0.587255043575,0.76114866729,0.764724370543,MehrBaba,8,6.94350132626,4.48702307095
1082,MehrBaba_test26,3,3.42436099052,"master, baba, tawajjuh, discipl, spiritu, swami, s, love, meher, mr",0.0499104399008,0.0114897190065,1.0,0.0,31.6666666667,0.57421686747,0.781973324979,0.712359847538,MehrBaba,8,7.3,7.56700002906
1083,MehrBaba_test17,3,3.56100320816,"conscious, feel, infinit, ordinari, divin, individu, happi, realiz, manifest, baba",0.0300442410633,0.0189978098533,0.666666666667,0.333333333333,38.0,0.753502095216,0.748697353382,0.768138487899,MehrBaba,8,5.30135860093,4.55236055215
1086,MehrBaba_test8,3,5.81732797623,"baba, sai, mr, s, devote, shirdi, dream, g, arangaon, remark",0.0252679981106,0.0178338303296,0.333333333333,0.666666666667,67.0,0.800292508201,0.696656764407,0.630940387399,MehrBaba,8,6.78727272727,4.53538876207
1092,MehrBaba_test4,3,4.76788401604,"baba, kenmor, dr, narad, meher, s, belov, felt, love, shri",0.036583462858,0.0158558685809,1.0,0.0,53.3333333333,0.698109818867,0.637283380692,0.520007020945,MehrBaba,8,6.12716961723,5.0554253208
1093,MehrBaba_test21,3,5.22393989563,"miracl, prophet, bahinabai, perfect, realiti, calf, spiritu, saint, master, plane",0.0282779700157,0.0132558811184,1.0,0.0,52.3333333333,0.712549792355,0.74096012117,0.693520258871,MehrBaba,8,4.22613724247,4.38782369402
1094,MehrBaba_test18,3,5.40412998199,"master, discipl, baba, spiritu, journey, hyderabad, s, ordinari, saint, mind",0.0349469650813,0.0193088949253,0.666666666667,0.333333333333,57.6666666667,0.728086419753,0.726319006606,0.62531813304,MehrBaba,8,6.19207977208,4.32889456382
1096,MehrBaba_test11,3,7.09198188782,"baba, sai, gopalrao, master, mind, conscious, realiz, spiritu, divin, s",0.0302927083769,0.0148815850387,1.0,0.0,71.6666666667,0.820702754036,0.687330649243,0.592063589974,MehrBaba,8,6.84647887324,6.28171832784
1107,MehrBaba_test6,3,5.2727200985,"baba, master, sorabji, worship, feel, divin, spiritu, meher, soul, know",0.0357239192757,0.0212141936687,1.0,0.0,66.3333333333,0.791921041921,0.689406969029,0.604246894154,MehrBaba,8,5.08689179365,4.88220971031
1108,MehrBaba_test23,3,5.68936896324,"baba, muktabai, master, spiritu, ajmer, changdev, s, answer, rabia, jnyaneshwar",0.0297637972926,0.0159623695762,0.666666666667,0.333333333333,67.3333333333,0.747831074609,0.699821251575,0.596878617327,MehrBaba,8,4.72054878407,3.9737132028
1109,MehrBaba_test13,3,4.0557179451,"master, aspir, baba, conscious, spiritu, mind, teresa, soul, meher, sanskara",0.0347172512102,0.0245280118782,0.666666666667,0.333333333333,39.6666666667,0.741830065359,0.829002162929,0.715074881659,MehrBaba,8,7.6,5.25504770426
1117,MehrBaba_test0,3,4.4562830925,"crave, finit, baba, conscious, infinit, buddha, mind, mere, etern, realis",0.0237777210428,0.0171583674481,0.666666666667,0.333333333333,49.0,0.728886230295,0.795024794875,0.676960233712,MehrBaba,8,5.2495038295,4.28017146725
1118,MehrBaba_test14,3,6.57707190514,"plane, baba, imagin, master, discipl, pilgrim, spiritu, conscious, get, delhi",0.02947554529,0.0153323120693,1.0,0.0,59.6666666667,0.805710354317,0.872251807358,0.778551748217,MehrBaba,8,6.84647887324,4.81262672872
1121,MehrBaba_test9,3,3.5416560173,"mira, krishna, shri, capac, slave, individu, chitor, mind, realis, worth",0.0324546921583,0.0135469952523,1.0,0.0,45.3333333333,0.61284137673,0.828773503523,0.533171093866,MehrBaba,8,6.3006441834,5.76355173746
1130,MehrBaba_test24,3,3.99598097801,"upanishad, shri, meher, baba, truth, atman, saint, e, tear, wisdom",0.0369855835652,0.0234814956755,1.0,0.0,34.6666666667,0.724247700931,0.702179889833,0.72755918141,MehrBaba,8,6.3816091954,4.46642492357
1131,MehrBaba_test5,3,4.95971989632,"baba, meher, mind, happen, everyth, avatar, desper, realiti, god, love",0.0202505880111,0.0155948019058,0.666666666667,0.333333333333,62.3333333333,0.77268613686,0.652366212113,0.544640580767,MehrBaba,8,5.54773969287,4.28881828166
1132,MehrBaba_test20,3,7.53213882446,"baba, meher, master, discipl, spirit, irrat, perfect, spiritu, s, silenc",0.0289897768123,0.0168211910423,1.0,0.0,63.3333333333,0.682411001775,0.775894493364,0.796854320392,MehrBaba,8,4.30187742008,4.08412576101
1133,MehrBaba_test19,3,5.93352389336,"love, baba, meher, avatar, belov, illus, lust, get, conscious, realli",0.0602871854663,0.015746410553,1.0,0.0,75.6666666667,0.701511169663,0.750748008821,0.672806871447,MehrBaba,8,5.50695790828,6.66430450225
1134,MehrBaba_test2,3,3.81567692757,"baba, duti, gorakhnath, car, belov, discipl, beg, meher, master, bad",0.0303155505457,0.0198913888702,0.666666666667,0.333333333333,41.6666666667,0.733119793578,0.803526894951,0.700383620572,MehrBaba,8,5.5612987013,4.73014360285
1135,MehrBaba_test16,3,4.39895701408,"maya, self, realiz, baba, feel, nt, imperson, godman, mind, insid",0.0251891491298,0.0211970955579,0.333333333333,0.666666666667,88.3333333333,0.803282610776,0.690279596133,0.649313271884,MehrBaba,8,5.95090909091,4.75998421488
1142,MehrBaba_test7,3,4.7995300293,"baba, plane, jubbulpor, answer, mandla, master, s, smell, spiritu, miracl",0.0172654255485,0.0155460009307,0.666666666667,0.333333333333,55.6666666667,0.662113152805,0.729857863061,0.704452917652,MehrBaba,8,4.32028439625,4.27346257866
1145,MehrBaba_test22,3,6.74684095383,"baba, jan, manifest, feel, poona, will, s, divin, know, get",0.0278768917135,0.0211802637195,0.666666666667,0.333333333333,77.6666666667,0.740821950635,0.653158186527,0.621174467703,MehrBaba,8,4.62953500382,3.99713862788
1147,NaumanKhan_test8,3,5.67489004135,"know, allah, don't, ask, talk, rooh, want, quran, say, na",0.0213316024067,0.0181555635222,0.666666666667,0.333333333333,117.333333333,0.758437345526,0.728466886274,0.638518048014,NaumanKhan,3,4.41660562966,3.95474811044
1149,NaumanKhan_test5,3,13.4897441864,"allah, nt, know, get, s, quran, say, want, talk, don't",0.0188499025237,0.0117327616104,0.666666666667,0.333333333333,197.666666667,0.761002313848,0.679266854187,0.668973357597,NaumanKhan,3,4.05124485271,3.82939272864
1153,NaumanKhan_test3,3,8.54486107826,"allah, amp, na, say, re, know, gon, nt, s, go",0.0175398897316,0.0167003706173,0.333333333333,0.666666666667,161.0,0.729349791107,0.591625262771,0.529937370233,NaumanKhan,3,4.62820839979,4.09404197134
1157,NaumanKhan_test0,3,10.0681140423,"allah, someth, bee, know, say, don't, want, you'r, talk, get",0.025576380576,0.0135387452037,1.0,0.0,210.333333333,0.797277017799,0.648110943587,0.62795297897,NaumanKhan,3,4.94647887324,4.60052366084
1159,NaumanKhan_test6,3,8.96493887901,"allah, say, get, talk, want, thing, know, don't, walk, na",0.0204442436602,0.018348781274,0.666666666667,0.333333333333,126.666666667,0.781264775414,0.634624510735,0.584613478596,NaumanKhan,3,4.93493747716,3.67021319934
1163,NaumanKhan_test4,3,8.87895202637,"allah, say, ask, permiss, get, don't, merci, prais, let, someon",0.0233214385106,0.0201331453121,0.666666666667,0.333333333333,135.666666667,0.762526938885,0.684163920243,0.722992144439,NaumanKhan,3,3.97097253321,4.17338746039
1166,NaumanKhan_test2,3,12.4617772102,"allah, quran, nt, say, s, get, go, someth, talk, don't",0.0226364797343,0.0146741901818,1.0,0.0,238.333333333,0.737263662264,0.702190675084,0.606887741531,NaumanKhan,3,4.15691564514,3.64065937445
1169,NaumanKhan_test7,3,10.6167049408,"allah, know, talk, don't, get, , say, you'r, let, thing",0.0215666701726,0.0145855022927,1.0,0.0,228.666666667,0.553909625871,0.65137029408,0.482123953523,NaumanKhan,3,4.46805136733,3.98093998131
1172,NaumanKhan_test1,3,8.64641785622,"quot, allah, apo, moosa, say, know, s, tell, get, na",0.0139241202902,0.021160825456,0.333333333333,0.666666666667,78.3333333333,0.757264765885,0.632788640368,0.345730481452,NaumanKhan,3,5.56549712413,5.17342982455
