,groupId,files,timeRun,nous,vous,je,ils,il,elle,le
0,Shepherd_train32,10,4.76973795891,0.0251250776029,0.0172004528357,0.0209253916664,0.00920279005222,0.0255267866925,0.00660994047402,0.00949494211737
1,DorothyDay_test8,10,4.04945206642,0.0162469536962,0.00317202429306,0.014390158988,0.0128428300646,0.0172914007195,0.0050288190012,0.00998027155623
2,Shepherd_train27,10,5.33878302574,0.0269697364988,0.0147404122098,0.0280459170363,0.00883772501957,0.0254369945213,0.00384816070963,0.0118705974433
3,Unitarian_train13,10,4.71103692055,0.0217666948436,0.0127852916314,0.0241617357002,0.0124683009298,0.0106015779093,0.00383910960834,0.0117638771485
4,Unitarian_test6,10,5.74426007271,0.0158541877622,0.011398813829,0.0307536525387,0.0119195718212,0.00862143787068,0.00208303196875,0.011398813829
5,JohnPiper_train57,9,4.11446905136,0.0228438228438,0.0126651126651,0.0122377622378,0.0100233100233,0.0232711732712,0.000505050505051,0.0123543123543
6,WBC_test9,10,5.36298584938,0.0104753494321,0.00645573860349,0.0148908310241,0.0131550899845,0.0229909558756,0.0033192240933,0.0110843813758
7,WBC_train34,10,4.99983119965,0.0103295622233,0.00750942777505,0.0163633382522,0.0170191834727,0.0267584849975,0.00206591244466,0.00849319560584
8,DorothyDay_train68,10,2.14531803131,0.0180253690379,0.000815963207477,0.0166901565166,0.0113493064313,0.00912395222906,0.00830798902159,0.0109042355908
9,Shepherd_train44,10,4.73982977867,0.0183954298854,0.0166349297596,0.0232457873747,0.00804800057486,0.0259404304243,0.00786835770488,0.0116408579743
10,Shepherd_test15,10,4.38763403893,0.021433129387,0.0159528546226,0.0243609474119,0.0100596824444,0.0252618144965,0.00412897413761,0.010322435344
11,DorothyDay_test13,10,2.38860797882,0.0217362752824,0.00262674021539,0.0130680325716,0.00925925925926,0.0212109272393,0.00472813238771,0.00925925925926
12,PastorAnderson_test5,10,19.9960618019,0.0168046781271,0.0328207193375,0.0240282566929,0.0156133329977,0.0131886939669,0.00314615791196,0.0185916958211
13,DorothyDay_test3,10,2.37241101265,0.0155694812326,0.00310097551521,0.0234511273338,0.00930292654564,0.0193164933135,0.0116286581821,0.00917371923251
14,DorothyDay_train29,10,2.89871001244,0.02652381943,0.00499271895153,0.0115976700645,0.0142500520075,0.0128458498024,0.00754108591637,0.0107655502392
15,Unitarian_train25,10,5.45504188538,0.0186458765637,0.0114424616114,0.0255232110037,0.0125689215628,0.00788521965969,0.0031422303907,0.0104345763918
16,JohnPiper_test8,10,3.98462605476,0.0183482602837,0.017912340493,0.00994689704367,0.0080050725212,0.019656019656,0.00083221050963,0.0121264959975
17,DorothyDay_train65,10,4.22846603394,0.0195507930313,0.00312244970372,0.0104673029841,0.00883511336621,0.0128801050279,0.00379661498066,0.011425327325
18,WBC_train23,10,4.34656190872,0.00851079507774,0.00526858742908,0.0143688748066,0.0132635767445,0.0216638420161,0.000773708643431,0.00869501142141
19,WBC_train13,10,4.28366804123,0.0104263292642,0.00905346740381,0.012801009239,0.0168082816964,0.0281993247004,0.000853400615933,0.00972134614671
20,DorothyDay_train58,10,3.67632508278,0.0180261749938,0.00246933904025,0.0179850193432,0.0103300683184,0.0190962219113,0.00345707465635,0.00847806403819
21,JohnPiper_test15,10,4.48537302017,0.0189581733119,0.0137560226241,0.00984568116752,0.00914740590741,0.0208086027512,0.000593533971091,0.0119055931848
22,Shepherd_test9,10,5.08239006996,0.0228257633398,0.017962883324,0.0273247543749,0.00969267921532,0.0224949551755,0.00502828409805,0.0127030335109
23,Shepherd_train59,10,4.70727109909,0.0224466891134,0.0196408529742,0.0199915824916,0.00838243546577,0.0244458473625,0.00634820426487,0.0129419191919
24,NaumanKhan_train5,10,9.01602387428,0.0160709239898,0.0384995761515,0.0166537157389,0.020450692286,0.0164417914665,0.000777055665442,0.0157177168692
25,Rabbinic_train16,6,1.74285697937,0.0220419679069,0.0118144947981,0.0141068594604,0.00793510844648,0.0129606771293,0.00202786104743,0.0140186915888
26,Rabbinic_train15,10,3.02150988579,0.0184236402215,0.00708999637737,0.0121616726181,0.0076592661595,0.0097293380945,0.0026910935155,0.013662474771
27,JohnPiper_train41,10,4.09897994995,0.0187454384819,0.0148273345369,0.00975684707871,0.0104482771866,0.021280682211,0.000883494026812,0.0109476433757
28,DorothyDay_train64,10,3.01666212082,0.0206680479054,0.00282985496993,0.0167264641973,0.0132396786093,0.00808529991409,0.0127848804892,0.010258224266
29,DorothyDay_train59,10,2.2016620636,0.0228857122738,0.00204210971058,0.0128159988733,0.0156327019224,0.0110555594676,0.00457714245476,0.00887261460461
30,Shepherd_test0,10,4.69870710373,0.0205432876418,0.0161769442754,0.0188969614545,0.0105937511184,0.024158047314,0.00275580687878,0.0112021760137
31,WBC_test11,10,4.67446303368,0.0111164154675,0.00954784150583,0.0142535633908,0.0167087226352,0.0221305326332,0.000681988678988,0.00804746641206
32,JohnPiper_train26,10,4.37447619438,0.022071796349,0.0164188240377,0.0147265329637,0.00954164116228,0.0227919202103,0.001656284881,0.0102977712166
33,Shepherd_train55,10,5.23186898232,0.0177501376607,0.0185599067146,0.0256534836265,0.0119845819972,0.0263660803939,0.0027856055453,0.0105269977003
34,MehrBaba_test1,10,2.37100601196,0.00926225791826,0.0182006606646,0.0117883282596,0.00744866895524,0.0277867737548,0.00213744413498,0.0154155061856
35,MehrBaba_train20,10,2.82444310188,0.00231647454636,0.00518449065137,0.00507418233964,0.0130163807843,0.0292868567647,0.0136230764988,0.0115272185759
36,DorothyDay_train27,10,3.14270496368,0.0221343873518,0.00538537549407,0.0178853754941,0.00978260869565,0.0126482213439,0.00879446640316,0.00923913043478
37,Shepherd_train37,10,4.79500699043,0.0205962245986,0.0152666506206,0.0246879620397,0.0127565931988,0.0217309080906,0.00278513220782,0.0112780662243
38,DorothyDay_train36,10,2.82515001297,0.0179350196249,0.00539686000872,0.022187091147,0.0113933711295,0.0137374618404,0.00779546445704,0.00953990405582
39,Unitarian_train16,10,3.75355100632,0.0195740277658,0.0112529102354,0.027593343106,0.00814865913598,0.00801931534017,0.00198327153574,0.0115547124256
40,WBC_test3,10,5.29654097557,0.0162995334554,0.00758873206165,0.0169491525424,0.0121655938109,0.0272840016536,0.000885844209532,0.0107187149353
41,Unitarian_test3,10,5.37936592102,0.0204682848989,0.00886856722006,0.022033326173,0.0115076564274,0.0117224660141,0.00647497468316,0.0111087243379
42,JohnPiper_test4,10,4.29980802536,0.0227925473157,0.0171220266588,0.00802710067015,0.00666470284999,0.0150968407099,0.000220929376243,0.0110464688121
43,DorothyDay_train47,10,2.98951101303,0.0173805090006,0.00294847920546,0.0143803020898,0.0108628181254,0.0130353817505,0.00760397268777,0.00972480860749
44,JohnPiper_train23,10,4.19519114494,0.0183177022274,0.0170354630715,0.0152036928488,0.00912221570926,0.0233367526377,0.000256447831184,0.0102212778429
45,DorothyDay_train63,10,3.96311903,0.0227871292797,0.00366426199473,0.013435627314,0.0113363105462,0.0208023206993,0.00213748616359,0.0122905454407
46,DorothyDay_train56,10,3.27892518044,0.0212190458425,0.00405726810614,0.0101198526326,0.0126381569743,0.011425640069,0.0030779275288,0.00988667630462
47,DorothyDay_train72,10,3.22533392906,0.01666099966,0.00276873755282,0.0153009180551,0.010589206781,0.0140379851363,0.00437169087288,0.00845193568757
48,Shepherd_test10,10,4.44485402107,0.0235765958244,0.0211027399828,0.0251133850594,0.00985794070243,0.0248135237453,0.00509764234042,0.0109074553019
49,PastorAnderson_train8,10,16.9819669724,0.0147799205064,0.027282987389,0.0186564600815,0.0163894204819,0.0135531674763,0.00126600912704,0.018312969233
50,PastorAnderson_train15,10,19.0539040565,0.0150294377521,0.027023244014,0.0220455082277,0.017872608456,0.016315425732,0.00174964351013,0.0182400335932
51,DorothyDay_test23,10,2.72369790077,0.0213882839113,0.00256882783269,0.0123415424136,0.0123973864969,0.014519461663,0.00413246216563,0.0116714134137
52,Unitarian_train9,10,6.46438503265,0.0222642087525,0.0108767808814,0.0272685492519,0.00921717816473,0.011540621968,0.00411070826737,0.0107491191339
53,MehrBaba_train16,10,2.95669007301,0.0121159671138,0.0131977498918,0.0058416270013,0.0112505408914,0.0263414106447,0.00908697533535,0.0171462570316
54,DorothyDay_test16,10,3.54193401337,0.0163813969571,0.00319847856155,0.0186721991701,0.0100276625173,0.0178077455048,0.00423582295989,0.00881742738589
55,Shepherd_train30,10,5.0404150486,0.0232573659448,0.0210550902599,0.0203543661784,0.0097434015149,0.0215889752745,0.00357035603457,0.0119790450132
56,DorothyDay_test6,10,2.53933191299,0.022833006856,0.00459108716944,0.0114471106758,0.011569539667,0.00716209598433,0.00361165523996,0.00930460333007
57,Unitarian_train11,10,6.8057410717,0.018435970735,0.0129851252483,0.0248074034595,0.0110954988129,0.0132758370076,0.00193807839527,0.00913319443772
58,Unitarian_test4,10,5.11755609512,0.0235859933459,0.0110024047172,0.0272754224726,0.0103106367559,0.00952004480021,0.0072470929275,0.00971769278914
59,JohnPiper_train51,10,4.39428305626,0.0161325171048,0.0162045372704,0.00925459128556,0.00777817788981,0.0269715520346,0.00126035289881,0.0116312567519
60,JohnPiper_train28,10,4.4691400528,0.0157386731974,0.0162428869841,0.0117769934452,0.011308794929,0.0218252539077,0.00172873298278,0.0117769934452
61,Shepherd_train57,10,4.52228808403,0.0218293677266,0.0153806241198,0.0245348751019,0.00922837447187,0.0220517381958,0.00526276777111,0.0113408939293
62,WBC_train27,10,5.77311706543,0.0176968742087,0.00973468756155,0.00993163210759,0.0163745322567,0.0189348113553,0.00365754156937,0.0095940128858
63,Shepherd_train42,10,4.98727703094,0.0204102529097,0.0195228506092,0.0262807604355,0.00873749957336,0.0226628895184,0.00494897436773,0.0136182122257
64,Rabbinic_test5,10,3.05232405663,0.0271800101989,0.0103008669046,0.0152473227945,0.00535441101479,0.0113717491076,0.000917899031107,0.0146863844977
65,DorothyDay_test11,10,2.69418406487,0.0187963341311,0.00268519059016,0.015994396124,0.0102153989843,0.011266125737,0.00577899713969,0.0105072675267
66,JohnPiper_train24,10,4.11971998215,0.0183010523105,0.016775964618,0.0131538813482,0.0105612322709,0.0232957145036,0.00102943419247,0.0112475217325
67,DorothyDay_test1,10,2.12863993645,0.0148196342081,0.00303621774019,0.0146027615123,0.00874719872768,0.0101207258006,0.00824116243765,0.00990385310489
68,Unitarian_train18,10,4.98938798904,0.0301604417868,0.00686207234585,0.0228408979512,0.0127438486423,0.00800575107016,0.00261412279842,0.00983563702905
69,Unitarian_train23,10,5.88543200493,0.0222686151705,0.0102713987474,0.0240501043841,0.00999304105776,0.00542797494781,0.00470424495477,0.0116631871955
70,JohnPiper_train37,10,3.98072695732,0.0209649399874,0.0178063802906,0.0173325963361,0.00927826910929,0.021083385976,0.000236891977258,0.00876500315856
71,Shepherd_train70,10,4.55876803398,0.0298431415366,0.0129926847909,0.0243840302799,0.00789751428467,0.0210357753758,0.00425810678022,0.0121920151399
72,WBC_train15,10,5.5760538578,0.0170151818963,0.00575766256087,0.0117158407333,0.0142079633343,0.0216270409625,0.00154683471785,0.0102835863649
73,JohnPiper_train19,10,4.20546102524,0.0188568493653,0.0172793308387,0.0152615745836,0.00935505172793,0.0189302223201,0.00161420500404,0.0110793161641
74,JohnPiper_test13,10,3.81387901306,0.0176668187285,0.0172106332684,0.0132293783436,0.0093725376353,0.0205698171111,0.000331771243727,0.0104507941774
75,DorothyDay_test18,10,2.26194405556,0.0144458966774,0.00364586916145,0.01465226663,0.0127949370572,0.0129325170255,0.00481529889248,0.00839237806975
76,PastorAnderson_train19,10,16.6396701336,0.01364279425,0.0263754093333,0.0222993895864,0.0170658593773,0.0170163931183,0.00393751422155,0.0167591685711
77,DorothyDay_train33,10,2.35878920555,0.0195268986305,0.00203132166962,0.00786318065658,0.0123845095341,0.0193303191141,0.00222790118603,0.0109429264137
78,Rabbinic_train10,10,2.85144710541,0.0288466893134,0.00913292866292,0.0109706521134,0.00540179317258,0.0113604722392,0.00116946037757,0.0119730467227
79,WBC_test6,10,5.78507089615,0.0184335617953,0.00912005306213,0.0122429803228,0.0161120937431,0.0189033827106,0.00229383152775,0.00992151227062
80,Rabbinic_train6,10,3.38402795792,0.0300475170036,0.00880462126153,0.015140221746,0.00633560048449,0.0101555948943,0.00260877667008,0.0109475449548
81,JohnPiper_train47,10,4.18346309662,0.0195974776272,0.0175584337122,0.0114790620398,0.0106861005173,0.0208813200921,0.000528641014991,0.0108749008798
82,DorothyDay_train42,10,3.99947500229,0.0178839275412,0.00249990384985,0.0128841198415,0.01246105919,0.0130764201377,0.00757663166801,0.0100765355179
83,DorothyDay_train66,10,3.97937989235,0.0211594430898,0.00326437504916,0.0156139384882,0.0131754896563,0.00947848658853,0.00593880280028,0.0118382757807
84,Shepherd_train66,10,4.82795000076,0.0255277710152,0.0144332765277,0.0239627169339,0.00890341877369,0.0213195144854,0.00580808959065,0.01088582061
85,DorothyDay_train77,4,1.23258399963,0.020875,0.002375,0.015125,0.011875,0.021375,0.000375,0.011625
86,Shepherd_test20,10,4.86442494392,0.0246639072281,0.0172749974344,0.0244928676496,0.00851777101221,0.0237745014196,0.00605480108097,0.0102623747135
87,Ghandi_test0,10,11.3336789608,0.00442025853601,0.00522572786924,0.0143609288437,0.00453813209697,0.0023771168127,0.000628658991788,0.00485246159286
88,Shepherd_test6,10,4.8896780014,0.0227406052659,0.0165637185548,0.0216363573622,0.00800579730149,0.0294351081818,0.00517616204838,0.0117671417233
89,PastorAnderson_train12,10,17.9623088837,0.0150122604668,0.0283080555808,0.024975024975,0.0155390064481,0.02094269367,0.00256107528835,0.0155299246208
90,MehrBaba_test3,10,2.88700795174,0.00507166482911,0.00154355016538,0.00545755237045,0.00970231532525,0.0232635060639,0.00363836824697,0.00915104740904
91,MehrBaba_train26,5,1.22540211678,0.00592859904627,0.00257765175925,0.0260342827684,0.0099239592731,0.0243588091249,0.00811960304163,0.0221678051295
92,WBC_train30,10,4.93312096596,0.0131463628396,0.00795273801409,0.00944590515143,0.0180803064239,0.0208394196124,0.00071412341351,0.0106793910475
93,PastorAnderson_train21,10,19.7129831314,0.015008065674,0.0277273379897,0.0193998462877,0.0160468907038,0.0164269486415,0.00291377752253,0.0155232553229
94,Shepherd_train35,10,5.21235990524,0.02503724817,0.0166159227829,0.0225432402669,0.0100408110384,0.0212476517458,0.00476128781499,0.0116279069767
95,DorothyDay_train34,10,2.89720392227,0.015527133007,0.00231591136376,0.0135796620875,0.0102636980894,0.0157376704037,0.0120532659614,0.00926364545502
96,Shepherd_train24,10,4.50085902214,0.0182235776949,0.0166045408336,0.0273353665424,0.0101660454083,0.024436161,0.00297450958244,0.0119356903498
97,Unitarian_train14,10,5.673183918,0.0219583885655,0.00769408103279,0.0264826234799,0.00997060688145,0.0106910264538,0.00533110483546,0.00922137052619
98,WBC_test1,10,4.38147997856,0.00781511666853,0.00807562055748,0.0134345577016,0.0148487216702,0.0242268616724,0.00156302333371,0.00919206579584
99,Unitarian_test5,10,4.70659995079,0.0205539104686,0.00651454450444,0.025988503745,0.0110085350984,0.00707193868664,0.0049817105034,0.0125762062358
100,Rabbinic_train7,10,3.3592581749,0.0221322282916,0.0119608212469,0.0146449425504,0.00696929741948,0.0125258994161,0.00131851572801,0.0126671689584
101,JohnPiper_train48,10,4.41516900063,0.0259744887052,0.0166037198033,0.0121499323024,0.004988242001,0.0195254044039,0.0004988242001,0.0107247203021
102,DorothyDay_train51,10,2.82389807701,0.01592039801,0.00608070757324,0.0240464344942,0.0156992813709,0.0117744610282,0.00386954118297,0.0123272526258
103,JohnPiper_test2,10,4.2045249939,0.0222391180384,0.0180574035354,0.00866755369702,0.00608249382247,0.0190458087816,0.00266109104733,0.011100551226
104,DorothyDay_train45,10,3.25670814514,0.0142511044606,0.00399030924897,0.0238943518123,0.00997577312242,0.0118284167023,0.00660301173341,0.00988076575935
105,WBC_train37,10,4.69392704964,0.00892303452077,0.0056501068008,0.0148487562875,0.0152277268656,0.0222559084958,0.00137807482946,0.00850961207194
106,Shepherd_train50,10,4.73659706116,0.0203074722917,0.018734358241,0.0217018233822,0.00961744726493,0.0208795137647,0.00614944583482,0.0129781909188
107,Shepherd_train72,8,3.87834095955,0.0172885626167,0.0191998609965,0.0226315103601,0.0116849832761,0.0241084227445,0.00447417575257,0.0122496850702
108,DorothyDay_train50,10,3.54774284363,0.0146707756413,0.00503494075264,0.016884413386,0.0132384218065,0.0134988497765,0.00377620556448,0.00824688571553
109,DorothyDay_train70,10,2.95218205452,0.0257517427947,0.00390177921132,0.0123296223078,0.0114452190199,0.0112891478514,0.00879200915618,0.00962438872126
110,DorothyDay_train71,10,3.75415706635,0.0192574459404,0.00265197878417,0.0130150958792,0.0112607099143,0.0143614851081,0.00897592819257,0.0117095063239
111,Rabbinic_test2,10,3.48745703697,0.028651609107,0.0100031684244,0.0155705427058,0.007875797764,0.00778527135292,0.00248947630471,0.0120852758792
112,WBC_train19,10,5.06765604019,0.0113704368642,0.00544899051939,0.0130712778355,0.0100790576081,0.0197171564459,0.00340168194274,0.00900815773725
113,Shepherd_test16,10,4.64874100685,0.0212423559704,0.0178450094768,0.02281586382,0.0103350856489,0.026570825734,0.00479204663305,0.0115509780782
114,DorothyDay_test21,10,2.40112304688,0.0230429702713,0.00389458652473,0.0149292483448,0.00701025574452,0.025834090614,0.00571206023627,0.0101259249643
115,MehrBaba_train14,10,3.9527528286,0.00687109819781,0.008049000746,0.00812752758255,0.00651772743335,0.0262672268248,0.00141348305784,0.0153519965448
116,MehrBaba_test8,10,2.2703230381,0.0147201105736,0.00939875604699,0.016793365584,0.0122322045612,0.0232204561161,0.00518313752592,0.0102971665515
117,DorothyDay_test14,10,3.04467892647,0.0244973307389,0.00319313476027,0.0120241480816,0.0121239335429,0.0197575213291,0.00289377837649,0.0117746844285
118,DorothyDay_test4,10,2.57272791862,0.0226329917033,0.00317227916057,0.0154343582235,0.0106149341142,0.0160444119082,0.00579551000488,0.010065885798
119,Shepherd_train23,10,4.62367296219,0.0222447281803,0.0183383368901,0.028176655695,0.00980214851521,0.0243426049843,0.00354468839295,0.0115744927117
120,WBC_test8,10,5.19239091873,0.0106435037925,0.0105211646685,0.0121115732811,0.0158735013457,0.0237032052851,0.00103988255444,0.00929777342794
121,JohnPiper_train53,10,4.24747204781,0.0254978596687,0.0197282709846,0.0134375581612,0.00658849804578,0.021142750791,0.000483900986414,0.0125069793412
122,WBC_train38,10,4.64121580124,0.00784890851116,0.00805914713199,0.0145415046077,0.01762500438,0.0244927993272,0.0038543747153,0.00805914713199
123,WBC_train20,10,5.50944709778,0.0156983610335,0.00529999711957,0.0131059711381,0.0162456433448,0.0279402022064,0.00216032491287,0.0101103205922
124,NaumanKhan_train3,10,8.37535095215,0.0171714018108,0.0375039025913,0.0157469559788,0.024293630971,0.0138541991883,0.000253668435841,0.014556665626
125,Shepherd_test19,10,4.6919901371,0.0205187486453,0.0161115526335,0.0242395780652,0.0121739758688,0.0255761866917,0.00476844158659,0.0131132143631
126,JohnPiper_train31,10,4.47355794907,0.0215623027838,0.0161279012692,0.00985204403618,0.00662646378234,0.0206857864105,0.000841455718393,0.0112194095786
127,PastorAnderson_test1,10,19.2996609211,0.015894345824,0.0242224010134,0.0223051508979,0.0174692298475,0.0141568379068,0.00115548556071,0.0156889261688
128,JohnPiper_train20,10,4.28099489212,0.0199203187251,0.0146204174129,0.0133776819328,0.00650608574875,0.0228078511642,0.00047516356592,0.0143645601082
129,Rabbinic_train9,10,2.97326493263,0.0237584384322,0.00842534931184,0.012140876027,0.00826835522529,0.0109895860589,0.0021455858496,0.0120362133026
130,Unitarian_train21,10,6.11817312241,0.0180512163209,0.0122299660872,0.0211487623168,0.0132446794307,0.0114288766055,0.00397874442575,0.0106010841411
131,DorothyDay_train38,10,2.56466603279,0.0249399038462,0.00144230769231,0.01484375,0.0146634615385,0.0113581730769,0.00883413461538,0.00889423076923
132,JohnPiper_train35,10,4.32973408699,0.0195620961953,0.0207465900933,0.017480258435,0.0100143575018,0.0175161521895,0.000574300071788,0.0110193826274
133,WBC_train17,10,4.38970398903,0.0131198576829,0.00559632347491,0.0136016603662,0.0166777851901,0.0241642576533,0.00229782818175,0.00856126306427
134,DorothyDay_train49,10,3.90254116058,0.022066759944,0.00427743353988,0.0191884869079,0.0107535478713,0.0132720367779,0.00711573056166,0.0113132120728
135,Shepherd_train61,10,4.55084609985,0.0184519619104,0.0183408055134,0.0200452036015,0.00896661602875,0.024232094557,0.00589128904368,0.010152284264
136,JohnPiper_test11,10,3.89867305756,0.0194760216762,0.0171535672086,0.00937130750112,0.00745630118567,0.0244876339486,0.000814896304445,0.0119789756753
137,WBC_test12,10,4.69912099838,0.0163840281062,0.00574285521249,0.0139517600162,0.0136139450037,0.0281062090399,0.00222957908249,0.00979663536248
138,MehrBaba_train18,10,2.30923080444,0.00718571229245,0.00865076042975,0.00767406167155,0.00802288265662,0.0286033207758,0.00286033207758,0.01004604437
139,MehrBaba_test4,10,2.78403091431,0.00789579851305,0.0139473229209,0.0115843467235,0.00829923347358,0.0303728891707,0.00927900409198,0.0125641173419
140,MehrBaba_train23,10,2.60700416565,0.00386431945041,0.00349628902656,0.00644053241735,0.00668588603325,0.0179721523646,0.00956879102006,0.014598540146
141,DorothyDay_train24,10,2.4935541153,0.022425908952,0.00293308890926,0.013932172319,0.0124656278643,0.0109990834097,0.00323861900397,0.0113046135044
142,DorothyDay_train31,10,1.94516682625,0.0269318925999,0.00392927308448,0.0154715127701,0.00990504256713,0.0225933202358,0.00180091683039,0.00810412573674
143,Rabbinic_train12,10,3.50634717941,0.024815680633,0.00490019780615,0.0107894263622,0.00836180543068,0.0120931487143,0.00323682790865,0.0112389857939
144,WBC_test4,10,5.50440406799,0.0166348434878,0.00691430885842,0.0145518717815,0.0157669386102,0.0252271017763,0.000549673089163,0.00885262975178
145,JohnPiper_train45,10,4.01903390884,0.021592601301,0.015988713849,0.00819029704522,0.00638764793479,0.0202210204561,0.000274316168979,0.0115996551454
146,JohnPiper_test7,10,4.02198600769,0.0151956783646,0.0175274960165,0.015662041895,0.00711204383817,0.0192763592554,0.000505227157903,0.0122809062998
147,DorothyDay_train40,10,4.22120094299,0.0221510836369,0.00338521543953,0.014607940538,0.0133936784781,0.0132464951981,0.00592412701917,0.0111859292784
148,DorothyDay_train60,10,2.57502889633,0.0234045120039,0.0020509108457,0.0130896368681,0.009591024249,0.0144770177343,0.00440342622753,0.00802268066112
149,DorothyDay_train55,10,3.38341379166,0.0189258774109,0.00167125886445,0.0191517232034,0.0116988120511,0.00912417001671,0.00596232892181,0.0124215185871
150,DorothyDay_train75,10,2.8323431015,0.0179476123747,0.00350328770077,0.0109410369732,0.0141209442708,0.0116955912472,0.0037188746362,0.0111566239086
151,JohnPiper_train33,10,4.35073399544,0.0191497786257,0.0158741585976,0.0120945970267,0.00932291854145,0.0195097368705,0.000251970771391,0.00986285590871
152,PastorAnderson_train7,10,19.093266964,0.0141785256773,0.0258211257418,0.0199213950205,0.0183179231554,0.0166970222482,0.00083659401661,0.0187623637267
153,PastorAnderson_train10,10,18.2208859921,0.0138691557128,0.0255459686297,0.021829335993,0.0198628139143,0.0153087627847,0.000790372510091,0.0197969495385
154,MehrBaba_train13,10,3.40261816978,0.00875796178344,0.00426189584114,0.0135350318471,0.00683776695392,0.0204196328213,0.00112401648558,0.0141438741102
155,MehrBaba_train24,10,2.33017587662,0.0118200134318,0.00396239086635,0.019274680994,0.00644728005373,0.0192075218267,0.00275352585628,0.0170584284755
156,Shepherd_train33,10,4.23642206192,0.0197334800896,0.0157631982389,0.016981799599,0.00825504147176,0.0226817091867,0.0033020165887,0.0107315539133
157,Shepherd_train26,10,4.26176404953,0.0171104150352,0.0152310101801,0.0258809710258,0.0138214565388,0.0215740015662,0.00555990602976,0.0106108065779
158,Unitarian_train12,10,5.48480296135,0.020708381822,0.0102348342434,0.0268254110345,0.0110106525826,0.00954853340495,0.00584847671053,0.0099961209083
159,Unitarian_test7,10,6.13853001595,0.0143501435014,0.00822741560749,0.0406450731174,0.00951209512095,0.00981276479431,0.00341670083368,0.0124094574279
160,JohnPiper_train56,10,4.56400179863,0.0264807162534,0.0174931129477,0.010261707989,0.00750688705234,0.0201790633609,0.000895316804408,0.0145316804408
161,JohnPiper_test0,10,4.22227478027,0.0234705514476,0.0178052459258,0.0134275098407,0.00566530552183,0.0258617518302,0.00121399404039,0.0130596328588
162,JohnPiper_train27,10,4.73619413376,0.0178998405951,0.0148445802338,0.0113243889479,0.0112911795962,0.0176009564293,0.00298884165781,0.0108262486716
163,Shepherd_train52,10,4.15985584259,0.0182244312442,0.0169313452136,0.0293368893199,0.00820301450681,0.0209318301208,0.00565725138401,0.0128904513678
164,DorothyDay_train52,10,3.31017804146,0.0184783110824,0.00207880999677,0.0167228715295,0.00956252598512,0.0257310481822,0.00568208065783,0.00785328221001
165,Shepherd_train47,10,4.85925006866,0.021112775668,0.0132390342473,0.0202417865728,0.00881440964359,0.0224715186566,0.00909312615406,0.0140751837787
166,Rabbinic_test0,10,3.27253913879,0.0348958828563,0.0084149472283,0.013882285823,0.00698868498621,0.00946087287249,0.00242464581154,0.0145478748693
167,Shepherd_train68,10,4.35142588615,0.0210542732377,0.0185589519651,0.0259669369931,0.0103321896444,0.0224578914535,0.00701809107923,0.0127885215221
168,Shepherd_test14,10,5.08504009247,0.0257743836203,0.0155041311432,0.0197834030087,0.00813061654432,0.0204088350505,0.00395009710655,0.0130024029757
169,DorothyDay_test12,10,3.41067695618,0.0156052107834,0.0022163922562,0.011036728786,0.016690790664,0.0124389361317,0.00569929437308,0.00891080151981
170,PastorAnderson_test4,10,16.8559370041,0.0151797780612,0.0256961760283,0.0206996973561,0.0201096370177,0.0156746673773,0.000942193121039,0.0185964177627
171,DorothyDay_test2,10,2.05831694603,0.0206840511192,0.00465391150181,0.0112284848933,0.00989879589274,0.0249686045653,0.00398906700155,0.0124843022826
172,DorothyDay_train28,10,2.23126506805,0.022554230714,0.0032322942106,0.012498204281,0.0130010056026,0.0132883206436,0.00251400660825,0.00919408131016
173,Unitarian_train26,10,6.01901292801,0.0235361185764,0.00678665472215,0.0233732388631,0.00893123761436,0.00971848956213,0.00393625973885,0.011944512311
174,JohnPiper_test9,10,4.48940205574,0.0159750143596,0.0164417001723,0.014826249282,0.00879523262493,0.0242317633544,0.00129236071223,0.0113799540494
175,JohnPiper_train30,10,4.55518102646,0.0202264255143,0.0176032030926,0.0152215932625,0.0044525748999,0.0210202954577,3.45160844954e-05,0.0109761148695
176,Shepherd_test4,10,4.99786090851,0.0216551955682,0.0135974483801,0.024576128924,0.00960214873258,0.0299479603827,0.00406244754071,0.010877958704
177,JohnPiper_test16,10,4.15384197235,0.0140633789612,0.0214888430527,0.0126007875492,0.00791299456216,0.0211888243015,0.00236264766548,0.0102756422276
178,Shepherd_test8,10,4.40585207939,0.0261191184321,0.0160909021582,0.0227636696408,0.00762601998017,0.0276443224281,0.00541447418592,0.0116296804698
179,PastorAnderson_test3,10,19.3839030266,0.0133553383268,0.0243239812111,0.0233337565063,0.0168253565232,0.0183995599001,0.000998688163853,0.0158435952774
180,WBC_train29,10,6.28605008125,0.0108232789212,0.00811112237656,0.0127496704857,0.0136114772382,0.0233701713475,0.00228125316841,0.0111527932678
181,WBC_train41,9,5.01834583282,0.0119885578376,0.00719956288368,0.0098351171536,0.0176774981519,0.0175810754347,0.00215344068396,0.00961013081349
182,NaumanKhan_train8,4,2.77812194824,0.0164744645799,0.0365278645685,0.017724251548,0.0145429756292,0.0199397829915,5.68084985514e-05,0.0192580810089
183,JohnPiper_train42,10,4.09073805809,0.0146754615355,0.022052222786,0.0134264860856,0.009913742633,0.0225205885797,0.00366886538386,0.00948440732212
184,Shepherd_train63,10,4.55699515343,0.0262660757102,0.0159485577272,0.0200900966359,0.00900966359079,0.0249945506067,0.00385090459929,0.0113710673545
185,Shepherd_test3,10,4.41705513,0.0210594462851,0.0182794470467,0.0291709509121,0.0116150653109,0.0222780760882,0.00719753227465,0.0103583533265
186,WBC_test10,10,4.58761286736,0.0137740081312,0.0100238328894,0.0121617832609,0.0179097154073,0.0206434880135,0.00140193466984,0.00862189821954
187,MehrBaba_test6,10,3.47012591362,0.00488138686131,0.00269160583942,0.012454379562,0.0106751824818,0.028147810219,0.00419708029197,0.0111313868613
188,MehrBaba_train21,10,4.55398797989,0.00696948682386,0.0154993065187,0.0121012482663,0.00818307905687,0.0190013869626,0.00353675450763,0.0140429958391
189,PastorAnderson_train22,8,13.7725389004,0.0148209642173,0.0249539133938,0.0170306796401,0.0185933513203,0.0188985606329,0.00206321495281,0.0172748470901
190,DorothyDay_train26,10,3.04156899452,0.0150245298446,0.00250408830744,0.0116516762061,0.0119582992641,0.0139002452984,0.0108340147179,0.0118560915781
191,Shepherd_train38,10,4.13569092751,0.0195920341853,0.018382649359,0.0249536402483,0.0115294686769,0.0262436507297,0.00499879061517,0.0124566637104
192,DorothyDay_train37,10,2.33019399643,0.0210058975548,0.00284938042542,0.0128553442449,0.0106686104301,0.0109999337353,0.00510237890133,0.00728911271619
193,Shepherd_train29,10,5.1549551487,0.0170473353194,0.0186693147964,0.0203574975174,0.00850711684873,0.0230056272757,0.00724925521351,0.0114531612049
194,WBC_test2,10,4.88382196426,0.00856265115367,0.0097065167658,0.0125171579842,0.0217334466305,0.0184979410419,0.00199359435257,0.00781096803713
195,Unitarian_test0,10,6.35498809814,0.0208904996117,0.0105617395806,0.0228837690914,0.011079471913,0.00820605746829,0.00610924152213,0.0111053585296
196,JohnPiper_test5,10,3.83825612068,0.0215209769073,0.014750332487,0.00757667351791,0.00693185023979,0.0206343448999,0.000765727642768,0.0125740539233
197,DorothyDay_train46,10,2.54459404945,0.0137796475825,0.00207304432657,0.0148771416377,0.0117675751479,0.0196939211024,0.00536552649229,0.00908481190171
198,WBC_train32,10,5.58314299583,0.0100182942765,0.00769521154572,0.0187588930511,0.0156517698987,0.0204431280309,0.00072596335337,0.0100763713448
199,DorothyDay_train62,10,2.75124502182,0.021287642783,0.00484596746279,0.0186338986962,0.00951886465905,0.00894196377062,0.00536517826237,0.0106149763471
200,DorothyDay_train57,10,3.22385120392,0.0190554693561,0.00160007757952,0.0135279286268,0.00872769588829,0.00756400310318,0.00955197827773,0.0105217222653
201,DorothyDay_train73,10,3.70585489273,0.0185437013228,0.00424444719166,0.0167717476408,0.014010796555,0.0122800510982,0.00671694070136,0.00976634936333
202,Shepherd_test13,10,4.63497805595,0.0216749477929,0.0221430114496,0.0265716137395,0.00943328292648,0.0214949233096,0.00720097933319,0.0119176207964
203,PastorAnderson_train9,10,17.0479450226,0.0168961630813,0.0278139853972,0.0193855049738,0.0165237418533,0.0119762826481,0.00120546871172,0.0174743960406
204,PastorAnderson_train16,10,17.9556829929,0.0136816595229,0.0227786519089,0.0184381386432,0.0172535402311,0.0141518817934,0.00172716257031,0.0195323096956
205,DorothyDay_train69,10,3.05076909065,0.01128184185,0.00188881515136,0.0224615855837,0.00980141916382,0.0105161059778,0.0050028076982,0.00980141916382
206,MehrBaba_train11,10,2.72455191612,0.00934579439252,0.00548055844006,0.0207684319834,0.0075574016384,0.0178839275412,0.00951886465905,0.0156340140764
207,Shepherd_train31,10,4.73292398453,0.0195714947774,0.0172186374817,0.0197853908952,0.0103026630067,0.0217817546612,0.00367188335532,0.0111225981248
208,DorothyDay_test9,10,3.32949399948,0.0174507178801,0.00203130049398,0.0174968838004,0.00937168182448,0.0203591708601,0.00618623332256,0.00840219749781
209,Unitarian_train10,10,5.69672107697,0.0195591251842,0.00970733539422,0.0249039378268,0.0129720047381,0.00863837286569,0.00459364978476,0.00918729956953
210,WBC_train25,10,5.14717006683,0.0110558847894,0.00634040655069,0.0143694640923,0.0133817625693,0.0193079717071,0.00229401644045,0.00799719620213
211,JohnPiper_train50,10,4.06640601158,0.0198501583378,0.0172240673515,0.0115084575577,0.00830308179501,0.0259519579825,0.000231713910558,0.0116629334981
212,JohnPiper_train29,10,4.37311792374,0.0237691001698,0.0229202037351,0.00972693831353,0.00725099037917,0.022778720996,0.0018039049236,0.0104343520091
213,Shepherd_train54,10,4.5745279789,0.0225252561311,0.016456645129,0.0246314211259,0.00985256845036,0.0274158426445,0.003676864313,0.0123514082747
214,Shepherd_train45,10,4.98749899864,0.0232223523507,0.0172327254475,0.0224861970888,0.00967040321231,0.0266354358374,0.0040488539401,0.0117450225866
215,Shepherd_train64,10,4.59158015251,0.0210901421766,0.01490854878,0.018981127959,0.0102178102614,0.0257808806952,0.00705428893495,0.0106905203447
216,DorothyDay_test10,10,2.04596996307,0.021120431396,0.00292091072499,0.0158777711204,0.0132564409826,0.0119083283403,0.00756440982624,0.0122079089275
217,PastorAnderson_test6,10,15.7292010784,0.0165039890904,0.0227748606771,0.0174274393583,0.0209064845537,0.0137765894619,0.000880499092656,0.0188877793169
218,DorothyDay_test0,10,2.60428595543,0.0212182620098,0.00178805578734,0.0197282155203,0.0116223626177,0.0146620574562,0.00417213017046,0.0102515198474
219,NaumanKhan_train4,10,6.55079293251,0.0133272058824,0.0423035990712,0.0216960139319,0.0171971749226,0.0113922213622,0.00266060371517,0.0164715557276
220,Unitarian_train24,10,6.79034399986,0.0214225130256,0.00884526838725,0.0264873379377,0.00979037925603,0.00920877256755,0.00584030049679,0.00940264146371
221,WBC_train24,10,4.80745506287,0.00843228360007,0.0064704870074,0.0085699535364,0.0160729650663,0.0172775770091,0.00175529168818,0.00764068146618
222,WBC_train28,10,4.74184012413,0.00927197802198,0.00710851648352,0.0109203296703,0.0156593406593,0.0248282967033,0.000652472527473,0.00927197802198
223,JohnPiper_train18,10,4.10126590729,0.0196033386936,0.0149322306455,0.0106822880772,0.00987824488858,0.020483957424,0.000650892105062,0.0109885902443
224,JohnPiper_test14,10,4.28990316391,0.0147930082797,0.0174057037718,0.0115547378105,0.00864765409384,0.0190616375345,0.000772769089236,0.0122171113155
225,WBC_train35,10,5.09919905663,0.0135867042184,0.00649933459193,0.0125653802111,0.0176720002476,0.0187242734672,0.000990374794961,0.00755160781158
226,Ghandi_train1,2,2.77446007729,0.00323244196297,0.01087275933,0.0200558330885,0.00719952982662,0.00822803408757,0.000367322950338,0.00808110490743
227,JohnPiper_train39,10,4.17223405838,0.0214020200503,0.0203506927496,0.0124657379942,0.00803514436977,0.0206135245748,0.00135170652949,0.0126910224158
228,JohnPiper_train40,10,4.24801492691,0.01393728223,0.018778653952,0.0114065651935,0.00733541169998,0.0218962039244,0.000990280579498,0.014304052815
229,Shepherd_train58,10,4.78981781006,0.0250345732421,0.0175525690578,0.0235098046169,0.00804935995177,0.0172334314386,0.0060990745009,0.0116662529698
230,Shepherd_train65,10,4.18057203293,0.0233861925356,0.0189812590101,0.0250680762454,0.00901009130226,0.0282316194137,0.0026029152651,0.0114127823162
231,Shepherd_test21,10,4.87419199944,0.0155420641804,0.0149522983521,0.0263660017346,0.0104423243712,0.0234171725932,0.00749349522984,0.0130789245447
232,Shepherd_test1,10,4.65122914314,0.0243902439024,0.0165400905506,0.0198992259384,0.00909157295166,0.0281510150431,0.0049656783993,0.010442529575
233,PastorAnderson_train13,10,17.9452881813,0.0149941792782,0.0237112922002,0.0207590221187,0.0161303841676,0.0149476135041,0.000828870779977,0.0176298020955
234,MehrBaba_test0,10,2.27910709381,0.00807349665924,0.00932628062361,0.0112054565702,0.00814309576837,0.0225501113586,0.00278396436526,0.0160773942094
235,PastorAnderson_train20,10,17.2446839809,0.013785648002,0.0222330645084,0.0192960805135,0.0148092873748,0.0215442604445,0.00177941049852,0.0181767739096
236,Shepherd_train36,10,4.68244719505,0.0212804263287,0.0181837822267,0.0252052426905,0.00842575255653,0.0243050554515,0.00370877142446,0.0128186662826
237,DorothyDay_train35,10,2.95085000992,0.0185185185185,0.0022633744856,0.0163580246914,0.0093621399177,0.0230967078189,0.00365226337449,0.009670781893
238,Unitarian_train17,10,5.73785209656,0.0220854661529,0.0096336343245,0.0255075631219,0.00957612008972,0.00601023753379,0.0055501236556,0.0112440328981
239,WBC_test0,10,4.90092086792,0.00849019349743,0.00737133078847,0.0108595498223,0.0174410951691,0.0247137027774,0.00108595498223,0.00964196393313
240,Unitarian_test2,10,6.01037812233,0.0157604631194,0.0104146469822,0.0287787718472,0.00883583081738,0.00839265435005,0.00883583081738,0.0113563969753
241,NaumanKhan_train6,10,6.5713429451,0.0164719402413,0.0391447998468,0.0177887377897,0.0168310668454,0.0249473280981,0.000359126604099,0.0164479984677
242,JohnPiper_train49,10,3.79011392593,0.0186040651772,0.0149504451537,0.0189400302369,0.00856710902066,0.0189820258693,0.000461951956996,0.0112548294977
243,JohnPiper_test3,10,4.10106301308,0.0190986065231,0.0176557694498,0.0105554922732,0.00899874700991,0.0264646694764,0.000189846983331,0.0112769108099
244,DorothyDay_train44,10,3.17446303368,0.018566246659,0.00300687285223,0.0151775486827,0.00925925925926,0.0136502481863,0.0085910652921,0.0107388316151
245,JohnPiper_train22,10,3.74959516525,0.0262350220727,0.0156401093126,0.013579987387,0.00769392474248,0.0285053605213,4.20433046037e-05,0.0119402985075
246,Shepherd_train51,10,4.80347490311,0.0227835903084,0.0159003303965,0.0213725220264,0.0112541299559,0.0233686674009,0.00464620044053,0.0102904735683
247,JohnPiper_train34,10,3.69570302963,0.0223442449842,0.0145723336853,0.0168954593453,0.00435058078141,0.0247518479409,0.000422386483633,0.0124181626188
248,Shepherd_train48,10,4.5714070797,0.0207613728228,0.0160579113691,0.0255015800691,0.0081575659587,0.0270816491512,0.00503417358712,0.0127507900345
249,Rabbinic_test3,10,2.896037817,0.0267524185267,0.00951197103172,0.0139436848079,0.00762038588337,0.00972815219154,0.00335080797708,0.0122682808193
250,Shepherd_test11,10,4.9545249939,0.0208198892776,0.0173555683864,0.0248276330537,0.00842305471589,0.0268994328024,0.0033963930306,0.0114118805828
251,JohnPiper_train54,10,4.4575779438,0.0228273217836,0.0165435955694,0.00912382845782,0.00560920193127,0.0274069866515,0.000390514058506,0.0102953706333
252,PastorAnderson_train14,10,18.1073439121,0.0151701480211,0.0322432968592,0.0241196377117,0.0156818039012,0.013141477339,0.00391371866108,0.0181413426927
253,DorothyDay_test22,10,3.21798706055,0.0223741454319,0.00291628818664,0.0126691208108,0.0121910407802,0.010374336664,0.00387244824784,0.00956160061194
254,Shepherd_test2,10,4.56843590736,0.0177766279843,0.0176287973982,0.0227289526203,0.0118634045384,0.0226180796807,0.00595018109247,0.0126395151157
255,MehrBaba_train17,10,2.95284199715,0.0143737166324,0.0121041824273,0.00432292229547,0.00724089484492,0.0203177347887,0.004052739652,0.0185885658705
256,DorothyDay_test17,10,3.52179503441,0.0195888966971,0.00114195361911,0.0230586788475,0.0119465917077,0.00786191145467,0.00527055516514,0.0108924806746
257,JohnPiper_train25,10,3.73062300682,0.0178027740189,0.0182256427605,0.0113328822733,0.0064698917456,0.0238075101488,0.000253721244926,0.0107831529093
258,DorothyDay_test7,10,3.16048789024,0.0204170920228,0.00559039424432,0.0218268436148,0.00991687326819,0.0158475523796,0.00403480628069,0.0130766613193
259,Shepherd_train22,10,4.9976568222,0.0221680712086,0.0197651199783,0.0254509764105,0.00802111889532,0.0224049818933,0.00717500930721,0.0118793786171
260,NaumanKhan_test2,10,8.23062086105,0.0140390284992,0.0397505064078,0.0167064439141,0.0217404384188,0.0144601993542,0.000742062934959,0.0172680050541
261,JohnPiper_train52,10,3.97880220413,0.0215264956593,0.0141807754252,0.0140629296461,0.00899556114232,0.0197195270456,0.00141414934988,0.0110775032408
262,WBC_train39,10,4.64239001274,0.0107705053853,0.00704225352113,0.0142225904446,0.0170533001933,0.0249585749793,0.000207125103563,0.00818144159072
263,Shepherd_train56,10,4.60308408737,0.0218258284388,0.0178739757813,0.0238198825321,0.0105503589297,0.0240011601769,0.00402436371547,0.0104053368139
264,Shepherd_train71,10,4.69004106522,0.0230602760138,0.019193245113,0.0243374605315,0.00943697449179,0.0229183666229,0.00493135133217,0.0100755667506
265,Shepherd_train43,10,4.85338997841,0.0225499589379,0.0156720503696,0.0218998083767,0.0100260060224,0.0235080755543,0.00506433068711,0.0118738023542
266,Shepherd_train49,10,4.49683499336,0.0240533194326,0.015750083777,0.029228878877,0.010723461295,0.0252820493726,0.00565960457236,0.0117287857914
267,Rabbinic_test4,10,3.30368494987,0.025263846082,0.00789203324928,0.0168114317736,0.00686466797422,0.0124684785654,0.00252171476604,0.0143831138508
268,Shepherd_test18,10,5.20053982735,0.0188112867721,0.0178106864118,0.0263824961644,0.0117070242145,0.0226469214862,0.00473617503836,0.0107064238543
269,PastorAnderson_test0,10,19.3757789135,0.0139158110362,0.0313782916734,0.025580037075,0.016920745901,0.014745342351,0.00248012933917,0.0180042153734
270,JohnPiper_train36,10,4.44002795219,0.025722428659,0.0123741837729,0.0110393592842,0.00822540495689,0.016126122876,0.000793679425665,0.0144666113496
271,Unitarian_train19,10,6.13066411018,0.0166729414296,0.00873984833002,0.0302264293013,0.00809444414565,0.00744903996128,0.00527080083903,0.0117517345237
272,Rabbinic_train8,10,3.63916015625,0.0238671739882,0.00830162573504,0.0119335869941,0.00562089242477,0.00843133863715,0.0025942580422,0.0137063299896
273,Unitarian_train22,10,5.31360888481,0.0228544920365,0.0102056595021,0.023751353023,0.0118138240297,0.00930879851554,0.00797897015618,0.0119993814752
274,DorothyDay_train39,10,3.22730398178,0.0246083974418,0.00222448790435,0.00820279914728,0.0142737973862,0.0135323014181,0.00162202243025,0.00903698211141
275,WBC_train26,10,4.37584495544,0.00823241008379,0.00987889210055,0.0116351395851,0.0154769309575,0.0188796604588,0.00139036259193,0.00984230361128
276,WBC_train14,10,5.91567611694,0.0179346253977,0.00712651537066,0.0101769795146,0.0178557340837,0.0211691692745,0.000920398664107,0.0109395955505
277,DorothyDay_train48,10,3.68490386009,0.0186919795935,0.00204900894873,0.0121686041649,0.0140085305679,0.0139248975496,0.00485071506231,0.00848875135904
278,Shepherd_train60,10,4.76653003693,0.0262557077626,0.0171946347032,0.0231164383562,0.00809788812785,0.0197631278539,0.00645690639269,0.0114868721461
279,JohnPiper_test12,10,4.25829386711,0.0225907406741,0.0180582035325,0.0137055289759,0.00665491564445,0.0171948631246,0.000287780135976,0.0103600848951
280,DorothyDay_test19,10,3.66068100929,0.0171646535283,0.00826446280992,0.0209366391185,0.0129688493325,0.0127145581691,0.00796778978597,0.0104683195592
281,PastorAnderson_train18,10,18.7048821449,0.0143781517162,0.0264337484411,0.0223760550906,0.0182731758454,0.0178303540767,0.00182551014875,0.0162940336545
282,MehrBaba_test5,10,1.65644216537,0.0060246724682,0.00038251888687,0.00392081859042,0.00831978578942,0.0326097351057,0.000669408052023,0.0148226068662
283,WBC_train31,10,5.30498290062,0.0137699361438,0.00880670641286,0.0112277940865,0.012952819054,0.0245437762915,0.00214871531035,0.00974487788639
284,DorothyDay_train32,10,2.64331102371,0.0213699566902,0.00256439480283,0.0120811488489,0.0125370412583,0.0146455436517,0.00490084340096,0.0108844312742
285,Rabbinic_train11,10,3.04087591171,0.0277534627465,0.0074661448947,0.0122547757582,0.0105555841615,0.0103496215437,0.00195664486896,0.0125122290304
286,WBC_test7,10,4.85467386246,0.00770058510996,0.00763333109153,0.0107606429484,0.020915999731,0.0248839868182,0.00295917681081,0.00978545968122
287,JohnPiper_train46,10,4.72207999229,0.0218202602293,0.0140537269273,0.0118010960562,0.00665702854453,0.0244763473759,0.000605184413139,0.0118683387688
288,DorothyDay_train43,10,4.08397579193,0.0201131607503,0.00360409238878,0.0134475275151,0.0104634940319,0.0107735234847,0.00782824368315,0.0115873507983
289,DorothyDay_train67,10,3.64823293686,0.0188544553624,0.00146972369195,0.0168388342992,0.0106240026875,0.0138993869153,0.00596287897875,0.00852439741329
290,Shepherd_train67,10,4.36512994766,0.0205173608438,0.0158210793749,0.0184771729925,0.0110478096851,0.0321425821849,0.0035029640465,0.0132804680884
291,DorothyDay_train76,10,2.60894203186,0.0172566633178,0.00230482831984,0.00951480408959,0.0137107735949,0.0214526328231,0.00774185922818,0.00916021511731
292,Shepherd_test7,10,4.57216715813,0.0211355311355,0.0191575091575,0.0233333333333,0.00904761904762,0.0236996336996,0.0059706959707,0.010695970696
293,PastorAnderson_train11,10,17.9343650341,0.0155999601626,0.0236941937003,0.019764778314,0.0179811496709,0.0151019927749,0.000371212052622,0.016831297703
294,MehrBaba_train12,10,2.76856899261,0.0136663795579,0.0219925351708,0.0128050531151,0.00333046224519,0.0307780648866,0.00206718346253,0.0138960666092
295,MehrBaba_test2,10,2.0853638649,0.0143310868386,0.00488031605856,0.00650708807809,0.00573243473546,0.0156479975211,0.00921837477729,0.0109226121311
296,MehrBaba_train25,10,3.93307590485,0.00945445767621,0.0090119085935,0.0124316060509,0.00748310267139,0.0253459929192,0.000764402961056,0.0146041197296
297,Shepherd_train34,10,5.17079210281,0.0200326264274,0.0171941272431,0.0236867862969,0.0113866231648,0.0251223491028,0.00544861337684,0.0110929853181
298,Shepherd_train25,10,4.25270390511,0.0226731707317,0.0143219512195,0.0239609756098,0.00987317073171,0.0280975609756,0.00296585365854,0.014243902439
299,Unitarian_train15,10,6.21409988403,0.0203379968792,0.0105260373965,0.0207082595012,0.0102880114252,0.00965327550184,0.00719367379863,0.0104731427362
300,NaumanKhan_train7,10,6.67176198959,0.0158383268711,0.0342145458818,0.015509340853,0.0187757020327,0.0165197979086,0.0021854071202,0.0173892609564
301,JohnPiper_train55,10,4.56658601761,0.0225414742603,0.0128270908158,0.0129639131178,0.00773046006499,0.0231571746195,0.000478878057123,0.00882503848127
302,JohnPiper_test1,10,3.56546092033,0.0168516604503,0.0166719094055,0.0157731541815,0.015009212241,0.0213454365704,0.000224688806004,0.0112793780614
303,WBC_train36,10,5.3633480072,0.00928516159752,0.00556514493185,0.0108922087971,0.0202071305279,0.0238378667936,0.000416641866556,0.00752931373133
304,Shepherd_train53,10,5.17815995216,0.0266679885,0.0153993589108,0.0228677175242,0.00789795446284,0.0247843759294,0.00498992102046,0.0147384422194
305,JohnPiper_train38,10,4.04557108879,0.0183699158209,0.0184092518291,0.0120761545118,0.00924396192274,0.0230509007946,0.00173078436,0.0105027141846
306,DorothyDay_train53,10,5.01102614403,0.0190788264837,0.00309303607521,0.0179151099406,0.0113003001164,0.0145158326698,0.00594107919397,0.012157775464
307,Shepherd_train46,10,4.4046330452,0.0221533516988,0.018327211509,0.0236072849709,0.00772880318335,0.0296908478727,0.00252525252525,0.0115549433731
308,Rabbinic_test1,10,3.34615802765,0.0229589451043,0.00584494529131,0.0158047320677,0.00762180865987,0.0102403441504,0.00102871037127,0.0135135135135
309,WBC_train18,10,5.09396004677,0.0196683746539,0.00894306355622,0.0119665192069,0.0134623341078,0.0221507908723,0.000222780942682,0.00957958053531
310,Shepherd_test17,10,4.85770511627,0.0225374203007,0.0165365338061,0.0221282689488,0.00872856217396,0.0262197824679,0.00337549865321,0.0113880459613
311,WBC_train22,10,4.78615498543,0.0123869312812,0.00621034156879,0.0153908464966,0.0177197245849,0.0216349399217,0.0024638855137,0.00833670851897
312,DorothyDay_test20,10,3.25013899803,0.0231754041678,0.00462573591253,0.0135034108962,0.011354079058,0.0108401084011,0.00827025511634,0.0106064853752
313,MehrBaba_train15,10,3.10556292534,0.00764175454684,0.00402465739467,0.0160476845484,0.00845687503184,0.0230271537012,0.00336237200061,0.0131438178206
314,DorothyDay_test15,10,2.73942494392,0.0240054096698,0.0020849768962,0.0144257860926,0.00907246703482,0.0188774935197,0.00400090161163,0.0101994815733
315,WBC_train33,10,4.1339328289,0.0078727759408,0.00862068965517,0.0139348134152,0.0223586836719,0.0234608723036,0.0010234608723,0.00897496457251
316,DorothyDay_test5,10,3.27354097366,0.0209070590427,0.00409759731794,0.0118737195008,0.012199664742,0.0145278450363,0.0077761221829,0.00982492084187
317,NaumanKhan_test0,10,7.30228090286,0.0147641498993,0.034641521128,0.0198109657569,0.0154724749319,0.0107798215906,0.00157159616619,0.0183943156916
318,Unitarian_train27,6,3.2685508728,0.0209291509483,0.0107487985117,0.0301276419823,0.0108004754276,0.00490930701256,0.00496098392848,0.00992196785696
319,WBC_train21,10,5.38924789429,0.00939749003747,0.00755367870101,0.0114494736216,0.0186165467198,0.0263189198834,0.000505561172902,0.0102301790281
320,Shepherd_train41,10,4.37950015068,0.0238450644927,0.0161518735408,0.0260267156581,0.0099896658629,0.0243043594749,0.00708079764229,0.0124392391013
321,DorothyDay_train54,10,2.38937711716,0.0124539331554,0.00165205235735,0.0168382259499,0.0102300165205,0.0153132545431,0.00413013089338,0.00870504511374
322,JohnPiper_test17,10,4.58517694473,0.0168432019448,0.0171557562077,0.0187532557736,0.00823059558951,0.0221913526654,0.000659836777218,0.0111130404584
323,NaumanKhan_test1,10,7.13341617584,0.0158320309846,0.0384136259654,0.0197051029422,0.0195012570497,0.0174854476682,0.00178931394532,0.0169645081652
324,PastorAnderson_test2,10,18.155477047,0.0161814347901,0.0284170610967,0.0206792944605,0.0164619853933,0.0167877860937,0.00136655293809,0.0163262351014
325,Unitarian_train20,10,5.34400987625,0.0174662903732,0.00896832862966,0.0276575729069,0.0118218877391,0.00981498902477,0.00664785199122,0.0126685481342
326,Rabbinic_train14,10,2.87368083,0.0258320914059,0.00750676160512,0.010211403654,0.00723077772258,0.00607164541591,0.000717558094607,0.0125848650439
327,WBC_train40,10,5.77298808098,0.0149668473327,0.00671307123009,0.0106198585853,0.0135086802212,0.0222026577159,0.000687814675214,0.0124632019149
328,Unitarian_test8,10,5.63231277466,0.0202648011101,0.00757400555042,0.0328399629972,0.00823889916744,0.00991558741906,0.0043362627197,0.00988667900093
329,JohnPiper_train43,10,4.17072296143,0.0183877666604,0.0167264489334,0.0159335472909,0.0118557674155,0.0222012459883,0.00135925995847,0.0117424957523
330,WBC_train16,10,6.3797750473,0.00839433382467,0.0127663826917,0.0103430184625,0.0169885327404,0.0208859020161,0.00214854972893,0.0104679341445
331,Shepherd_train62,10,4.81387710571,0.0199714693295,0.0144393027382,0.0224418078703,0.0095334191573,0.0248425594099,0.00647159110678,0.0134302912216
332,JohnPiper_test10,10,4.23348212242,0.019507869652,0.0151481563585,0.0112687504618,0.00720461095101,0.0245326239563,0.000997561516294,0.0091997339836
333,JohnPiper_train32,10,4.91076111794,0.023244629689,0.012536069253,0.00798332798974,0.00647643475473,0.0231484450144,0.000224430907342,0.0126001923693
334,MehrBaba_train19,10,2.7649371624,0.016464617987,0.00270651254581,0.00800676628136,0.00958556526642,0.028418381731,0.000112771356076,0.0124612348463
335,MehrBaba_test7,10,2.91251897812,0.00613794217412,0.00306897108706,0.00457653583158,0.00985301243741,0.0273515317935,0.00366122866527,0.0110375275938
336,MehrBaba_train22,10,2.6750330925,0.00788643533123,0.00905479612104,0.0192195349924,0.0056081317911,0.0222572730459,0.000408926276434,0.0193947891109
337,DorothyDay_train25,10,3.05413603783,0.0214618039922,0.00455250387713,0.016509079994,0.0103556956326,0.0177597678723,0.00430236630147,0.0121066586623
338,Shepherd_train40,10,4.65156817436,0.0272030513476,0.0192148537296,0.0177395559714,0.00989528984204,0.0275988629412,0.00377820157605,0.0126659709978
339,Shepherd_train39,10,4.96191287041,0.0232438194134,0.0203899185091,0.0278513220782,0.00804593748925,0.0238283533336,0.00371350961043,0.0138225079944
340,DorothyDay_train30,10,2.27425503731,0.0186263885126,0.00196423733406,0.011446762395,0.0123950149011,0.0110403684638,0.0058249796803,0.00955025738282
341,Rabbinic_train13,10,3.19787287712,0.0281496738757,0.00598303172968,0.0111814035604,0.00750331028395,0.0106419498798,0.00122603109215,0.0118189397283
342,Shepherd_train28,10,5.29151010513,0.0239534363107,0.0161182001343,0.0247849307621,0.0107134862004,0.0236336307525,0.00396558892194,0.0126643001055
343,WBC_test5,10,5.01287698746,0.00942236788202,0.00734251410204,0.0112816311096,0.0200737402704,0.0219014905619,0.00144959505877,0.00932782907383
344,Unitarian_test1,10,4.89275479317,0.023835790459,0.0102296660315,0.0268445157624,0.00788954635108,0.00959449068967,0.00534884498379,0.00966135125196
345,JohnPiper_train44,10,4.23134708405,0.0199480904709,0.0160548757879,0.0127919911012,0.0083426028921,0.0199480904709,0.000778642936596,0.0134223210975
346,JohnPiper_test6,10,4.15787315369,0.0193401167141,0.0170207990423,0.0123447553494,0.00830465359868,0.0220335178812,0.000897800389047,0.0123447553494
347,DorothyDay_train41,10,3.28436207771,0.0236724842183,0.00246008169328,0.0154103230598,0.0134144077237,0.0103973264018,0.00789082807278,0.00867991088006
348,JohnPiper_train21,10,4.57578992844,0.0173856610992,0.0198790859719,0.0112033336749,0.0110325511494,0.0209720941353,0.000512347576596,0.0104860470677
349,DorothyDay_train61,10,2.60191822052,0.0238356498415,0.00310899780541,0.0182882223848,0.00694952450622,0.0101194830529,0.00542550597415,0.0108510119483
350,Shepherd_train69,10,4.59712505341,0.0222132471729,0.0179908944045,0.0206711705096,0.0118960199736,0.0269129093846,0.00352474665883,0.0113452783081
351,DorothyDay_train74,10,2.38626909256,0.0228340292276,0.00293580375783,0.0148094989562,0.00932933194154,0.00952505219207,0.00952505219207,0.00932933194154
352,Shepherd_test12,10,5.14795899391,0.0206800556771,0.0133558692914,0.0211771724001,0.0102074633791,0.0235633326705,0.0049380261152,0.0100748989196
353,Shepherd_test5,10,5.02422404289,0.0220715330408,0.0128972211142,0.0266254487435,0.011235208084,0.025162877277,0.00541816247839,0.0131299029384
354,MehrBaba_train9,10,2.36927008629,0.00685861741138,0.0023767486079,0.00305581963873,0.0115442075241,0.024582371316,0.00380279777265,0.0129702566888
355,PastorAnderson_train17,10,19.2293059826,0.015586261751,0.0252240207817,0.0182770496103,0.0173462739357,0.0145201005238,0.00406156658008,0.0174478131002
356,MehrBaba_train10,10,2.016507864,0.0127274146951,0.0185055048021,0.0207698914656,0.00421644413212,0.0206137268681,7.80822987429e-05,0.0220192082455
