,groupId,perPos,perNeg,perPosDoc,perNegDoc,PSJudge,judgementCount,judgementFrac,nous,vous,je,ils,il,elle,le,UniqueWordCount,avgSD,avgEVC,rank,groupName
0,ACLU07,0.0102702702703,0.0151351351351,0.0,1.0,0.130434782609,27.0,0.391304347826,0.00216216216216,0.000540540540541,0.0,0.011351351351399998,0.00108108108108,0.0,0.00594594594595,0.278918918919,0.0385696753349,0.642040696097,3,ACLU
1,Unitarian006,0.025641025641,0.021978021978,1.0,0.0,0.307692307692,9.0,0.692307692308,0.00732600732601,0.003663003663,0.025641025641,0.018315018315,0.0,0.018315018315,0.0,0.6630036630039999,-0.656296055475,0.5356664831319999,2,Unitarian
2,DorothyDay406,0.050938337801599995,0.00536193029491,1.0,0.0,0.15,9.0,0.45,0.0214477211796,0.0,0.0,0.0,0.00268096514745,0.0160857908847,0.00268096514745,0.522788203753,-0.461483201815,0.682158820547,4,DorothyDay
3,Rabbinic023,0.0264088658335,0.012968639471799999,1.0,0.0,0.12727272727299999,142.0,0.516363636364,0.00542324923367,0.00235793444942,0.00754539023815,0.0089601509078,0.0518745578873,0.0007073803348270001,0.0146191935864,0.18509785428,0.813725668256,0.748769177055,4,Rabbinic
4,LiberalJudaism034,0.0251223491028,0.0189233278956,1.0,0.0,0.109589041096,130.0,0.8904109589040001,0.0414355628059,0.0309951060359,0.026427406198999998,0.00587275693312,0.00978792822186,0.0006525285481240001,0.0101141924959,0.259380097879,0.815944525794,0.633136805755,2,LiberalJudaism
5,Rabbinic019,0.0234113712375,0.0153846153846,1.0,0.0,0.08583690987119999,123.0,0.527896995708,0.00401337792642,0.0110367892977,0.010702341137099999,0.00602006688963,0.0418060200669,0.0,0.024749163879599998,0.242140468227,0.854814623787,0.6467836842019999,4,Rabbinic
6,DorothyDay044,0.0217391304348,0.0217391304348,0.0,1.0,0.150943396226,43.0,0.8113207547169999,0.0239130434783,0.018478260869599996,0.00978260869565,0.00978260869565,0.0173913043478,0.0,0.0141304347826,0.40217391304300004,-1.0,0.494488806236,3,DorothyDay
7,MehrBaba147,0.0346344145135,0.0159428257284,1.0,0.0,0.228571428571,55.0,0.785714285714,0.018691588785,0.0,0.0,0.00714678394722,0.0269378779549,0.0,0.0109950522265,0.320505772402,-0.430734059484,0.827547377808,6,MehrBaba
8,JohnPiper031,0.0260545905707,0.037841191067,0.0,1.0,0.0769230769231,66.0,0.725274725275,0.0117866004963,0.019851116625299998,0.0179900744417,0.00496277915633,0.035359801488800004,0.0006203473945410001,0.013027295285399998,0.29528535980099996,-0.657350145074,0.654087655872,3,JohnPiper
9,MehrBaba031,0.0305084745763,0.0169491525424,1.0,0.0,0.190476190476,32.0,0.761904761905,0.00112994350282,0.00338983050847,0.021468926553700002,0.00790960451977,0.021468926553700002,0.0,0.0112994350282,0.40112994350299996,-0.102777764196,0.576910418509,5,MehrBaba
10,ISIS009,0.0271186440678,0.0237288135593,1.0,0.0,0.222222222222,6.0,0.666666666667,0.00338983050847,0.0,0.00338983050847,0.0135593220339,0.010169491525399999,0.0,0.0,0.613559322034,-1.0,0.561701840028,1,ISIS
11,SeaShepherds408,0.0180754917597,0.042530568846399996,0.0,1.0,0.211009174312,65.0,0.596330275229,0.0154173312068,0.004784688995220001,0.007442849548109999,0.012759170653899999,0.000531632110579,0.000531632110579,0.016480595428,0.325358851675,0.7488638044149999,0.55273941278,1,Shepherd
12,AEU006,0.0392594244925,0.027660049074300003,1.0,0.0,0.0491803278689,145.0,0.792349726776,0.0256524648673,0.011822440330100001,0.0015614543832300001,0.012491635065799998,0.00803033682802,0.002007584207,0.016060673656,0.287084541602,-0.440321879591,0.7782871903,6,AEU
13,AEU013,0.023172905525799998,0.0267379679144,0.0,1.0,0.241379310345,13.0,0.448275862069,0.007130124777180001,0.0,0.0017825311942999999,0.007130124777180001,0.0,0.0,0.0160427807487,0.484848484848,-0.8343870626659999,0.5581834918330001,8,AEU
14,WBC294,0.0323054331865,0.023127753304,1.0,0.0,0.08633093525180001,98.0,0.705035971223,0.019089574155700003,0.016886930983799998,0.041483113069,0.00807635829662,0.0179882525698,0.0,0.008810572687219999,0.24302496328899997,0.486627420426,0.6089096744960001,1,WBC
15,DorothyDay258,0.0339558573854,0.0169779286927,1.0,0.0,0.107142857143,14.0,0.5,0.0237691001698,0.0,0.00169779286927,0.00509337860781,0.0,0.0,0.0101867572156,0.44142614601,-0.814317724191,0.6143673673910001,4,DorothyDay
16,JohnPiper559,0.0322055953155,0.019843851659099996,1.0,0.0,0.17532467532499998,96.0,0.6233766233770001,0.014313597918,0.005530253741050001,0.0100845803513,0.011385816525700001,0.0123617436565,0.000325309043591,0.0107351984385,0.18932986337000002,0.08908217021400001,0.602620770506,4,JohnPiper
17,MalcolmX011,0.0184800664452,0.0144310631229,1.0,0.0,0.072202166065,435.0,0.7851985559569999,0.0192068106312,0.03176910299,0.0129775747508,0.0140157807309,0.015988372093,0.0010382059800700001,0.0179609634551,0.147113787375,0.737639358183,0.536407918868,2,MalcolmX
18,WBC324,0.0211688909342,0.0046019328117799995,1.0,0.0,0.109589041096,56.0,0.767123287671,0.011044638748299999,0.0027611596870700003,0.0041417395306,0.0188679245283,0.0404970087437,0.000460193281178,0.011504832029500001,0.2420616659,-0.623143493018,0.721960751688,1,WBC
19,PastorAnderson155,0.022934537246,0.016884875846500003,1.0,0.0,0.0992366412214,474.0,0.7236641221369999,0.00893905191874,0.020135440180599998,0.012550790067700001,0.0167042889391,0.026455981941299996,0.00361173814898,0.016975169300200002,0.09878103837470001,0.835376327645,0.6837484390620001,1,Anderson
20,SeaShepherds400,0.0275229357798,0.033639143730900004,0.0,1.0,0.456140350877,34.0,0.59649122807,0.00407747196738,0.0,0.00407747196738,0.03465851172269999,0.011213047910299999,0.0,0.009174311926610001,0.399592252803,0.525727672303,0.435722730111,2,Shepherd
21,Rabbinic011,0.017478616586099997,0.013387876533999999,1.0,0.0,0.111731843575,98.0,0.54748603352,0.00334696913351,0.00446262551134,0.0137597619933,0.00632205280774,0.0345853477129,0.017478616586099997,0.0111565637784,0.252138341391,0.7491753741480001,0.625942459974,4,Rabbinic
22,Rabbinic032,0.020576131687200003,0.0216049382716,0.0,1.0,0.07586206896549999,66.0,0.455172413793,0.00102880658436,0.00102880658436,0.00617283950617,0.0123456790123,0.0432098765432,0.00411522633745,0.015432098765399999,0.294238683128,0.7325721600749999,0.426810339983,4,Rabbinic
23,PastorAnderson072,0.0220511025551,0.0122506125306,1.0,0.0,0.18238993710700002,122.0,0.767295597484,0.0154007700385,0.018550927546400003,0.014000700035,0.0126006300315,0.0115505775289,0.00105005250263,0.0259012950648,0.173258662933,0.214488475609,0.614453147722,1,Anderson
24,Unitarian145,0.0243632336656,0.0190476190476,1.0,0.0,0.0659898477157,233.0,0.591370558376,0.0148394241417,0.0104097452935,0.0423034330011,0.00863787375415,0.003986710963459999,0.00996677740864,0.012624584717600001,0.2569213732,0.830149606384,0.522406007885,7,Unitarian
25,JohnPiper265,0.0205106739221,0.010883214734200002,1.0,0.0,0.313559322034,83.0,0.703389830508,0.0121389702805,0.0025115110925100002,0.00460443700293,0.00460443700293,0.0334868145668,0.0,0.00795311845961,0.191712013395,-0.0926778429346,0.758122466128,4,JohnPiper
26,MehrBaba263,0.04625,0.03375,1.0,0.0,0.304347826087,21.0,0.9130434782610001,0.09125,0.0,0.00125,0.0,0.03,0.0,0.005,0.37125,-0.8120860518709999,0.655861674063,5,MehrBaba
27,Rabbinic029,0.0115340253749,0.012302960399799999,0.0,1.0,0.07407407407410001,88.0,0.465608465608,0.00499807766244,0.00422914263745,0.00692041522491,0.0211457131872,0.0184544405998,0.0023068050749699997,0.0203767781622,0.259900038447,0.744698572384,0.588657914172,4,Rabbinic
28,Shepherd726,0.029976019184699998,0.0363709032774,0.0,1.0,0.054474708171199995,154.0,0.599221789883,0.020383693045599997,0.0219824140687,0.0231814548361,0.0159872102318,0.0227817745803,0.00519584332534,0.00759392486011,0.26258992805799997,0.11081995572100001,0.6398759516870001,2,Shepherd
29,Rabbinic034,0.0189086980011,0.015667206915200002,1.0,0.0,0.11811023622000001,48.0,0.37795275590599997,0.0010804970286300002,0.0027012425715799994,0.00864397622907,0.0032414910859,0.0248514316586,0.0054024851431700004,0.011345218800600002,0.287952458131,0.7803123704359999,0.653428353991,4,Rabbinic
30,MehrBaba005,0.0322580645161,0.027073732718899998,1.0,0.0,0.240963855422,47.0,0.566265060241,0.00115207373272,0.00172811059908,0.000576036866359,0.00633640552995,0.00979262672811,0.0,0.023617511520700005,0.360023041475,-0.320093285083,0.561482419948,6,MehrBaba
31,MehrBaba048,0.0265957446809,0.0205167173252,1.0,0.0,0.24786324786299999,109.0,0.931623931624,0.0015197568389100002,0.0102583586626,0.061170212766,0.00835866261398,0.030395136778099997,0.00265957446809,0.00759878419453,0.300531914894,0.740779133013,0.684362316009,6,MehrBaba
32,PastorAnderson044,0.0290807799443,0.00924791086351,1.0,0.0,0.0233837689133,587.0,0.8074277854199999,0.019721448468,0.0428969359331,0.024066852367700002,0.0245125348189,0.00657381615599,0.000557103064067,0.0152646239554,0.09325905292480001,0.13675653576,0.778214016319,2,Anderson
33,PastorAnderson093,0.029562847258599995,0.021385889506200004,1.0,0.0,0.08586762075130001,454.0,0.8121645796060001,0.0240067092987,0.0194988992557,0.0162490827131,0.0160394171297,0.0230632141734,0.0,0.020127896005900002,0.100534647238,0.787824439903,0.581100387295,1,Anderson
34,Rabbinic004,0.0113683340223,0.019429516329099998,0.0,1.0,0.130057803468,169.0,0.488439306358,0.00248036378669,0.0031004547333599998,0.00764778834229,0.013848697808999999,0.037825547747,0.00020669698222400003,0.021289789169099998,0.218478710211,0.788221879489,0.736617886461,4,Rabbinic
35,JohnPiper104,0.0242326332795,0.0142164781906,1.0,0.0,0.10045662100500001,157.0,0.7168949771690001,0.013247172859499999,0.022294022617099996,0.016801292407100002,0.00743134087237,0.0210016155089,0.00032310177705999996,0.0158319870759,0.196445880452,0.23783238768000003,0.734805005163,5,JohnPiper
36,ISIS008,0.012484394506899999,0.024656679151099998,0.0,1.0,0.340425531915,73.0,0.776595744681,0.00936329588015,0.00905118601748,0.0043695380774,0.0159176029963,0.0149812734082,0.0,0.0121722846442,0.258114856429,0.770629745621,0.760259101524,1,ISIS
37,DorothyDay070,0.0296540362438,0.010708401976900001,1.0,0.0,0.152542372881,44.0,0.745762711864,0.013179571663899999,0.00247116968699,0.00988467874794,0.00494233937397,0.0304777594728,0.00658978583196,0.010708401976900001,0.383031301483,-0.645086303628,0.666846462052,5,DorothyDay
38,Rabbinic055,0.022247254294599998,0.013235708251200002,1.0,0.0,0.0688524590164,139.0,0.45573770491800003,0.00225288651084,0.0025344973246999997,0.0143621515066,0.0208392002253,0.03660940580119999,0.000563221627711,0.0188679245283,0.242748521543,0.751800001247,0.608245815243,4,Rabbinic
39,DorothyDay383,0.0506155950752,0.012311901504799999,1.0,0.0,0.181818181818,33.0,0.75,0.0424076607387,0.023255813953499998,0.024623803009599998,0.012311901504799999,0.006839945280439999,0.0013679890560899998,0.012311901504799999,0.415868673051,-0.811937493102,0.594782154279,5,DorothyDay
40,MehrBaba213,0.029362416107400004,0.0240492170022,1.0,0.0,0.316582914573,155.0,0.778894472362,0.00027964205816600004,0.0067114093959700005,0.006991051454140001,0.0033557046979899997,0.049496644295300006,0.017897091722599998,0.005033557046979999,0.240492170022,0.8243638406389999,0.6679045501259999,4,MehrBaba
41,ISIS003,0.0363636363636,0.025,1.0,0.0,0.255813953488,21.0,0.488372093023,0.00227272727273,0.006818181818180001,0.0,0.022727272727299998,0.0113636363636,0.0,0.00795454545455,0.40909090909100004,0.466383773786,0.678686304801,1,ISIS
42,LiberalJudaism117,0.0271604938272,0.020576131687200003,1.0,0.0,0.172413793103,49.0,0.844827586207,0.033744855967099995,0.023868312757200003,0.026337448559699998,0.00164609053498,0.009876543209879999,0.0,0.0197530864198,0.374485596708,-0.6525093995260001,0.4954471705100001,4,LiberalJudaism
43,AEU012,0.052631578947400004,0.0144736842105,1.0,0.0,0.10810810810799999,22.0,0.594594594595,0.0381578947368,0.00657894736842,0.0,0.0013157894736799999,0.0,0.0,0.00394736842105,0.406578947368,-0.634091179798,0.571619832112,8,AEU
44,JohnPiper103,0.0267094017094,0.0160256410256,1.0,0.0,0.0408163265306,12.0,0.244897959184,0.0213675213675,0.025641025641,0.010683760683799998,0.0021367521367500002,0.0192307692308,0.0,0.00320512820513,0.345085470085,-0.8037948794449999,0.716648932118,3,JohnPiper
45,YV05,0.0372272143774,0.0224646983312,1.0,0.0,0.167832167832,101.0,0.706293706294,0.0166880616175,0.0590500641849,0.0141206675225,0.0109114249037,0.0,0.0,0.0115532734275,0.272785622593,0.403947528627,0.6052820616800001,4,YV
46,Rabbinic043,0.022368101142700002,0.0240700218818,0.0,1.0,0.0787172011662,159.0,0.46355685131200003,0.0024313153416,0.00194505227328,0.0138584974471,0.025042548018499998,0.0252856795526,0.00072939460248,0.0221249696086,0.214198881595,0.818373334689,0.729590376493,4,Rabbinic
47,MehrBaba002,0.0293072824156,0.0213143872114,1.0,0.0,0.166666666667,19.0,0.452380952381,0.00088809946714,0.00088809946714,0.023090586145599997,0.00088809946714,0.00532859680284,0.00088809946714,0.0106571936057,0.423623445826,-0.499218865502,0.47729685503799996,6,MehrBaba
48,Rabbinic003,0.0217682518419,0.00937709310114,1.0,0.0,0.0819672131148,92.0,0.37704918032799994,0.00234427327528,0.006028131279300001,0.00636302746149,0.006697923643670001,0.022438044206300002,0.000334896182184,0.0247823174816,0.263563295378,0.83392976749,0.56015362546,4,Rabbinic
49,YV09,0.0358767054068,0.0101061141991,1.0,0.0,0.17592592592599998,74.0,0.685185185185,0.00859019706923,0.0101061141991,0.00656897422941,0.00960080848914,0.026781202627599997,0.00202122283982,0.00909550277918,0.309752400202,0.206705311989,0.674183355356,7,YV
50,Rabbinic027,0.0128205128205,0.0168269230769,0.0,1.0,0.07142857142860001,85.0,0.40476190476199997,0.0008012820512819999,0.00320512820513,0.015625,0.0140224358974,0.030448717948699997,0.0008012820512819999,0.018830128205099998,0.23878205128199997,0.794426122724,0.707956702067,4,Rabbinic
51,Bahai07,0.0142671854734,0.0168612191958,0.0,1.0,0.185185185185,13.0,0.48148148148100006,0.00259403372244,0.00129701686122,0.0,0.00389105058366,0.0,0.0,0.0103761348898,0.428015564202,-0.652361705871,0.597722300555,5,Bahai
52,Rabbinic050,0.014456630109700002,0.0206879361914,0.0,1.0,0.09415584415580001,140.0,0.45454545454499995,0.0037387836490500002,0.0027417746759699994,0.0164506480558,0.0064805583250200005,0.0316550348953,0.0216849451645,0.0114656031904,0.22407776670000001,0.8644696062999999,0.751393373572,4,Rabbinic
53,DorothyDay056,0.0181818181818,0.0181818181818,0.0,1.0,0.34782608695699996,18.0,0.782608695652,0.0025974025974,0.0103896103896,0.0,0.0025974025974,0.0,0.046753246753199994,0.0285714285714,0.477922077922,-0.833405809479,0.537623354139,3,DorothyDay
54,Bahai28,0.039301310043699994,0.00873362445415,1.0,0.0,0.25,13.0,0.8125,0.004366812227069999,0.0,0.0,0.021834061135400002,0.061135371178999996,0.0,0.004366812227069999,0.480349344978,-0.452632611075,0.688677534148,6,Bahai
55,YV50,0.061371841155199995,0.012635379061399998,1.0,0.0,0.117647058824,22.0,0.647058823529,0.0523465703971,0.0,0.00361010830325,0.00541516245487,0.00361010830325,0.00361010830325,0.010830324909700002,0.38808664259900005,-0.624164348053,0.593936644612,6,YV
56,ISIS012,0.012337662337700001,0.0350649350649,0.0,1.0,0.126984126984,56.0,0.888888888889,0.013636363636399999,0.0077922077922100005,0.0285714285714,0.013636363636399999,0.0194805194805,0.0,0.005844155844159999,0.353896103896,-0.45108183776999994,0.611450029922,1,ISIS
57,DorothyDay189,0.023180940115900002,0.0218931101095,1.0,0.0,0.135135135135,66.0,0.891891891892,0.030264005151299997,0.0186735350934,0.00965872504829,0.014810045074100001,0.021249195106200002,0.0019317450096600001,0.005795235028979999,0.34964584674800003,-0.63858059306,0.652796812861,3,DorothyDay
58,Rabbinic053,0.0115232265034,0.0162045372704,0.0,1.0,0.0995475113122,106.0,0.47963800905000004,0.006481814908170001,0.0021606049693899997,0.0075621173928700006,0.011883327331700002,0.028087864602099995,0.00936262153403,0.0194454447245,0.26179330212499996,0.7833695535070001,0.5462279052310001,4,Rabbinic
59,MalcolmX001,0.00901984365604,0.0204449789537,0.0,1.0,0.134146341463,67.0,0.817073170732,0.030667468430499997,0.0,0.0204449789537,0.010823812387299998,0.0204449789537,0.0,0.00781719783524,0.341551413109,-0.286337179949,0.584314340012,2,MalcolmX
60,DorothyDay142,0.030706243602900002,0.028659160696,1.0,0.0,0.116279069767,29.0,0.674418604651,0.011258955987700001,0.00204708290686,0.00614124872057,0.014329580348,0.00409416581372,0.010235414534299998,0.00921187308086,0.430910951894,-0.819130602974,0.517007033551,4,DorothyDay
61,MehrBaba260,0.0212765957447,0.00759878419453,1.0,0.0,0.230158730159,107.0,0.849206349206,0.013677811550200002,0.00759878419453,0.06788247213779999,0.00455927051672,0.0126646403242,0.015704154002,0.005572441742649999,0.251266464032,0.255137676902,0.6143008754370001,5,MehrBaba
62,Rabbinic013,0.024530756365,0.0143096078796,1.0,0.0,0.0906593406593,184.0,0.5054945054950001,0.00427429845754,0.0013008734436,0.0148671250697,0.00724772347147,0.0325218360899,0.00334510314068,0.0139379297528,0.20590968221500003,0.745057432474,0.566069106053,4,Rabbinic
63,MalcolmX007,0.0136371482824,0.022009321595,0.0,1.0,0.0633914421553,486.0,0.7702060221870001,0.00871741757293,0.018470567926799998,0.024339720352099997,0.0182979457967,0.01648541343,0.00060417745555,0.0156223027792,0.153115829449,0.7417748628919999,0.546213348219,2,MalcolmX
64,LiberalJudaism135,0.0184891706286,0.00686740623349,1.0,0.0,0.13953488372099998,72.0,0.837209302326,0.0227152667723,0.035393555203400005,0.0327522451136,0.00475435816165,0.013734812467,0.0,0.013206550449000001,0.278394083465,-0.481880508931,0.642825632019,4,LiberalJudaism
65,Bahai14,0.0269938650307,0.0049079754601200004,1.0,0.0,0.275862068966,17.0,0.586206896552,0.0208588957055,0.0,0.0,0.0049079754601200004,0.014723926380399998,0.0,0.0049079754601200004,0.347239263804,0.09686771277100001,0.6798712949660001,4,Bahai
66,YV19,0.035629453681699993,0.0308788598575,1.0,0.0,0.297297297297,30.0,0.810810810811,0.0332541567696,0.07125890736339999,0.00237529691211,0.00237529691211,0.004750593824229999,0.0,0.0118764845606,0.396674584323,-0.464041555489,0.552970111523,6,YV
67,JohnPiper256,0.028854435831200002,0.015934539190400002,1.0,0.0,0.185430463576,106.0,0.701986754967,0.0142118863049,0.019379844961200002,0.0021533161068,0.010766580534000002,0.0292850990525,0.011197243755399999,0.0116279069767,0.226528854436,-0.14796676417000001,0.5490464367600001,3,JohnPiper
68,Rabbinic042,0.019583070119999997,0.0173720783323,1.0,0.0,0.07380073800739999,125.0,0.46125461254600003,0.00600126342388,0.00126342387871,0.008212255211620001,0.0034744156664600003,0.0445356917246,0.000631711939356,0.0142135186355,0.22836386607700002,0.7635461128829999,0.5569010379580001,4,Rabbinic
69,Bahai70,0.0153203342618,0.0181058495822,0.0,1.0,0.225806451613,19.0,0.612903225806,0.016713091922,0.0,0.005571030640670001,0.0041782729805,0.0013927576601700002,0.0,0.013927576601700001,0.45264623955399996,-0.6381638164410001,0.578480964151,6,Bahai
70,JohnPiper358,0.0179290157336,0.0135382363703,1.0,0.0,0.129496402878,82.0,0.589928057554,0.0160995243322,0.017563117453299998,0.00658616904501,0.007317965605560001,0.0204903036956,0.0,0.0032930845225,0.185510428101,-0.478594651675,0.8053365438510001,1,JohnPiper
71,YV07,0.0457746478873,0.0105633802817,1.0,0.0,0.163636363636,75.0,0.6818181818179999,0.0448943661972,0.0281690140845,0.00352112676056,0.00704225352113,0.00176056338028,0.000880281690141,0.0140845070423,0.279049295775,0.057133166787800005,0.529638227444,7,YV
72,SeaShepherds402,0.0282828282828,0.030303030303,0.0,1.0,0.375,14.0,0.583333333333,0.0323232323232,0.0,0.0,0.006060606060609999,0.0,0.0,0.006060606060609999,0.436363636364,0.286086563271,0.695834936012,2,Shepherd
73,YV12,0.037037037037,0.00617283950617,1.0,0.0,0.35294117647100004,7.0,0.41176470588200004,0.00617283950617,0.00617283950617,0.0,0.00617283950617,0.00617283950617,0.0,0.015432098765399999,0.493827160494,-0.8143264766320001,0.69120306395,6,YV
74,Rabbinic036,0.00795053003534,0.0163427561837,0.0,1.0,0.113924050633,85.0,0.537974683544,0.000883392226148,0.00353356890459,0.00795053003534,0.0260600706714,0.0309187279152,0.007067137809189999,0.00971731448763,0.29151943462900004,0.750244175245,0.647330480268,4,Rabbinic
75,WBC039,0.0166844160454,0.0333688320909,0.0,1.0,0.06395348837209999,85.0,0.494186046512,0.0070997515087,0.007454739084130001,0.004614838480649999,0.0177493787717,0.0273340433085,0.00177493787717,0.008164714235,0.23571175008900003,0.790788786416,0.691311297148,2,WBC
76,Bahai02,0.0191256830601,0.0314207650273,0.0,1.0,0.277777777778,17.0,0.472222222222,0.0314207650273,0.0,0.00136612021858,0.0109289617486,0.004098360655739999,0.0,0.004098360655739999,0.450819672131,-0.541264691978,0.524837140825,5,Bahai
77,Bahai66,0.025449101796400003,0.0119760479042,1.0,0.0,0.14705882352900002,29.0,0.852941176471,0.0464071856287,0.0,0.0059880239521,0.00299401197605,0.00299401197605,0.00299401197605,0.0209580838323,0.471556886228,-0.484253225032,0.7069266481659999,5,Bahai
78,MehrBaba041,0.0314422419686,0.00956937799043,1.0,0.0,0.08695652173910001,48.0,0.6956521739129999,0.00341763499658,0.0,0.0225563909774,0.00205058099795,0.0157211209843,0.0198222829802,0.028024606972,0.336295283664,-1.0,0.611198918672,7,MehrBaba
79,Rabbinic022,0.0220848056537,0.0132508833922,1.0,0.0,0.0897435897436,69.0,0.44230769230800004,0.00265017667845,0.00397526501767,0.014575971731399998,0.024293286219099996,0.0265017667845,0.00353356890459,0.017226148409900003,0.273851590106,0.830942468968,0.556528495201,4,Rabbinic
80,SeaShepherds397,0.0376811594203,0.023188405797099996,1.0,0.0,0.529411764706,15.0,0.8823529411759999,0.04637681159419999,0.023188405797099996,0.0,0.005797101449279999,0.0,0.0,0.0,0.524637681159,-0.6694278471949999,0.466716358542,1,Shepherd
81,Rabbinic007,0.0195671509042,0.019863622887599998,0.0,1.0,0.0625,101.0,0.39453125,0.00266824785058,0.004743551734359999,0.012748295286100001,0.00919063148532,0.0293507263564,0.00266824785058,0.0118588793359,0.238956418618,0.8699690856799999,0.6883657986499999,4,Rabbinic
82,YV14,0.0413436692506,0.023255813953499998,1.0,0.0,0.1875,20.0,0.625,0.033591731266099996,0.0180878552972,0.00258397932817,0.0,0.0,0.0,0.015503875969,0.50645994832,-0.660766494474,0.688203848427,4,YV
83,MehrBaba228,0.049559471365599995,0.0165198237885,1.0,0.0,0.129411764706,49.0,0.576470588235,0.00605726872247,0.00991189427313,0.00825991189427,0.00715859030837,0.0214757709251,0.0016519823788499997,0.0104625550661,0.327643171806,0.033722114865,0.620447320524,4,MehrBaba
84,MehrBaba020,0.024609559867500002,0.021769995267400002,1.0,0.0,0.26041666666700003,43.0,0.447916666667,0.000946521533365,0.000946521533365,0.0023663038334099996,0.0127780407004,0.010411736866999999,0.0,0.00851869380028,0.35399905347800004,0.780151829551,0.564418952599,4,MehrBaba
85,MehrBaba081,0.0168776371308,0.012658227848100001,1.0,0.0,0.272727272727,13.0,0.590909090909,0.00210970464135,0.0105485232068,0.0,0.0,0.0042194092827,0.0,0.0168776371308,0.331223628692,-0.43736559228,0.844095571339,7,MehrBaba
86,MehrBaba009,0.036756126021,0.0151691948658,1.0,0.0,0.111111111111,49.0,0.680555555556,0.00291715285881,0.0,0.00525087514586,0.008751458576430001,0.0297549591599,0.0,0.0157526254376,0.29463243874,-0.258071353292,0.753207393491,6,MehrBaba
87,Rabbinic056,0.0226434965771,0.020273828330700003,1.0,0.0,0.09731543624160001,141.0,0.473154362416,0.00342285413375,0.0057925223801999996,0.0121116377041,0.0347551342812,0.0268562401264,0.00184307530279,0.0121116377041,0.229594523433,0.759040139427,0.613511075124,4,Rabbinic
88,YV56,0.0155239327296,0.0155239327296,0.0,1.0,0.171428571429,51.0,0.728571428571,0.0,0.06209573091850001,0.0297542043984,0.0025873221216,0.0012936610608,0.006468305304010001,0.0297542043984,0.316946959897,0.279334542219,0.61595982941,5,YV
89,Bahai09,0.045,0.01125,1.0,0.0,0.242424242424,15.0,0.45454545454499995,0.00125,0.0,0.0,0.01375,0.0025,0.0025,0.005,0.3975,-0.488243831835,0.603637367263,6,Bahai
90,WBC410,0.0246132208158,0.0346929207689,0.0,1.0,0.258064516129,139.0,0.747311827957,0.00328176277543,0.008673230192219999,0.017815283638099998,0.0159399906235,0.0168776371308,0.0187529301453,0.0063291139240500005,0.20159399906199998,0.7137350594640001,0.7252885107989999,1,WBC
91,MalcolmX013,0.012381883349600002,0.0234604105572,0.0,1.0,0.09039548022600001,128.0,0.7231638418080001,0.008797653958940001,0.0153144346693,0.021505376344099998,0.0260671228413,0.014988595633799999,0.0,0.0159661127403,0.23981753014,-0.0832915006878,0.6852912069920001,2,MalcolmX
92,Shepherd005,0.0268980477223,0.0325379609544,0.0,1.0,0.047846889952199996,124.0,0.5933014354070001,0.00824295010846,0.0125813449024,0.0208242950108,0.009978308026030001,0.022559652928400002,0.00260303687636,0.015618221258100001,0.281561822126,-0.105009575819,0.416175626792,1,Shepherd
93,ACLU05,0.0309523809524,0.029761904761900004,1.0,0.0,0.547619047619,34.0,0.8095238095239999,0.0261904761905,0.0,0.0059523809523800006,0.00119047619048,0.047619047619,0.00119047619048,0.0059523809523800006,0.442857142857,-0.31747950176999995,0.44801746405299997,3,ACLU
94,SeaShepherds404,0.0155763239875,0.0155763239875,0.0,1.0,0.8181818181820001,10.0,0.909090909091,0.018691588785,0.0,0.00934579439252,0.0,0.0,0.0249221183801,0.00311526479751,0.510903426791,-0.473847040687,0.585322519773,2,Shepherd
95,JohnPiper503,0.0310734463277,0.019303201506599997,1.0,0.0,0.06504065040649999,81.0,0.658536585366,0.0235404896422,0.028719397363499998,0.0112994350282,0.00141242937853,0.0338983050847,0.0,0.00706214689266,0.265536723164,0.708571129932,0.631079335282,3,JohnPiper
96,Rabbinic039,0.015876015876,0.021168021167999998,0.0,1.0,0.0686274509804,184.0,0.45098039215700003,0.001134001134,0.00699300699301,0.011340011340000001,0.005859005859010001,0.036666036666000004,0.003024003024,0.016632016632,0.203742203742,0.7481254085619999,0.665644988685,4,Rabbinic
97,Rabbinic028,0.0219508169665,0.00742696814656,1.0,0.0,0.0540540540541,195.0,0.405405405405,0.0018154811024899999,0.00396104967816,0.011883149034500001,0.009077405512459998,0.023436210595800002,0.0006601749463609999,0.0171645486054,0.189140122132,0.8120755689470001,0.756818557079,4,Rabbinic
98,PastorAnderson089,0.021108699940800002,0.018938646675900003,1.0,0.0,0.13935969868200002,436.0,0.821092278719,0.016571315841399998,0.015190372854599999,0.019925034523599998,0.0208127835865,0.0222923653581,0.0,0.015190372854599999,0.09784967449200001,0.762937282914,0.791883621039,1,Anderson
99,JohnPiper032,0.025834230355199998,0.037674919268,0.0,1.0,0.17094017094,85.0,0.726495726496,0.018837459634,0.0139935414424,0.0139935414424,0.008611410118409999,0.034983853605999995,0.0,0.00914962325081,0.270182992465,-0.27328330540999995,0.44643242216000006,3,JohnPiper
100,MehrBaba107,0.026119402985099998,0.029850746268700004,0.0,1.0,0.16129032258099998,21.0,0.677419354839,0.00248756218905,0.0,0.0,0.00870646766169,0.021144278607,0.0,0.021144278607,0.40049751243799997,-1.0,0.643762458462,6,MehrBaba
101,Rabbinic049,0.0163636363636,0.023116883116900005,0.0,1.0,0.10380622837400001,150.0,0.519031141869,0.00311688311688,0.00571428571429,0.0187012987013,0.00831168831169,0.0262337662338,0.0335064935065,0.00935064935065,0.219480519481,0.8034378140999999,0.509303402012,4,Rabbinic
102,LiberalJudaism069,0.029780564263299995,0.0114942528736,1.0,0.0,0.154761904762,59.0,0.7023809523810001,0.0167189132706,0.00992685475444,0.022466039707400003,0.0015673981191199997,0.0114942528736,0.00208986415883,0.0104493207941,0.358934169279,-0.663085676906,0.486996685195,4,LiberalJudaism
103,Bahai58,0.017910447761200002,0.007462686567159999,1.0,0.0,0.09375,7.0,0.21875,0.0,0.0,0.0,0.0134328358209,0.0,0.0,0.0044776119403000005,0.48208955223899996,-0.826772670147,0.563958759135,6,Bahai
104,DorothyDay678,0.0217096336499,0.033921302577999995,0.0,1.0,0.175,32.0,0.8,0.0325644504749,0.014925373134299999,0.008141112618720001,0.014925373134299999,0.029850746268700004,0.004070556309360001,0.012211668928100002,0.41519674355499997,-0.820321209742,0.549022968781,4,DorothyDay
105,Rabbinic046,0.013959672058500001,0.0190560602703,0.0,1.0,0.060941828254800004,162.0,0.44875346260399995,0.001329492577,0.004653224019500001,0.013516507866200001,0.026811433636199998,0.0217150454243,0.00221582096167,0.014624418347,0.21493463328200002,0.786983309872,0.53497731673,4,Rabbinic
106,Rabbinic009,0.0164174728819,0.0178833186749,0.0,1.0,0.0679245283019,111.0,0.418867924528,0.0011726766344200001,0.00410436822046,0.011433597185599999,0.004397537379069999,0.040750513046,0.0008795074758139999,0.0158311345646,0.211668132512,0.73769429751,0.694016248206,4,Rabbinic
107,MehrBaba015,0.0333333333333,0.0177419354839,1.0,0.0,0.370967741935,42.0,0.677419354839,0.0016129032258099998,0.0026881720430100005,0.00215053763441,0.00430107526882,0.026344086021500002,0.0005376344086019999,0.00752688172043,0.33333333333299997,0.7309917481970001,0.563820292236,7,MehrBaba
108,MalcolmX002,0.0149876042371,0.0205093531666,0.0,1.0,0.06813627254509999,383.0,0.76753507014,0.0161144917737,0.025918413342300002,0.0218616182105,0.026819923371599996,0.013297272932200002,0.0,0.0153256704981,0.15167906242999998,0.740046208344,0.59041538336,2,MalcolmX
109,MehrBaba069,0.0397967823878,0.00931414055885,1.0,0.0,0.425531914894,42.0,0.893617021277,0.00846740050804,0.00592718035563,0.011854360711299998,0.00762066045724,0.0406435224386,0.0,0.011854360711299998,0.377646062659,0.26180119306099997,0.727143495669,7,MehrBaba
110,MehrBaba123,0.0457614403601,0.0277569392348,1.0,0.0,0.17391304347800002,46.0,0.666666666667,0.0,0.017254313578400002,0.0022505626406599997,0.0120030007502,0.00750187546887,0.0,0.030007501875499998,0.33983495873999997,-0.10114565519999999,0.7020657600200001,6,MehrBaba
111,LiberalJudaism052,0.0172413793103,0.0226293103448,0.0,1.0,0.217948717949,60.0,0.769230769231,0.0161637931034,0.0048491379310299995,0.0134698275862,0.0113146551724,0.004310344827590001,0.00215517241379,0.0102370689655,0.33728448275899997,-0.095062807532,0.6234414305579999,3,LiberalJudaism
112,AEU014,0.0223123732252,0.0344827586207,0.0,1.0,0.117647058824,10.0,0.588235294118,0.0385395537525,0.0,0.0,0.00405679513185,0.0,0.0,0.00202839756592,0.48275862069,-1.0,0.68389033177,7,AEU
113,MehrBaba119,0.0250489236791,0.0187866927593,1.0,0.0,0.105263157895,58.0,0.6105263157890001,0.00156555772994,0.00195694716243,0.00156555772994,0.00743639921722,0.0101761252446,0.0207436399217,0.00900195694716,0.34559686888499996,-0.254395299798,0.762509863497,7,MehrBaba
114,MehrBaba061,0.0311764705882,0.0158823529412,1.0,0.0,0.19672131147500002,55.0,0.901639344262,0.00647058823529,0.0164705882353,0.0176470588235,0.0035294117647100003,0.00470588235294,0.0323529411765,0.0158823529412,0.37411764705899997,-0.661192524967,0.6325730825770001,8,MehrBaba
115,LiberalJudaism140,0.026611472501500002,0.012418687167400001,1.0,0.0,0.305555555556,64.0,0.888888888889,0.0638675340035,0.00887049083383,0.026020106445900002,0.00887049083383,0.010644589000600002,0.0,0.013010053222900001,0.31105854524,0.0451615196751,0.663956077803,5,LiberalJudaism
116,LiberalJudaism016,0.025,0.0132653061224,1.0,0.0,0.272727272727,69.0,0.69696969697,0.0311224489796,0.0030612244898000004,0.019387755102,0.0030612244898000004,0.00459183673469,0.0132653061224,0.0183673469388,0.322448979592,0.187151143699,0.45796864353699995,6,LiberalJudaism
117,AEU010,0.0221962616822,0.018691588785,1.0,0.0,0.0857142857143,41.0,0.585714285714,0.011682242990700002,0.0,0.0035046728972,0.013434579439299998,0.00408878504673,0.0,0.0221962616822,0.339953271028,-1.0,0.784885126507,8,AEU
118,ACLU01,0.00826446280992,0.047225501771,0.0,1.0,0.268292682927,26.0,0.634146341463,0.0106257378985,0.00118063754427,0.009445100354190002,0.007083825265640001,0.0330578512397,0.0,0.007083825265640001,0.456906729634,0.06305926912240001,0.451315208821,3,ACLU
119,SeaShepherds406,0.0123171670516,0.0246343341032,0.0,1.0,0.318181818182,32.0,0.484848484848,0.0230946882217,0.00153964588145,0.00230946882217,0.023864511162400005,0.0,0.0,0.0076982294072399995,0.30946882217099997,-0.484738060774,0.6061138940030001,1,Shepherd
120,Unitarian118,0.02332433096,0.0203780996808,1.0,0.0,0.0454545454545,152.0,0.575757575758,0.012767002209700002,0.005155904738520001,0.00883869383747,0.00613798183157,0.0235698502332,0.000982077093052,0.007365578197890001,0.295359685735,0.0945302537022,0.470310954189,6,Unitarian
121,PastorAnderson144,0.031713130894400005,0.021971188724199998,1.0,0.0,0.0211111111111,713.0,0.39611111111100006,0.0355477251529,0.0148201886206,0.00953466680485,0.0175147683698,0.0235257539641,0.000829101461291,0.0196911597057,0.092755725982,0.761129348293,0.636123939552,1,Anderson
122,MehrBaba058,0.05752961082909999,0.0143824027073,1.0,0.0,0.105263157895,54.0,0.7105263157889999,0.0228426395939,0.0,0.0126903553299,0.0016920473773299998,0.04314720812180001,0.0,0.018612521150599998,0.39086294416199996,-0.6418761442300001,0.48349054680799997,3,MehrBaba
123,YV03,0.0114942528736,0.0028735632183899996,1.0,0.0,0.18,23.0,0.46,0.004310344827590001,0.010057471264399999,0.0014367816092,0.00862068965517,0.0014367816092,0.0014367816092,0.0244252873563,0.375,0.276016498847,0.514217579191,3,YV
124,WBC156,0.041682036149,0.0276650682405,1.0,0.0,0.141666666667,74.0,0.616666666667,0.015492438214700002,0.017336776097400003,0.024345260051599996,0.0129103651789,0.0250829952047,0.0,0.00959055699004,0.21726300258200001,0.47220964284999994,0.598356059931,2,WBC
125,LiberalJudaism059,0.019248395967000002,0.012832263977999999,1.0,0.0,0.14893617021299999,36.0,0.7659574468089999,0.014665444546299998,0.00274977085243,0.00458295142071,0.0164986251146,0.0018331805682900001,0.0,0.0137488542621,0.391384051329,-0.645971831532,0.638875750779,5,LiberalJudaism
126,MehrBaba007,0.049115913556,0.025540275049099996,1.0,0.0,0.162162162162,26.0,0.7027027027030001,0.049115913556,0.0,0.00392927308448,0.00196463654224,0.005893909626720001,0.0,0.005893909626720001,0.44204322200400004,-1.0,0.663910637178,7,MehrBaba
127,JohnPiper008,0.0317959468903,0.0359888190077,0.0,1.0,0.0809248554913,108.0,0.624277456647,0.0317959468903,0.0132774283718,0.005590496156529999,0.00698812019567,0.00873515024458,0.0,0.0083857442348,0.259958071279,0.08860039704,0.5568698470800001,5,JohnPiper
128,MehrBaba097,0.023199023199,0.07203907203910001,0.0,1.0,0.1,40.0,0.666666666667,0.004884004884,0.041514041514,0.001221001221,0.00854700854701,0.014652014652,0.0,0.01221001221,0.306471306471,-0.8270931192380001,0.5908978717710001,5,MehrBaba
129,JohnPiper077,0.0246626337832,0.022801302931599998,1.0,0.0,0.177215189873,187.0,0.789029535865,0.0216379711494,0.016984644020499998,0.00814332247557,0.0221033038623,0.016984644020499998,0.0027919962773400005,0.00697999069335,0.193345742206,0.8383989456559999,0.649496088669,3,JohnPiper
130,Rabbinic002,0.031688437348799996,0.024915336236099997,1.0,0.0,0.0694444444444,117.0,0.541666666667,0.00604741170779,0.00895016932753,0.004112239961300001,0.013788098693799999,0.0350749879052,0.00362844702467,0.00967585873246,0.258829221093,0.8890964322830001,0.7017373721019999,4,Rabbinic
131,Bahai01,0.022727272727299998,0.012987012987,1.0,0.0,0.375,12.0,0.5,0.0146103896104,0.012987012987,0.0,0.0194805194805,0.00487012987013,0.0,0.0146103896104,0.474025974026,-0.508006842919,0.735627016057,6,Bahai
132,SeaShepherds403,0.0232108317215,0.0522243713733,0.0,1.0,0.518518518519,17.0,0.62962962963,0.0116054158607,0.00193423597679,0.0251450676983,0.0232108317215,0.0,0.0,0.00193423597679,0.489361702128,-0.665791892069,0.683127690986,1,Shepherd
133,LiberalJudaism066,0.027280477408400002,0.0213128729753,1.0,0.0,0.22807017543900002,43.0,0.754385964912,0.0443307757886,0.0179028132992,0.0119352088662,0.00341005967604,0.000852514919011,0.00170502983802,0.00596760443308,0.356351236147,0.8042976189,0.5874473214989999,3,LiberalJudaism
134,Bahai06,0.0404191616766,0.007485029940120001,1.0,0.0,0.162162162162,17.0,0.459459459459,0.00898203592814,0.0,0.0,0.0134730538922,0.0014970059880199998,0.0,0.0059880239521,0.425149700599,-0.498524609576,0.682703461123,5,Bahai
135,JohnPiper415,0.0522388059701,0.0171202809482,1.0,0.0,0.095652173913,87.0,0.75652173913,0.0377524143986,0.031167690956999998,0.00438981562774,0.00438981562774,0.0118525021949,0.0,0.00965759438104,0.208516242318,-0.446810313037,0.675163101289,2,JohnPiper
136,Rabbinic044,0.0141738157404,0.0126818351361,1.0,0.0,0.10407239819,89.0,0.402714932127,0.000745990302126,0.00186497575532,0.010070869078700001,0.0111898545319,0.0372995151063,0.00186497575532,0.0171577769489,0.27004848937,0.782039739011,0.47876530721999994,4,Rabbinic
137,MehrBaba017,0.0210268948655,0.0180929095355,1.0,0.0,0.11235955056199999,80.0,0.898876404494,0.00831295843521,0.0004889975550119999,0.0004889975550119999,0.0117359413203,0.078728606357,0.0,0.0068459657701700006,0.294376528117,-0.45291633375699997,0.5311527427889999,6,MehrBaba
138,ACLU02,0.026359143327799997,0.00164744645799,1.0,0.0,0.625,14.0,0.875,0.00494233937397,0.00164744645799,0.0,0.00823723228995,0.0,0.0,0.019769357495900003,0.431630971993,-0.664172932619,0.6929653196960001,3,ACLU
139,AEU005,0.0338983050847,0.028248587570599996,1.0,0.0,0.5,13.0,0.8125,0.0423728813559,0.00847457627119,0.028248587570599996,0.00282485875706,0.00282485875706,0.0,0.00282485875706,0.525423728814,-0.44601471827600003,0.36329147334600004,8,AEU
140,DorothyDay497,0.0180921052632,0.0180921052632,0.0,1.0,0.176470588235,27.0,0.794117647059,0.009868421052629998,0.0,0.00328947368421,0.009868421052629998,0.07401315789469999,0.0180921052632,0.00657894736842,0.427631578947,-0.631505140671,0.584592810806,4,DorothyDay
141,ACLU10,0.0136518771331,0.0358361774744,0.0,1.0,0.195652173913,22.0,0.478260869565,0.00511945392491,0.0,0.0,0.00682593856655,0.0034129692832800002,0.0017064846416400001,0.018771331058,0.389931740614,-0.658750521211,0.602800668249,3,ACLU
142,DorothyDay399,0.0338294993234,0.021650879567,1.0,0.0,0.257142857143,30.0,0.8571428571430001,0.018944519621099998,0.0,0.00811907983762,0.014884979702299999,0.021650879567,0.00270635994587,0.00811907983762,0.427604871448,-0.44547512025799996,0.555489871122,3,DorothyDay
143,LiberalJudaism138,0.015141540487200001,0.011849901250799998,1.0,0.0,0.32394366197200003,58.0,0.816901408451,0.0513495720869,0.0039499670836099995,0.0039499670836099995,0.00987491770902,0.00987491770902,0.0,0.015141540487200001,0.318630678078,0.060849592827599996,0.693394308975,3,LiberalJudaism
144,MehrBaba074,0.026579111945,0.0234521575985,1.0,0.0,0.222222222222,84.0,0.583333333333,0.0,0.000625390869293,0.00156347717323,0.010631644778,0.0100062539087,0.0,0.025015634771699997,0.245153220763,0.756729628998,0.659460700297,4,MehrBaba
145,JohnPiper250,0.022323462414599995,0.0464692482916,0.0,1.0,0.1,68.0,0.523076923077,0.009111617312069999,0.00455580865604,0.0132118451025,0.00956719817768,0.0173120728929,0.0,0.0123006833713,0.27243735763099997,0.248308866968,0.607929669759,5,JohnPiper
146,Rabbinic038,0.0195103289977,0.0195103289977,0.0,1.0,0.0649350649351,200.0,0.519480519481,0.00573833205815,0.0013389441469,0.015110941086500001,0.0118592195868,0.0355776587605,0.0036342769701599997,0.0153022188217,0.201606732976,0.709734689814,0.6644434763600001,4,Rabbinic
147,MalcolmX006,0.018456670768099998,0.012304447178799999,1.0,0.0,0.105263157895,258.0,0.7987616099070001,0.00457022323783,0.035507119001599995,0.0344524521005,0.010546669010399998,0.009316224292489999,0.00123044471788,0.013183336262999999,0.175953594656,0.778009209681,0.5879652104199999,2,MalcolmX
148,YV25,0.020100502512599996,0.005025125628140001,1.0,0.0,0.470588235294,9.0,0.529411764706,0.0,0.030150753768799998,0.035175879397,0.025125628140699997,0.0,0.0,0.015075376884399999,0.502512562814,0.211952724892,0.605417204789,3,YV
149,ACLU08,0.0102774922919,0.0195272353546,0.0,1.0,0.18918918918900002,13.0,0.351351351351,0.0030832476875599997,0.0,0.00102774922919,0.0123329907503,0.0030832476875599997,0.0,0.00411099691675,0.416238437821,-0.662462891029,0.789867828838,3,ACLU
150,WBC423,0.0567458988952,0.016069635085400002,1.0,0.0,0.129963898917,230.0,0.830324909747,0.0426849681955,0.0085369936391,0.007532641446270001,0.0110478741212,0.0187479075996,0.000334784064279,0.0199196518246,0.174757281553,0.790253434877,0.662331186283,1,WBC
151,WBC265,0.0214947089947,0.0165343915344,1.0,0.0,0.06962025316460001,97.0,0.613924050633,0.0016534391534400001,0.000992063492063,0.0052910052910100005,0.0185185185185,0.0214947089947,0.006283068783069999,0.0082671957672,0.30753968254,-0.239971568891,0.62367936187,1,WBC
152,LiberalJudaism120,0.0212139068945,0.0235710076606,0.0,1.0,0.139240506329,51.0,0.645569620253,0.013553329404799998,0.0023571007660599997,0.0164997053624,0.00353565114909,0.014142604596299999,0.0023571007660599997,0.014142604596299999,0.378314672952,0.483433059182,0.488663092174,4,LiberalJudaism
153,LiberalJudaism153,0.0241758241758,0.0164835164835,1.0,0.0,0.33333333333299997,50.0,0.694444444444,0.0142857142857,0.00384615384615,0.005494505494510001,0.0115384615385,0.0120879120879,0.0010989010989000002,0.0120879120879,0.358791208791,0.7563497311030001,0.631445112703,3,LiberalJudaism
154,Rabbinic031,0.0113068630029,0.019195372074700002,0.0,1.0,0.0825396825397,125.0,0.39682539682499995,0.00157770181436,0.0028924533263200002,0.0068367078622100005,0.021824875098599997,0.014725216934,0.00105180120957,0.0226137260058,0.23797002366599998,0.809697504544,0.492734256901,4,Rabbinic
155,MehrBaba080,0.037773359841,0.00397614314115,1.0,0.0,0.272727272727,21.0,0.9545454545450001,0.0,0.0,0.0675944333996,0.0,0.0437375745527,0.0,0.00198807157058,0.431411530815,-1.0,0.525519364252,5,MehrBaba
156,MehrBaba052,0.052762259466199994,0.022967101179400002,1.0,0.0,0.104761904762,93.0,0.885714285714,0.03786468032280001,0.016759776536299998,0.0273122284295,0.0111731843575,0.032278088144,0.0031036623215399996,0.008069522036,0.30540037243900003,-0.639832553446,0.771376641475,6,MehrBaba
157,MehrBaba032,0.014227642276399999,0.0233739837398,0.0,1.0,0.0416666666667,25.0,0.520833333333,0.006097560975609999,0.00406504065041,0.0030487804878,0.0010162601626,0.0020325203252,0.0,0.020325203252,0.363821138211,-1.0,0.7431560592380001,6,MehrBaba
158,YV04,0.038205980066400004,0.008305647840529999,1.0,0.0,0.205298013245,102.0,0.675496688742,0.022702104097500002,0.058139534883699995,0.0022148394241399997,0.0005537098560349999,0.00166112956811,0.0005537098560349999,0.014950166112999999,0.259136212625,0.7956506565899999,0.655074627698,3,YV
159,Bahai23,0.0272727272727,0.00909090909091,1.0,0.0,0.266666666667,7.0,0.46666666666699996,0.0,0.0030303030303,0.0,0.0030303030303,0.0,0.0,0.0242424242424,0.41515151515199994,-0.6488972279699999,0.60426828965,6,Bahai
160,YV52,0.0412371134021,0.021649484536099998,1.0,0.0,0.25,30.0,0.625,0.009278350515459999,0.00309278350515,0.0185567010309,0.011340206185600001,0.009278350515459999,0.0020618556701,0.0134020618557,0.438144329897,-0.1659344015,0.642815217434,5,YV
161,Rabbinic005,0.020725388601,0.0168393782383,1.0,0.0,0.0620985010707,201.0,0.43040685224799996,0.0025906735751300004,0.0017810880829000001,0.0168393782383,0.012467616580299998,0.0331930051813,0.0009715025906739999,0.0155440414508,0.185071243523,0.814166169575,0.667257047051,4,Rabbinic
162,ISIS006,0.014579759862799998,0.023156089193799998,0.0,1.0,0.239130434783,36.0,0.782608695652,0.0,0.0180102915952,0.0017152658662099999,0.0180102915952,0.00514579759863,0.0,0.012864493996600002,0.408233276158,0.7955886224809999,0.491386657615,1,ISIS
163,Unitarian174,0.0261244276865,0.020199299757599997,1.0,0.0,0.0634328358209,181.0,0.675373134328,0.0161594398061,0.011580931861,0.0239698357124,0.00511715593859,0.020199299757599997,0.020199299757599997,0.010503635874000002,0.263937516833,0.734669431904,0.527844018912,5,Unitarian
164,LiberalJudaism122,0.0223084384093,0.025703200775900003,0.0,1.0,0.12359550561799999,79.0,0.887640449438,0.030067895247299997,0.0121241513094,0.0223084384093,0.0111542192047,0.013579049466500001,0.0082444228904,0.013579049466500001,0.333171677983,-0.463336267751,0.574752413522,4,LiberalJudaism
165,LiberalJudaism094,0.017371163868,0.0185292414592,0.0,1.0,0.0978260869565,53.0,0.576086956522,0.023740590619600002,0.011001737116399998,0.00694846554719,0.0063694267515899995,0.00694846554719,0.0,0.011001737116399998,0.325998841922,-0.10045039044500001,0.517879246291,1,LiberalJudaism
166,AEU008,0.0533736153072,0.0151057401813,1.0,0.0,0.2,24.0,0.6857142857140001,0.0211480362538,0.0221550855992,0.0,0.00805639476334,0.0,0.0,0.007049345417930001,0.40181268882200005,-1.0,0.549638200399,8,AEU
167,YV02,0.0265780730897,0.00332225913621,1.0,0.0,0.166666666667,13.0,0.722222222222,0.00996677740864,0.019933554817299998,0.0332225913621,0.0265780730897,0.0,0.0,0.00332225913621,0.514950166113,-0.276407738882,0.43881426884900004,6,YV
168,LiberalJudaism046,0.0230414746544,0.015500628403900001,1.0,0.0,0.152,95.0,0.76,0.012987012987,0.0196899874319,0.0322580645161,0.00544616673649,0.00795978215333,0.0025136154168400003,0.013824884792599999,0.296187683284,0.758258743583,0.586259415691,4,LiberalJudaism
169,DorothyDay412,0.034387895460800004,0.0275103163686,1.0,0.0,0.111111111111,28.0,0.622222222222,0.0316368638239,0.00687757909216,0.0110041265475,0.0027510316368599998,0.0041265474553,0.0041265474553,0.0137551581843,0.44704264099,-0.825426677248,0.6026058991250001,3,DorothyDay
170,MalcolmX008,0.020566981656500002,0.0166759310728,1.0,0.0,0.125,51.0,0.708333333333,0.010561423012800001,0.000555864369094,0.03224013340740001,0.0111172873819,0.0066703724291300006,0.00111172873819,0.0100055586437,0.342968315731,0.10219615438999999,0.659509991965,3,MalcolmX
171,Rabbinic057,0.0128996074033,0.0179472798654,0.0,1.0,0.0625,48.0,0.375,0.00392596747056,0.0011217049915899998,0.0033651149747600004,0.0112170499159,0.0235558048233,0.0005608524957940001,0.016825574873799997,0.28939988783000004,0.8334410675210001,0.644053015787,4,Rabbinic
172,Shepherd404,0.0274071402813,0.023079697078999997,1.0,0.0,0.0537190082645,146.0,0.603305785124,0.0274071402813,0.018031013342900002,0.0223584565453,0.0057699242697399995,0.014424810674399999,0.0079336458709,0.009015506671469999,0.264334655608,0.830732391858,0.604302085355,3,Shepherd
173,LiberalJudaism031,0.025291828793799997,0.042153047989600005,0.0,1.0,0.152777777778,56.0,0.777777777778,0.0207522697795,0.00843060959792,0.00972762645914,0.0175097276265,0.00389105058366,0.0175097276265,0.0071335927367100005,0.381322957198,0.06291658064450001,0.541359987024,2,LiberalJudaism
174,LiberalJudaism060,0.012323943662,0.037558685446,0.0,1.0,0.310810810811,46.0,0.621621621622,0.025821596244099996,0.00410798122066,0.00293427230047,0.00469483568075,0.0093896713615,0.00410798122066,0.011150234741799998,0.37265258215999997,0.219673577006,0.608186499602,1,LiberalJudaism
175,Bahai05,0.0438829787234,0.0398936170213,1.0,0.0,0.102564102564,18.0,0.46153846153800004,0.00265957446809,0.0,0.0,0.0119680851064,0.0,0.0,0.030585106383,0.42420212766000004,-0.6528688228549999,0.615816691837,6,Bahai
176,JohnPiper413,0.049211356466899996,0.0261829652997,1.0,0.0,0.0755813953488,119.0,0.6918604651160001,0.0331230283912,0.00694006309148,0.008517350157729999,0.011356466877,0.00883280757098,0.00410094637224,0.00946372239748,0.204416403785,-0.45637900509999996,0.6222430479950001,2,JohnPiper
177,Shepherd459,0.023301737756699997,0.0410742496051,0.0,1.0,0.0080971659919,144.0,0.291497975709,0.022906793049,0.0177725118483,0.018167456556099998,0.010663507109000001,0.0165876777251,0.0027646129541900005,0.009873617693520001,0.285545023697,-0.09232744860969999,0.606200276217,3,Shepherd
178,YV17,0.0185676392573,0.0371352785146,0.0,1.0,0.225806451613,18.0,0.5806451612899999,0.0132625994695,0.0769230769231,0.0026525198939,0.0026525198939,0.0,0.0,0.0053050397878,0.432360742706,-0.45952437807400004,0.635781631892,4,YV
179,LiberalJudaism115,0.024187975120900002,0.0131306150657,1.0,0.0,0.222222222222,50.0,0.793650793651,0.020041465100200002,0.005528680027640001,0.0062197650311000005,0.008293020041470001,0.0214236351071,0.0013821700069100002,0.0131306150657,0.371803731859,-0.305014009012,0.639660512444,2,LiberalJudaism
180,Unitarian270,0.0292850990525,0.019164513350599998,1.0,0.0,0.0258302583026,201.0,0.741697416974,0.019164513350599998,0.014427217915600001,0.0325150732127,0.015503875969,0.00172265288544,0.00172265288544,0.015288544358299998,0.231481481481,-0.34682893111999996,0.619292890764,5,Unitarian
181,SeaShepherds398,0.0245398773006,0.0122699386503,1.0,0.0,0.214285714286,8.0,0.5714285714289999,0.030674846625799997,0.0,0.0,0.0,0.0,0.00306748466258,0.00613496932515,0.43251533742299997,0.0891159266723,0.628158890366,2,Shepherd
182,LiberalJudaism072,0.021016617790799996,0.0298142717498,0.0,1.0,0.2875,61.0,0.7625,0.0171065493646,0.00244379276637,0.00342130987292,0.00782013685239,0.0239491691105,0.0,0.00782013685239,0.307917888563,-0.453825786781,0.7521089788240001,1,LiberalJudaism
183,MalcolmX003,0.024480837413499996,0.0238055039676,1.0,0.0,0.123404255319,156.0,0.663829787234,0.0194158365693,0.00928583488097,0.00928583488097,0.00877933479656,0.00236366706061,0.00135066689178,0.011143001857200002,0.218301536384,0.769661917302,0.564924616088,2,MalcolmX
184,Rabbinic018,0.0129919755445,0.0118456247612,1.0,0.0,0.07407407407410001,78.0,0.320987654321,0.00534963698892,0.0030569354222399997,0.0019105846389,0.0126098586167,0.0198700802446,0.0,0.0110813909056,0.300726022163,0.741922646197,0.717874516834,4,Rabbinic
185,Bahai16,0.0405904059041,0.0184501845018,1.0,0.0,0.38461538461499994,10.0,0.769230769231,0.0036900369003699997,0.0,0.0,0.0036900369003699997,0.0405904059041,0.0,0.029520295203,0.546125461255,-0.452319487703,0.7855116711839999,5,Bahai
186,AEU009,0.0203045685279,0.0659898477157,0.0,1.0,0.416666666667,11.0,0.916666666667,0.0710659898477,0.0050761421319799995,0.010152284264,0.0050761421319799995,0.0050761421319799995,0.0,0.0050761421319799995,0.624365482234,-1.0,0.662184166162,8,AEU
187,YV34,0.0320945945946,0.018581081081099998,1.0,0.0,0.1,39.0,0.78,0.07939189189189999,0.0033783783783800005,0.00506756756757,0.0,0.0,0.006756756756760001,0.027027027026999998,0.413851351351,-1.0,0.622312111742,8,YV
188,Bahai17,0.0555555555556,0.0634920634921,0.0,1.0,0.5,4.0,0.666666666667,0.0,0.031746031746,0.0,0.0238095238095,0.031746031746,0.0,0.00793650793651,0.642857142857,-0.824112309181,0.6209239383590001,2,Bahai
189,MehrBaba036,0.0288640595903,0.0232774674115,1.0,0.0,0.107142857143,17.0,0.607142857143,0.00837988826816,0.0,0.0,0.004655493482310001,0.000931098696462,0.0,0.012104283054,0.42364990689000004,-1.0,0.651393235417,7,MehrBaba
190,Rabbinic047,0.0171115674196,0.015913757700200003,1.0,0.0,0.0733944954128,210.0,0.481651376147,0.00273785078713,0.00308008213552,0.0126625598905,0.005817932922659999,0.0308008213552,0.0102669404517,0.014715947980799999,0.188569472964,0.777640485176,0.5916545507240001,4,Rabbinic
191,ISIS001,0.0150279089738,0.0223271790468,0.0,1.0,0.358974358974,46.0,0.589743589744,0.00042936882782300005,0.00171747531129,0.00042936882782300005,0.0124516960069,0.0133104336625,0.0,0.012881064834700001,0.324602833834,0.7333532635600001,0.562554935567,1,ISIS
192,Bahai24,0.044213263979199995,0.0208062418726,1.0,0.0,0.225806451613,18.0,0.5806451612899999,0.005201560468140001,0.0,0.0,0.005201560468140001,0.0351105331599,0.0,0.0013003901170399999,0.310793237971,-1.0,0.764167824233,4,Bahai
193,AEU011,0.034626719057,0.0147347740668,1.0,0.0,0.0555555555556,97.0,0.673611111111,0.0196463654224,0.0007367387033400001,0.0027013752455799997,0.0103143418468,0.0110510805501,0.0,0.0174361493124,0.217583497053,-0.816251947084,0.7310679764319999,8,AEU
194,SeaShepherds407,0.0115321252059,0.021965952773199997,0.0,1.0,0.277108433735,56.0,0.674698795181,0.017572762218599998,0.0,0.0236133992312,0.0126304228446,0.0005491488193300001,0.0,0.00604063701263,0.275672707304,0.7025977614550001,0.620441772737,1,Shepherd
195,DorothyDay147,0.006864988558350001,0.0183066361556,0.0,1.0,0.310344827586,20.0,0.689655172414,0.0800915331808,0.00228832951945,0.00228832951945,0.00228832951945,0.0045766590389,0.00228832951945,0.013729977116700001,0.418764302059,-0.28042698804099997,0.497527963153,5,DorothyDay
196,YV41,0.0433734939759,0.007228915662649999,1.0,0.0,0.0322580645161,67.0,0.720430107527,0.0433734939759,0.0321285140562,0.00963855421687,0.007228915662649999,0.00160642570281,0.00160642570281,0.00803212851406,0.289959839357,0.285964987381,0.545677924082,7,YV
197,YV10,0.0203426124197,0.0182012847966,1.0,0.0,0.172413793103,77.0,0.8850574712639999,0.00321199143469,0.011777301927200001,0.11777301927200001,0.0010706638115599999,0.023554603854400002,0.0,0.0182012847966,0.37901498929300004,-0.114897601545,0.715669109587,8,YV
198,LiberalJudaism023,0.024824952259700002,0.027371101209400003,0.0,1.0,0.313432835821,50.0,0.746268656716,0.04710375556969999,0.00636537237428,0.0108211330363,0.005728835136860001,0.00318268618714,0.0,0.0120942075111,0.324633991088,0.059115799768300004,0.7029068820569999,2,LiberalJudaism
199,AEU003,0.023121387283200002,0.0549132947977,0.0,1.0,0.416666666667,8.0,0.666666666667,0.0375722543353,0.0,0.0,0.00578034682081,0.0,0.0,0.011560693641600001,0.514450867052,-1.0,0.7383286182809999,8,AEU
200,MehrBaba012,0.032993692382299995,0.05579815623480001,0.0,1.0,0.0522388059701,66.0,0.492537313433,0.00048520135856400004,0.012615235322700001,0.0019408054342599998,0.00388161086851,0.0033964095099499997,0.0,0.023289665211099996,0.279475982533,-0.46603593159699996,0.7400735521940001,5,MehrBaba
201,ACLU06,0.0212150433944,0.018322082931500002,1.0,0.0,0.33333333333299997,23.0,0.511111111111,0.0154291224687,0.0,0.0,0.00771456123433,0.0009643201542910001,0.0,0.00867888138862,0.338476374156,-0.6736295878280001,0.618738101686,3,ACLU
202,MehrBaba024,0.049907578558199994,0.0055452865064700005,1.0,0.0,0.51724137931,18.0,0.620689655172,0.0,0.009242144177450002,0.00739371534196,0.0,0.0258780036969,0.0,0.011090573012899998,0.45656192236599996,0.364119026117,0.539724180414,6,MehrBaba
203,WBC107,0.024907063197,0.0431226765799,0.0,1.0,0.168831168831,66.0,0.428571428571,0.00037174721189599995,0.0007434944237919999,0.00148698884758,0.0282527881041,0.018587360594799998,0.00260223048327,0.0100371747212,0.286617100372,0.823870744842,0.54738300004,2,WBC
204,Bahai11,0.0444162436548,0.0406091370558,1.0,0.0,0.23684210526299998,19.0,0.5,0.0025380710659899997,0.011421319797,0.0025380710659899997,0.0126903553299,0.0152284263959,0.0,0.0076142131979700005,0.408629441624,-0.48719801188999995,0.673687718988,3,Bahai
205,YV43,0.00737100737101,0.00737100737101,0.0,1.0,0.08695652173910001,15.0,0.652173913043,0.044226044226,0.0,0.004914004914,0.0,0.004914004914,0.0,0.014742014742,0.5085995086,-1.0,0.621228887902,4,YV
206,Rabbinic012,0.020282728949,0.020282728949,0.0,1.0,0.0739726027397,136.0,0.372602739726,0.0032780167998399997,0.0022536365498899997,0.0038926449498099995,0.0122925629994,0.0106535545995,0.00040975209997999996,0.020077852899,0.20794919074,0.8398464956489999,0.687681960042,4,Rabbinic
207,DorothyDay001,0.022641509434000003,0.011320754717000002,1.0,0.0,0.0344827586207,17.0,0.586206896552,0.0132075471698,0.0,0.0,0.0207547169811,0.005660377358489999,0.0,0.0188679245283,0.466037735849,-0.822608952241,0.681679755477,3,DorothyDay
208,SeaShepherds396,0.020325203252,0.0182926829268,1.0,0.0,0.4,13.0,0.65,0.020325203252,0.0121951219512,0.0020325203252,0.0,0.0,0.0,0.0020325203252,0.35975609756099997,0.504397309765,0.605166550132,1,Shepherd
209,LiberalJudaism093,0.023835319610000003,0.0162513542795,1.0,0.0,0.260273972603,53.0,0.7260273972600001,0.0335861321777,0.00162513542795,0.006500541711810001,0.007583965330439999,0.012459371614299998,0.000541711809317,0.0113759479957,0.35536294691200004,-0.283777573587,0.637706868093,4,LiberalJudaism
210,MehrBaba001,0.027745664739900002,0.024277456647399998,1.0,0.0,0.10227272727299999,58.0,0.659090909091,0.0,0.0,0.0017341040462399999,0.0254335260116,0.026011560693599996,0.0,0.00578034682081,0.292485549133,0.45972030627800003,0.480137112461,6,MehrBaba
211,MehrBaba231,0.012658227848100001,0.0215189873418,0.0,1.0,0.45454545454499995,26.0,0.787878787879,0.012658227848100001,0.0063291139240500005,0.0139240506329,0.0227848101266,0.020253164557,0.0,0.007594936708859999,0.39746835443000006,-0.464794247981,0.626401881317,3,MehrBaba
212,Shepherd175,0.0414507772021,0.0173945225759,1.0,0.0,0.09815950920250001,126.0,0.7730061349690001,0.0188749074759,0.0214655810511,0.039600296077000004,0.00111028867506,0.0307179866765,0.016654330125799997,0.0099925980755,0.279792746114,0.11088724727499999,0.501940096834,4,Shepherd
213,Bahai42,0.0245664739884,0.021676300578,1.0,0.0,0.56,20.0,0.8,0.00578034682081,0.0,0.030346820809200002,0.011560693641600001,0.0028901734104000002,0.0014450867052000001,0.00578034682081,0.484104046243,-0.672665471134,0.638899320216,6,Bahai
214,Unitarian068,0.027226318774799998,0.0187180941577,1.0,0.0,0.115207373272,134.0,0.617511520737,0.0110606920023,0.0028360748723800003,0.030062393647199998,0.010777084515,0.014463981849100001,0.0034032898468499997,0.0116279069767,0.317923993193,0.77353005167,0.603357596333,3,Unitarian
215,Rabbinic024,0.0153385708941,0.0230078563412,0.0,1.0,0.0614657210402,180.0,0.425531914894,0.0016835016834999999,0.00523756079312,0.011410400299299999,0.011971567527100001,0.0282454171343,0.000561167227834,0.0166479610924,0.20108492330699998,0.686651819658,0.619450311698,4,Rabbinic
216,Rabbinic040,0.047350620067600005,0.0045095828635900006,1.0,0.0,0.08,34.0,0.453333333333,0.00338218714769,0.0,0.0101465614431,0.0056369785794799995,0.046223224351699996,0.00338218714769,0.014656144306700002,0.349492671928,-0.0984296321745,0.6066596633720001,4,Rabbinic
217,Rabbinic016,0.0119396260419,0.0202748366749,0.0,1.0,0.07926829268289999,181.0,0.551829268293,0.008335210633029999,0.0069835548546999995,0.00878576255913,0.027258391529599996,0.029736427123199998,0.00360441540888,0.016445145303,0.206578058121,0.763552985941,0.610339604381,4,Rabbinic
218,YV39,0.0027548209366399998,0.0,1.0,0.0,0.24,15.0,0.6,0.0330578512397,0.0,0.0,0.00826446280992,0.0055096418732799995,0.0,0.0055096418732799995,0.438016528926,-0.828106686037,0.7397904608589999,1,YV
219,DorothyDay081,0.0224835696991,0.0300933932895,0.0,1.0,0.218181818182,99.0,0.9,0.020062262193,0.00345901072293,0.00968523002421,0.0065721203735699995,0.0276720857835,0.0231753718437,0.0065721203735699995,0.28502248357,-0.137129816171,0.670966419169,3,DorothyDay
220,Rabbinic041,0.019906323185,0.0184426229508,1.0,0.0,0.073275862069,112.0,0.48275862069,0.0017564402810299998,0.00322014051522,0.0175644028103,0.00614754098361,0.038934426229500003,0.0005854800936769998,0.016393442623,0.228337236534,0.834061872295,0.6818744839730001,4,Rabbinic
221,ACLU04,0.00865384615385,0.020192307692299998,0.0,1.0,0.3,17.0,0.425,0.00384615384615,0.00192307692308,0.0,0.023076923076900003,0.0,0.0,0.005769230769229999,0.381730769231,-0.471055762319,0.50226489605,3,ACLU
222,Bahai53,0.034825870646800004,0.00331674958541,1.0,0.0,0.09677419354839999,9.0,0.290322580645,0.0016583747927,0.0,0.0016583747927,0.006633499170810001,0.0016583747927,0.0016583747927,0.00497512437811,0.46600331674999995,-1.0,0.670044365669,5,Bahai
223,SeaShepherds401,0.00904977375566,0.06334841628959999,0.0,1.0,0.52,24.0,0.96,0.00452488687783,0.06334841628959999,0.0180995475113,0.00904977375566,0.0,0.0,0.0,0.423076923077,-0.14408251614,0.47427032448999995,2,Shepherd
224,MalcolmX009,0.016652789342200002,0.0214820982515,0.0,1.0,0.0608272506083,314.0,0.76399026764,0.012156536219799998,0.034304746045,0.0108243130724,0.027477102414700003,0.0158201498751,0.00116569525396,0.018484596169900003,0.18651124063299998,0.8199342146680001,0.66457235544,2,MalcolmX
225,LiberalJudaism109,0.018896447467900004,0.0128495842782,1.0,0.0,0.245283018868,44.0,0.8301886792450001,0.04686318972030001,0.0075585789871500005,0.00831443688587,0.0098261526833,0.0030234315948600003,0.0022675736961500002,0.010582010582000001,0.345427059713,-0.464865835857,0.7269698015970001,3,LiberalJudaism
226,ACLU09,0.015217391304299999,0.020652173913,0.0,1.0,0.25,17.0,0.53125,0.0065217391304300005,0.00108695652174,0.0,0.0032608695652199997,0.0,0.0,0.0195652173913,0.401086956522,-0.473014251519,0.6786292258040001,3,ACLU
227,MalcolmX010,0.0210692652094,0.0221227284698,0.0,1.0,0.140425531915,153.0,0.651063829787,0.0152752172768,0.009481169344219999,0.016328680537299998,0.0281801422175,0.00421385304188,0.0013168290755899998,0.0186989728733,0.221227284698,0.735372209913,0.7248801086509999,2,MalcolmX
228,Rabbinic058,0.020886889460200002,0.0154241645244,1.0,0.0,0.067615658363,102.0,0.36298932384300003,0.0041773778920300006,0.00289203084833,0.0102827763496,0.0154241645244,0.030205655526999997,0.000321336760925,0.0144601542416,0.234254498715,0.82090016178,0.5132964686379999,4,Rabbinic
229,Bahai08,0.024531024531,0.012987012987,1.0,0.0,0.25,12.0,0.428571428571,0.00577200577201,0.0014430014430000001,0.0,0.010101010100999999,0.0014430014430000001,0.0,0.00577200577201,0.430014430014,-0.278002735148,0.7829471487909999,6,Bahai
230,LiberalJudaism144,0.0151029748284,0.0091533180778,1.0,0.0,0.140186915888,86.0,0.803738317757,0.019679633867299998,0.013272311212799998,0.0215102974828,0.00823798627002,0.0059496567505700005,0.00045766590388999996,0.0151029748284,0.316247139588,-0.09849505141010001,0.574811449318,2,LiberalJudaism
231,Bahai27,0.0215517241379,0.0258620689655,0.0,1.0,0.6,7.0,0.7,0.0,0.0,0.0,0.0172413793103,0.012931034482799999,0.0,0.004310344827590001,0.426724137931,-0.826750579448,0.771214920591,4,Bahai
232,Rabbinic001,0.026267110617800002,0.024509803921599998,1.0,0.0,0.07653061224489999,348.0,0.591836734694,0.00332963374029,0.0130410654828,0.008509064002959999,0.0143359230485,0.0373658897521,0.00184979652238,0.0104513503515,0.181280059193,0.793174912022,0.533926321359,4,Rabbinic
233,MehrBaba094,0.031914893617,0.0261121856867,1.0,0.0,0.361111111111,29.0,0.805555555556,0.000967117988395,0.0106382978723,0.004835589941970001,0.00290135396518,0.0357833655706,0.00290135396518,0.00773694390716,0.40522243713699996,0.45784537110299994,0.651207241747,7,MehrBaba
234,JohnPiper018,0.0343158820941,0.0118785745711,1.0,0.0,0.10975609756100001,92.0,0.5609756097559999,0.0189177298724,0.0250769907611,0.0101187857457,0.009238891333040001,0.0118785745711,0.0,0.010558732952000001,0.199736031676,0.10540788381300001,0.568292136996,4,JohnPiper
235,WBC347,0.035810205908699995,0.0241718889884,1.0,0.0,0.234042553191,140.0,0.744680851064,0.0120859444942,0.0136526410027,0.00872873769024,0.027976723366200003,0.0340196956132,0.00022381378692900002,0.00738585496867,0.213965980304,0.816851532411,0.632886695729,2,WBC
236,Rabbinic051,0.010769230769200002,0.0126153846154,0.0,1.0,0.0786026200873,102.0,0.445414847162,0.00307692307692,0.0021538461538499996,0.0070769230769200005,0.0104615384615,0.029846153846200003,0.0221538461538,0.008,0.240615384615,0.788914714808,0.60097079567,4,Rabbinic
237,Rabbinic014,0.00694087403599,0.0151670951157,0.0,1.0,0.21403508771899998,125.0,0.438596491228,0.0015424164524400002,0.00205655526992,0.0167095115681,0.009768637532129998,0.0236503856041,0.00205655526992,0.0185089974293,0.21285347043699998,0.732321817807,0.760228292084,4,Rabbinic
238,LiberalJudaism092,0.0224852071006,0.0201183431953,1.0,0.0,0.166666666667,52.0,0.787878787879,0.0254437869822,0.00355029585799,0.00295857988166,0.00650887573964,0.008284023668639999,0.000591715976331,0.011834319526599999,0.365680473373,-0.292576993956,0.604318213362,3,LiberalJudaism
239,ISIS010,0.00865800865801,0.025974025974,0.0,1.0,0.4,9.0,0.45,0.0,0.0,0.0,0.012987012987,0.0,0.0,0.0014430014430000001,0.438672438672,0.830129378299,0.6387894914819999,1,ISIS
240,YV21,0.026381909547700002,0.0113065326633,1.0,0.0,0.382352941176,77.0,0.754901960784,0.0314070351759,0.0408291457286,0.00125628140704,0.0018844221105499999,0.0,0.0,0.0144472361809,0.267587939698,-0.31330406747,0.531824311675,4,YV
241,Rabbinic021,0.0353369763206,0.023315118397099998,1.0,0.0,0.08474576271189999,82.0,0.463276836158,0.0036429872495399996,0.000364298724954,0.010564663023700002,0.008014571949,0.024043715847,0.000728597449909,0.023315118397099998,0.23023679417100001,0.8322723769949999,0.607841860219,4,Rabbinic
242,Bahai46,0.039306358381500005,0.0196531791908,1.0,0.0,0.14634146341499998,22.0,0.536585365854,0.0161849710983,0.0011560693641600001,0.0023121387283200003,0.0023121387283200003,0.0196531791908,0.0,0.009248554913290002,0.44855491329499997,-0.640912781642,0.536985689897,1,Bahai
243,Rabbinic006,0.0172149961744,0.0156847742923,1.0,0.0,0.07731958762889998,91.0,0.469072164948,0.00191277735272,0.0011476664116300001,0.007651109410859999,0.013389441469,0.0221882172915,0.0015302218821700003,0.028691660290700003,0.249808722265,0.8148188373649999,0.576180875641,4,Rabbinic
244,Rabbinic015,0.022804204525200003,0.011223944414800001,1.0,0.0,0.0704545454545,172.0,0.39090909090899995,0.0014252627828299999,0.0016034206306800001,0.00605736682701,0.0126492071976,0.0252984143952,0.00178157847853,0.0179939426332,0.17904863709199997,0.7911677722499999,0.646227660849,4,Rabbinic
245,Unitarian096,0.0192307692308,0.013461538461500002,1.0,0.0,0.0645161290323,118.0,0.761290322581,0.0192307692308,0.005,0.045769230769199996,0.00346153846154,0.00961538461538,0.00846153846154,0.008076923076920001,0.315384615385,-0.846264549992,0.46985300966000004,5,Unitarian
246,ISIS002,0.0220588235294,0.0220588235294,0.0,1.0,0.42105263157899997,14.0,0.736842105263,0.0,0.0,0.0,0.028186274509799998,0.00735294117647,0.0,0.012254901960799999,0.401960784314,0.777428487817,0.867631357228,2,ISIS
247,PastorAnderson227,0.021105141980000002,0.0199539524175,1.0,0.0,0.0874831763122,511.0,0.687752355316,0.014581734458899999,0.014773599386,0.012471220260900001,0.0139102072141,0.00959324635457,0.0029739063699199997,0.0259017651573,0.11281657713,0.787853796759,0.714471984105,1,Anderson
248,LiberalJudaism064,0.022442244224400002,0.026402640263999997,0.0,1.0,0.130434782609,46.0,0.666666666667,0.0250825082508,0.0046204620462,0.00660066006601,0.0151815181518,0.0033003300329999996,0.0026402640264,0.00990099009901,0.35313531353100003,-0.636897152349,0.713288192611,1,LiberalJudaism
249,MehrBaba054,0.03367003367,0.037037037037,0.0,1.0,0.388888888889,13.0,0.722222222222,0.016835016835,0.026936026935999998,0.0,0.00673400673401,0.0,0.0,0.016835016835,0.552188552189,-0.6443867348260001,0.48357576316000006,3,MehrBaba
250,LiberalJudaism001,0.0135746606335,0.0231900452489,0.0,1.0,0.209302325581,51.0,0.593023255814,0.020361990950200002,0.00339366515837,0.006221719457010001,0.007918552036199998,0.00735294117647,0.00169683257919,0.0147058823529,0.35350678733,0.418955575495,0.665983945203,6,LiberalJudaism
251,WBC201,0.019263264616400003,0.019263264616400003,0.0,1.0,0.120967741935,87.0,0.7016129032260001,0.00777289624873,0.0070969922271,0.0307536329841,0.010476512335200002,0.0287259209192,0.000337952010814,0.00371747211896,0.250422440014,-0.100749197314,0.518519980732,1,WBC
252,Shepherd260,0.0417189460477,0.0185069008783,1.0,0.0,0.0272277227723,187.0,0.462871287129,0.0207026348808,0.017252195734,0.0228983688833,0.00752823086575,0.010037641154299998,0.00752823086575,0.0131744040151,0.264742785445,0.141293078722,0.497563963718,3,Shepherd
253,Rabbinic054,0.014964028777000002,0.0126618705036,1.0,0.0,0.0682730923695,137.0,0.550200803213,0.00230215827338,0.0063309352518,0.0094964028777,0.012374100719399999,0.0428776978417,0.0212949640288,0.0143884892086,0.21697841726599998,0.818719906682,0.695919655395,4,Rabbinic
254,Unitarian219,0.0356933879462,0.033352837916900004,1.0,0.0,0.09375,142.0,0.6339285714289999,0.0263311878291,0.0064365125804600005,0.0295494441194,0.008484493856060002,0.0026331187829099997,0.0067290813341100006,0.011995318899900001,0.31597425395,0.278147597127,0.621571616451,4,Unitarian
255,MalcolmX012,0.0209185993633,0.0163710777626,1.0,0.0,0.061983471074400005,154.0,0.636363636364,0.0118235561619,0.0161437016826,0.00591177808095,0.012278308322000001,0.018190086402900003,0.00204638472033,0.012278308322000001,0.20077307867199998,0.8482806581389999,0.686244778357,2,MalcolmX
256,YV13,0.0164705882353,0.00705882352941,1.0,0.0,0.5,28.0,0.736842105263,0.00941176470588,0.07058823529410001,0.00235294117647,0.00705882352941,0.0,0.0,0.0329411764706,0.40705882352899997,-0.48199277210600006,0.710901831648,5,YV
257,YV54,0.028716216216199998,0.018581081081099998,1.0,0.0,0.224489795918,39.0,0.7959183673469999,0.00844594594595,0.0844594594595,0.0033783783783800005,0.00844594594595,0.0,0.0,0.027027027026999998,0.349662162162,0.0537667910121,0.514484612556,3,YV
258,JohnPiper020,0.0272435897436,0.008012820512819999,1.0,0.0,0.363636363636,30.0,0.909090909091,0.008012820512819999,0.0192307692308,0.0512820512821,0.00320512820513,0.0192307692308,0.0,0.0128205128205,0.38461538461499994,-0.473859343081,0.684724747851,4,JohnPiper
259,Bahai30,0.049798115747,0.040376850605699996,1.0,0.0,0.275862068966,10.0,0.344827586207,0.0,0.0,0.0,0.0,0.00807537012113,0.0,0.009421265141319999,0.271870794078,-0.24704932908100002,0.6834047052689999,4,Bahai
260,Bahai21,0.020202020201999998,0.030303030303,0.0,1.0,0.14285714285700002,16.0,0.5714285714289999,0.0,0.0033670033669999998,0.0,0.0,0.0218855218855,0.0,0.0218855218855,0.326599326599,-0.8061225009090001,0.6834668449719999,4,Bahai
261,Rabbinic037,0.0205811138015,0.012510088781299998,1.0,0.0,0.0849056603774,93.0,0.438679245283,0.00121065375303,0.00121065375303,0.00807102502018,0.00766747376917,0.0496368038741,0.000807102502018,0.012510088781299998,0.24455205811099998,0.736672141294,0.614352935053,4,Rabbinic
262,Unitarian042,0.030612244898,0.0204081632653,1.0,0.0,0.0642857142857,199.0,0.710714285714,0.018820861677999998,0.0120181405896,0.024716553287999998,0.0233560090703,0.012244897959200002,0.00204081632653,0.008390022675739999,0.25986394557799997,0.06049592570330001,0.55279041318,5,Unitarian
263,MehrBaba156,0.018662519440099997,0.0342146189736,0.0,1.0,0.114285714286,15.0,0.428571428571,0.0,0.0,0.0,0.0124416796267,0.00777604976672,0.0015552099533399997,0.00777604976672,0.458786936236,-0.6341685483789999,0.7570295186079999,6,MehrBaba
264,Bahai03,0.0208877284595,0.0130548302872,1.0,0.0,0.181818181818,24.0,0.545454545455,0.0221932114883,0.00391644908616,0.0,0.00783289817232,0.011749347258500001,0.0,0.010443864229799999,0.39817232376,-0.468576234457,0.707195667984,5,Bahai
265,LiberalJudaism165,0.0299539170507,0.0336405529954,0.0,1.0,0.08800000000000001,92.0,0.736,0.03133640553,0.0013824884792599998,0.00506912442396,0.020276497695900002,0.0129032258065,0.0,0.013364055299500001,0.339170506912,0.288998469684,0.684545027595,4,LiberalJudaism
266,WBC421,0.015864621893200002,0.022871496562700003,0.0,1.0,0.147692307692,240.0,0.738461538462,0.0121628767848,0.017186673717599996,0.008725542041250001,0.013484928609200001,0.0198307773665,0.010708619777899999,0.017318878900099997,0.166842940243,0.745399301742,0.570312103002,1,WBC
267,Rabbinic026,0.026695669369200002,0.0150286731264,1.0,0.0,0.06970509383380001,174.0,0.46648793565700003,0.0021752026893400002,0.006723353767060001,0.00850306505833,0.0106782677477,0.0340122602333,0.0043504053786800004,0.015621910223499999,0.203875815701,0.757968991419,0.555668964966,4,Rabbinic
268,YV27,0.0546021840874,0.029641185647400002,1.0,0.0,0.08,25.0,0.5,0.0,0.0202808112324,0.0015600624025,0.00624024960998,0.0312012480499,0.0,0.007800312012479999,0.45553822152900003,-0.288047386693,0.484619257663,5,YV
269,YV47,0.0449678800857,0.008565310492510001,1.0,0.0,0.1875,34.0,0.708333333333,0.017130620985,0.0642398286938,0.010706638115600001,0.00642398286938,0.00214132762313,0.00214132762313,0.008565310492510001,0.36188436830799997,-0.121787911467,0.529849883036,5,YV
270,SeaShepherds399,0.039611964430100004,0.018593371059,1.0,0.0,0.21666666666700002,53.0,0.8833333333329999,0.00970088924818,0.0032336297493899997,0.0299110751819,0.021018593371099997,0.0,0.0,0.012126111560200001,0.396928051738,-0.277768304771,0.498133506093,3,Shepherd
271,JohnPiper564,0.0267489711934,0.022633744855999997,1.0,0.0,0.31724137930999996,117.0,0.806896551724,0.0411522633745,0.023868312757200003,0.00329218106996,0.0024691358024699996,0.043621399177,0.0,0.009876543209879999,0.17366255144,-0.344382665081,0.664033802372,4,JohnPiper
272,ACLU03,0.030303030303,0.0251082251082,1.0,0.0,0.07142857142860001,25.0,0.446428571429,0.0025974025974,0.004329004329,0.0,0.00952380952381,0.004329004329,0.0,0.0103896103896,0.399134199134,-0.821762168369,0.550460792521,3,ACLU
273,LiberalJudaism075,0.030031612223400003,0.0121180189673,1.0,0.0,0.25,57.0,0.7125,0.0216016859852,0.010010537407799999,0.010010537407799999,0.0158061116965,0.013698630137,0.0,0.0121180189673,0.321917808219,0.056634516192300005,0.544377789763,4,LiberalJudaism
274,YV59,0.0349206349206,0.0174603174603,1.0,0.0,0.134615384615,42.0,0.807692307692,0.0746031746032,0.00793650793651,0.00952380952381,0.0015873015873,0.0,0.00634920634921,0.030158730158700003,0.4,-1.0,0.499063339574,5,YV
275,YV16,0.00794912559618,0.00476947535771,1.0,0.0,0.365079365079,50.0,0.793650793651,0.0063593004769499995,0.0794912559618,0.0143084260731,0.00476947535771,0.00794912559618,0.00794912559618,0.023847376788599998,0.317965023847,-0.468415248371,0.589772336143,5,YV
276,Bahai64,0.0212014134276,0.017667844523,1.0,0.0,0.0416666666667,9.0,0.375,0.0,0.0,0.0,0.014134275618399998,0.0,0.0,0.005300353356890001,0.49293286219099997,-1.0,0.594821980377,4,Bahai
277,Shepherd358,0.030178326474599997,0.0181755829904,1.0,0.0,0.032846715328500004,181.0,0.660583941606,0.0356652949246,0.0130315500686,0.0168038408779,0.00548696844993,0.031207133059,0.0161179698217,0.00891632373114,0.237654320988,-0.271224682868,0.65278782204,5,Shepherd
278,LiberalJudaism091,0.021778584392,0.012099213551100002,1.0,0.0,0.173333333333,53.0,0.7066666666670001,0.0429522081065,0.0012099213551099999,0.00786448880823,0.006049606775560001,0.0024198427102199997,0.000604960677556,0.0169388989716,0.35269207501500005,-0.09793625262430002,0.692624353504,3,LiberalJudaism
279,SeaShepherds409,0.035623409669199996,0.030534351145000003,1.0,0.0,0.23809523809500002,17.0,0.8095238095239999,0.0814249363868,0.0050890585241699995,0.0,0.0101781170483,0.0,0.015267175572500001,0.00254452926209,0.470737913486,-0.6368215349759999,0.596334010185,3,Shepherd
280,JohnPiper038,0.0269186712486,0.0194730813288,1.0,0.0,0.17112299465199998,152.0,0.8128342245990001,0.03980526918669999,0.006300114547539999,0.0128865979381,0.00601374570447,0.0292096219931,0.00028636884307,0.0151775486827,0.19959908362,-0.0835315283365,0.669376174885,5,JohnPiper
281,Bahai37,0.0469715698393,0.0420271940667,1.0,0.0,0.25,27.0,0.75,0.0135970333745,0.00247218788628,0.0,0.012360939431399999,0.00494437577256,0.0,0.0111248454883,0.438813349815,-0.454933485877,0.6133885249109999,2,Bahai
282,MehrBaba064,0.0264616935484,0.0219254032258,1.0,0.0,0.407692307692,101.0,0.7769230769230001,0.000504032258065,0.0015120967741900002,0.00352822580645,0.00882056451613,0.0335181451613,0.0007560483870969999,0.00579637096774,0.316784274194,0.7843803050589999,0.63363259352,6,MehrBaba
283,DorothyDay556,0.034435261708,0.024793388429799997,1.0,0.0,0.179487179487,26.0,0.666666666667,0.0330578512397,0.0151515151515,0.0068870523416,0.0151515151515,0.026170798898099996,0.0055096418732799995,0.0055096418732799995,0.429752066116,-1.0,0.562880892196,5,DorothyDay
284,WBC422,0.055075769920199996,0.0159687143555,1.0,0.0,0.115107913669,230.0,0.8273381294959999,0.0415512465374,0.008310249307479999,0.007658465048069999,0.010754440280299999,0.0182499592635,0.000325892129705,0.019227635652599998,0.17207104448399999,0.8116949389399999,0.607103099028,1,WBC
285,YV06,0.027289266222,0.007277137659189999,1.0,0.0,0.225490196078,78.0,0.7647058823530001,0.0109157064888,0.013341419041799998,0.0,0.00667070952092,0.0333535476046,0.00485142510612,0.0127349909036,0.347483323226,0.767017743052,0.641911721166,5,YV
286,Unitarian276,0.017959770114900003,0.028017241379299996,0.0,1.0,0.0879120879121,83.0,0.912087912088,0.00862068965517,0.0114942528736,0.0646551724138,0.010057471264399999,0.010775862069,0.000718390804598,0.0172413793103,0.297413793103,-0.820116021475,0.473151742146,3,Unitarian
287,Rabbinic033,0.021423384168500002,0.00944081336238,1.0,0.0,0.111111111111,79.0,0.48765432098800005,0.0032679738562100004,0.00363108206245,0.00980392156863,0.00508351488744,0.0225127087872,0.0,0.023238925199700004,0.222222222222,0.81939854213,0.7201460519699999,4,Rabbinic
288,YV11,0.0368794326241,0.0156028368794,1.0,0.0,0.20588235294100002,44.0,0.647058823529,0.0326241134752,0.0198581560284,0.0212765957447,0.00992907801418,0.0014184397163099999,0.0,0.0156028368794,0.35035460992899997,-0.130527462682,0.576821267309,8,YV
289,PastorAnderson018,0.0218892316733,0.00866754811224,1.0,0.0,0.0311092918543,935.0,0.382726156365,0.0124136917879,0.021668870280599998,0.0218157778757,0.0210077861025,0.0126340531805,0.000293815190245,0.0191714411635,0.0797708241516,0.799974324955,0.742550901557,1,Anderson
290,PastorAnderson160,0.033600610920199996,0.014891179839600002,1.0,0.0,0.0859564164649,656.0,0.794188861985,0.013650248186299998,0.0318823978618,0.0314051164567,0.012313860252,0.012600229095100002,9.54562810233e-05,0.0282550591829,0.105192821688,0.8467694488549999,0.6996465907610001,1,Anderson
291,Rabbinic035,0.0111028867506,0.0133234641007,0.0,1.0,0.07200000000000001,54.0,0.43200000000000005,0.0029607698001500003,0.00740192450037,0.00962250185048,0.0214655810511,0.0347890451517,0.0,0.0170244263509,0.310880829016,0.818574963365,0.591418470899,4,Rabbinic
292,YV42,0.0143691064212,0.022451728783100002,0.0,1.0,0.148148148148,112.0,0.82962962963,0.071845532106,0.0004490345756619999,0.00808262236192,0.0035922766053,0.00134710372699,0.0,0.019308486753499998,0.240682532555,0.849391464794,0.7486255016760001,5,YV
293,ACLU11,0.00759013282732,0.026565464895599997,0.0,1.0,0.529411764706,10.0,0.588235294118,0.0,0.0,0.0,0.037950664136600004,0.011385199241,0.0,0.00189753320683,0.407969639469,-0.164310731539,0.514281048656,3,ACLU
294,MehrBaba044,0.0176613885505,0.018879415347099998,0.0,1.0,0.150943396226,100.0,0.62893081761,0.000304506699147,0.00152253349574,0.000304506699147,0.0030450669914699998,0.0152253349574,0.0,0.029232643118099998,0.216199756395,0.538223293619,0.7051541195659999,7,MehrBaba
295,JohnPiper572,0.0368709516692,0.033383158943699996,1.0,0.0,0.111111111111,83.0,0.576388888889,0.0264075734928,0.0114598903837,0.0224215246637,0.0009965122072749999,0.02192326856,0.0,0.0119581464873,0.301943198804,0.826801603871,0.392048114837,3,JohnPiper
296,Rabbinic045,0.0164609053498,0.020576131687200003,0.0,1.0,0.0606060606061,179.0,0.45202020202,0.0029928918817800003,0.00411522633745,0.007856341189670001,0.0106621773288,0.0246913580247,0.00953984287318,0.016835016835,0.208005985784,0.733612566718,0.597604666345,4,Rabbinic
297,Shepherd695,0.0494915254237,0.0206779661017,1.0,0.0,0.0285714285714,192.0,0.609523809524,0.0176271186441,0.025084745762700002,0.0216949152542,0.012203389830499999,0.0277966101695,0.007796610169489999,0.015593220339,0.27186440678,0.0760950759785,0.48634638814900005,4,Shepherd
298,ISIS007,0.00469483568075,0.0422535211268,0.0,1.0,0.272727272727,7.0,0.636363636364,0.0,0.0422535211268,0.0,0.0093896713615,0.06572769953049999,0.0,0.0093896713615,0.46948356807499997,-0.0871618980982,0.601644812846,1,ISIS
299,WBC228,0.0306839186691,0.0177449168207,1.0,0.0,0.115384615385,64.0,0.49230769230800003,0.0203327171904,0.0166358595194,0.0129390018484,0.00850277264325,0.0121996303142,0.0,0.00406654343808,0.254343807763,-0.0386553896584,0.7368307487540001,1,WBC
300,Rabbinic025,0.0171615363661,0.008716970852629999,1.0,0.0,0.0627306273063,116.0,0.42804428044299997,0.006537728139470001,0.00408608008717,0.00844456551348,0.00789975483519,0.020430400435799998,0.00108962135658,0.020430400435799998,0.214655407246,0.8451255252680001,0.704773346463,4,Rabbinic
301,ACLU12,0.0427728613569,0.023598820059000002,1.0,0.0,0.344827586207,18.0,0.620689655172,0.011799410029500001,0.0,0.0029498525073699995,0.0044247787610600005,0.019174041297900003,0.0,0.008849557522120001,0.5412979351030001,-0.660060101395,0.572660837493,3,ACLU
302,YV49,0.0275387263339,0.0120481927711,1.0,0.0,0.212121212121,20.0,0.606060606061,0.0327022375215,0.0172117039587,0.0,0.0034423407917399994,0.0,0.0,0.010327022375200001,0.413080895009,-0.462664335066,0.688664499657,4,YV
303,LiberalJudaism097,0.0261363636364,0.025,1.0,0.0,0.197183098592,58.0,0.816901408451,0.0454545454545,0.007386363636359999,0.0034090909090900004,0.00568181818182,0.00909090909091,0.0034090909090900004,0.011931818181799999,0.330681818182,-0.314779627267,0.573572904199,2,LiberalJudaism
304,MehrBaba046,0.0497975708502,0.0117408906883,1.0,0.0,0.155080213904,161.0,0.8609625668449999,0.0028340080971699998,0.045748987854300004,0.055060728744900006,0.0004048582995950001,0.00688259109312,0.0,0.031983805668,0.126315789474,0.893081316448,0.813489598665,6,MehrBaba
305,DorothyDay666,0.023709902371,0.0264993026499,0.0,1.0,0.212121212121,26.0,0.787878787879,0.0334728033473,0.0111576011158,0.0125523012552,0.00836820083682,0.00697350069735,0.00418410041841,0.015341701534200001,0.42119944212,-0.8,0.657239762674,2,DorothyDay
306,YV01,0.00547945205479,0.00821917808219,0.0,1.0,0.272727272727,13.0,0.590909090909,0.0027397260274,0.0,0.0,0.032876712328800003,0.0109589041096,0.00547945205479,0.0027397260274,0.52602739726,-0.310746998222,0.52988669014,3,YV
307,Rabbinic017,0.0237175951462,0.0159955874242,1.0,0.0,0.08812260536399999,124.0,0.475095785441,0.000551571980143,0.0033094318808600002,0.00468836183122,0.010755653612799999,0.0408163265306,0.0,0.0217870932157,0.238279095422,0.72142702898,0.617284801707,4,Rabbinic
308,LiberalJudaism129,0.0195341848234,0.011269722013499999,1.0,0.0,0.17391304347800002,56.0,0.8115942028990001,0.05033809166040001,0.0022539444027,0.00826446280992,0.00826446280992,0.007513148009020001,0.0022539444027,0.0105184072126,0.363636363636,-0.49150987799699997,0.541408968243,3,LiberalJudaism
309,YV45,0.0533596837945,0.0197628458498,1.0,0.0,0.166666666667,28.0,0.583333333333,0.00395256916996,0.05928853754940001,0.0,0.00197628458498,0.00790513833992,0.0,0.0217391304348,0.44466403162100004,-0.629035033289,0.46638641640100004,7,YV
310,JohnPiper459,0.0356484326982,0.008604794099569999,1.0,0.0,0.2,48.0,0.6857142857140001,0.0295021511985,0.00245851259988,0.00307314074985,0.006146281499689999,0.0122925629994,0.0,0.00491702519975,0.330669944683,0.265588465743,0.553019734203,3,JohnPiper
311,Shepherd224,0.027882441597599998,0.038809344385800006,0.0,1.0,0.0254777070064,147.0,0.46815286624200003,0.035418236623999996,0.0064054257724200005,0.0211002260739,0.00753579502638,0.0128108515448,0.00263752825923,0.00979653353429,0.27995478523,-0.630992487085,0.563492109089,4,Shepherd
312,Unitarian260,0.0240109764464,0.0160073176309,1.0,0.0,0.09583333333329999,168.0,0.7,0.018751429224799998,0.00617425108621,0.0338440429911,0.009833066544709999,0.00891836268008,0.0036588154585,0.00686027898468,0.283329522067,0.781244114392,0.463074368381,5,Unitarian
313,YV08,0.029613733905599997,0.0068669527897,1.0,0.0,0.183962264151,158.0,0.7452830188680001,0.0210300429185,0.0450643776824,0.01330472103,0.0175965665236,0.0012875536480699999,0.0012875536480699999,0.0210300429185,0.20686695279,0.64743644342,0.597586671201,6,YV
314,SeaShepherds405,0.0112570356473,0.0187617260788,0.0,1.0,0.47368421052599996,12.0,0.631578947368,0.0018761726078800002,0.0,0.0037523452157600004,0.0225140712946,0.0,0.0,0.0056285178236399995,0.474671669794,-0.461899756581,0.536499174727,1,Shepherd
315,DorothyDay565,0.0312907431551,0.0104302477184,1.0,0.0,0.266666666667,19.0,0.633333333333,0.0234680573664,0.0,0.0,0.0,0.026075619296,0.0,0.006518904823989999,0.401564537158,-0.639524647966,0.62005951615,4,DorothyDay
316,Bahai04,0.034749034749,0.00900900900901,1.0,0.0,0.235294117647,20.0,0.588235294118,0.010296010296,0.0,0.0,0.019305019305,0.00900900900901,0.0,0.00772200772201,0.384813384813,-0.299607199766,0.676075175977,6,Bahai
317,Rabbinic048,0.0120454545455,0.0268181818182,0.0,1.0,0.0683229813665,163.0,0.506211180124,0.0025,0.00727272727273,0.02,0.015227272727299998,0.0320454545455,0.006818181818180001,0.0193181818182,0.216136363636,0.8333248024050001,0.554534354996,4,Rabbinic
318,WBC418,0.0347616965457,0.0122431132488,1.0,0.0,0.14285714285700002,106.0,0.6883116883120001,0.0120244862265,0.002186270223,0.010056843025799999,0.008745080892,0.008745080892,0.0015303891561,0.0080891998251,0.20944468736299998,0.6781394481949999,0.739363663115,1,WBC
319,LiberalJudaism068,0.017805582290700003,0.0317613089509,0.0,1.0,0.19753086419799998,64.0,0.79012345679,0.021655437921099998,0.005293551491819999,0.0110683349374,0.00336862367661,0.017324350336900003,0.0019249278152099999,0.0110683349374,0.34985563041400003,0.6273956592350001,0.53348788912,1,LiberalJudaism
320,Rabbinic008,0.0172413793103,0.01011994003,1.0,0.0,0.056155507559400006,213.0,0.460043196544,0.0013118440779600002,0.00599700149925,0.020989505247400002,0.015179910045,0.0258620689655,0.0054347826087,0.0140554722639,0.19602698650699998,0.787432621266,0.6725068871400001,4,Rabbinic
321,Rabbinic052,0.0216726868575,0.018894137260400002,1.0,0.0,0.0694698354662,234.0,0.42778793418600003,0.0015282022784100001,0.00236176715754,0.0175048624618,0.011530980828,0.0297304806891,0.00013892747985600002,0.0120866907474,0.176298971937,0.7871819483370001,0.622288037773,4,Rabbinic
322,YV20,0.0353602115003,0.013549239920700002,1.0,0.0,0.0822510822511,178.0,0.770562770563,0.0320555188367,0.0492399206874,0.005617977528089999,0.00462656972902,0.000991407799075,0.000991407799075,0.010575016523500002,0.20456047587600001,0.477670937993,0.614814557853,6,YV
323,ISIS004,0.0168741355463,0.0190871369295,0.0,1.0,0.276923076923,109.0,0.838461538462,0.00802213001383,0.00580912863071,0.00442600276625,0.00940525587828,0.0326417704011,0.0038727524204699997,0.021300138312599998,0.237067773167,0.810055450707,0.650915407087,2,ISIS
324,Rabbinic020,0.012382075471700001,0.014740566037700001,0.0,1.0,0.0839694656489,133.0,0.507633587786,0.000884433962264,0.00530660377358,0.0106132075472,0.0185731132075,0.0397995283019,0.00176886792453,0.015035377358500001,0.244398584906,0.7684560685699999,0.495082795383,4,Rabbinic
325,ISIS011,0.017860180302799997,0.0255145432897,0.0,1.0,0.301801801802,170.0,0.765765765766,0.0032318421500300005,0.0073141690763699994,0.0035720360605500006,0.022112604184400003,0.0335091001871,0.0,0.0105460112264,0.235414186086,0.680263919402,0.579931230347,1,ISIS
326,Bahai45,0.0182002022245,0.00303336703741,1.0,0.0,0.0961538461538,34.0,0.653846153846,0.00404448938322,0.00606673407482,0.0323559150657,0.026289180990900003,0.0111223458038,0.0,0.00606673407482,0.38220424671400005,-0.6321208171630001,0.640723236402,5,Bahai
327,PastorAnderson119,0.0288653301144,0.0203631783353,1.0,0.0,0.05025996533800001,449.0,0.778162911612,0.012700745250299999,0.014695077149200002,0.017319198068599998,0.013120604597499998,0.043140547916400006,0.0010496483678,0.0118610265561,0.111052797313,0.894973279177,0.752901269113,1,Anderson
328,MehrBaba261,0.0218281036835,0.015279672578399999,1.0,0.0,0.0634920634921,242.0,0.7682539682539999,0.00327421555252,0.0395634379263,0.0144611186903,0.0210095497954,0.012005457025899998,0.000818553888131,0.031377899045000004,0.21909959072299998,-0.10871327373400001,0.6438012208089999,5,MehrBaba
329,Rabbinic010,0.0106292517007,0.017431972789099998,0.0,1.0,0.09146341463410002,71.0,0.43292682926799997,0.00382653061224,0.0029761904761900003,0.017857142857099998,0.00892857142857,0.025510204081599996,0.00850340136054,0.017431972789099998,0.239795918367,0.8019846672490001,0.5967580419399999,4,Rabbinic
330,MehrBaba028,0.023880597014900005,0.041791044776099996,0.0,1.0,0.18918918918900002,19.0,0.513513513514,0.0,0.00149253731343,0.00597014925373,0.008955223880600001,0.0313432835821,0.0,0.00597014925373,0.46716417910400004,-0.446144082363,0.7774795016889999,5,MehrBaba
331,Rabbinic030,0.0236135957066,0.00500894454383,1.0,0.0,0.154285714286,95.0,0.542857142857,0.00178890876565,0.00572450805009,0.0060822898032199995,0.006797853309479999,0.0236135957066,0.000715563506261,0.0286225402504,0.22898032200399998,0.8262995065530001,0.7230940883210001,4,Rabbinic
332,YV18,0.032183908046,0.013793103448299999,1.0,0.0,0.166666666667,26.0,0.722222222222,0.0183908045977,0.0390804597701,0.00229885057471,0.0114942528736,0.0,0.0,0.016091954023,0.42988505747100003,-0.833416047483,0.539961033402,5,YV
333,LiberalJudaism152,0.024699599465999998,0.019359145527400003,1.0,0.0,0.132075471698,47.0,0.88679245283,0.0300400534045,0.0013351134846500002,0.00667556742323,0.00801068090788,0.00200267022697,0.0013351134846500002,0.024699599465999998,0.332443257677,-0.801570937378,0.723497668184,3,LiberalJudaism
334,LiberalJudaism127,0.019512195122,0.015176151761499999,1.0,0.0,0.204545454545,66.0,0.75,0.0254742547425,0.008672086720870002,0.015176151761499999,0.00271002710027,0.0108401084011,0.000542005420054,0.010298102981,0.377235772358,0.792670510998,0.548786881438,3,LiberalJudaism
335,Bahai54,0.023850085178900002,0.015332197615,1.0,0.0,0.193548387097,19.0,0.612903225806,0.005110732538329999,0.0,0.00170357751278,0.0289608177172,0.0,0.0,0.022146507666099997,0.488926746167,-1.0,0.606289254367,5,Bahai
336,MehrBaba125,0.0182684670373,0.016679904686300002,1.0,0.0,0.12,45.0,0.9,0.0,0.0,0.0015885623510699999,0.0206513105639,0.0635424940429,0.0015885623510699999,0.0135027799841,0.313741064337,-0.635320725611,0.864147662198,9,MehrBaba
337,Bahai10,0.0541611624835,0.0105680317041,1.0,0.0,0.35,22.0,0.55,0.00264200792602,0.00792602377807,0.0,0.00528401585205,0.0158520475561,0.00132100396301,0.0105680317041,0.39498018494099996,-0.131897499546,0.750519332907,6,Bahai
338,MehrBaba161,0.022052586938099996,0.006785411365560001,1.0,0.0,0.21666666666700002,46.0,0.766666666667,0.0016963528413900004,0.0,0.0,0.00424088210348,0.022052586938099996,0.0814249363868,0.0008481764206960001,0.277353689567,0.268757565606,0.720763857643,3,MehrBaba
339,MehrBaba162,0.0730519480519,0.022727272727299998,1.0,0.0,0.21621621621599998,33.0,0.891891891892,0.00811688311688,0.0,0.0,0.00324675324675,0.00974025974026,0.0,0.0633116883117,0.402597402597,-1.0,0.672460209701,3,MehrBaba
340,MehrBaba050,0.0385487528345,0.015873015873,1.0,0.0,0.210526315789,4.0,0.210526315789,0.0022675736961500002,0.0,0.0,0.0068027210884399995,0.0,0.0,0.00453514739229,0.510204081633,-0.827811184435,0.840469305852,3,MehrBaba
341,MalcolmX004,0.0200935865676,0.0228461326727,0.0,1.0,0.0775,306.0,0.765,0.0177539223782,0.027250206441000003,0.0199559592623,0.0202312138728,0.0196807046518,0.00110101844206,0.013349848610000001,0.167492430498,0.757046810447,0.614940115695,2,MalcolmX
