,groupId,files,timeRun,keywords,perPos,perNeg,perPosDoc,perNegDoc,PSJudge,pronounFrac,nous,vous,je,ils,il,elle,le,avgSD,avgEVC
0,DorothyDay_train2,10,21.4028298855,"we, our, me, my, worker, fr, say, farm, maurin, you, too, love, tri, room, rain, am, i, joy, us, feel, your, bomb, chapel, christ, seattl, peter, go, rememb, pray, reader",0.0251672190596,0.0212195402677,0.7,0.3,0.500193752599,0.659610021219,0.0218220471456,0.00281373100732,0.0170074407553,0.0104420684049,0.0111298693178,0.00431438754455,0.00981679484775,0.741793855308,0.728042754516
1,DorothyDay_test0,10,21.5832490921,"we, worker, me, strike, my, our, cesar, grower, hour, striker, grape, chavez, pray, farm, too, picket, get, you, christ, ask, joy, talk, delano, cathol, love, mexican, inde, am, ammon, labor",0.025956805872,0.0245409819274,0.5,0.5,0.463293247291,0.656808190476,0.0184286504085,0.00190429387555,0.0133300571288,0.0106886172369,0.0106271884022,0.00595859696542,0.00939861170834,0.745022942762,0.660286529356
2,PastorAnderson_train2,10,125.368218899,"you, s, re, say, we, nt, get, your, me, go, bibl, want, repent, unto, vers, my, know, sin, shall, let, christ, sorrow, thing, save, tell, whi, god, chapter, preach, truth",0.0238524295879,0.019736451197,0.9,0.1,0.573340191542,0.668603202651,0.0132398510126,0.026135403299,0.0222020511857,0.0191137959456,0.0150865441798,0.000772063810031,0.0200736590608,0.70678249824,0.744592712723
3,SeaShepherds_test0,10,8.09775400162,"we, seaworld, shepherd, illeg, whale, net, greenpeac, hsus, seal, orca, crew, dog, shark, totoaba, vaquita, save, our, galapago, dolphin, me, my, will, fish, marin, gill, breed, slaughter, ecosystem, manbi, gear",0.0238175348946,0.0271759731431,0.4,0.6,0.599987463168,0.674267063134,0.0170056100982,0.00227910238429,0.0105189340813,0.0178821879383,0.00192847124825,0.00262973352034,0.00736325385694,0.756548328254,0.66851031358
4,Bahai_train4,10,9.78130984306,"baha'i, you, your, abdu'lbaha, we, courag, baha'u'llah, our, spirit, faith, realiti, p, must, marriag, talk, uniti, prejudic, virus, love, fill, tree, mankind, sex, heaven, equal, women, friendship, heal, don't, virtu",0.0329651559346,0.0207211157243,0.8,0.2,0.423111620069,0.604927430173,0.0141775636614,0.0129387474191,0.00467997247075,0.0072952512044,0.00701995870613,0.000275292498279,0.0105987611838,0.730144082535,0.679575335553
5,JohnPiper_test0,10,36.1158769131,"we, you, vers, god, your, our, hope, christ, glori, s, say, love, let, rejoic, thing, nt, spirit, faith, will, my, sin, us, promis, know, lord, whi, want, magnifi, salvat, joy",0.0343138524973,0.0182480503809,0.9,0.1,0.601939195905,0.704338198728,0.0279419274823,0.0152476836653,0.00758736412052,0.0093747720143,0.0191507988619,0.00069307653024,0.0131319763624,0.696407838646,0.677452640375
6,NaumanKhan_train4,10,85.8173890114,"you, allah, we, your, say, quran, know, talk, na, get, don't, me, gon, my, nt, someth, thing, want, go, wa, am, you'r, surah, our, happen, listen, realli, whi, tell, ask",0.0191515712447,0.01560181899,0.7,0.3,0.604373683828,0.713787630608,0.0169208306295,0.0320408825438,0.015720311486,0.0207332900714,0.0168397144711,0.000973393900065,0.0153471771577,0.637397841018,0.508077369783
7,WBC_train2,10,45.5995738506,"shall, unto, ye, you, your, thou, sin, thi, we, god, thee, christ, my, lord, thing, hath, say, me, let, heaven, shalt, s, sabbath, bless, wit, love, submit, belov, sermon, mose",0.0262976370126,0.0251817253257,0.7,0.3,0.4935216038,0.605528068359,0.00935993722677,0.00930388969846,0.0112655531891,0.0149086425289,0.0249691738594,0.00168142584912,0.00921981840601,0.753592741592,0.716639730656
8,IntegralYoga_train2,10,14.6345720291,"you, your, mind, yoga, we, arjuna, want, me, self, krishna, whi, happi, everyth, don't, our, say, yourself, anyth, my, sutra, clean, medit, noth, calm, mental, know, sage, get, should, joy",0.0299991140559,0.0210078523096,0.8,0.2,0.525499393268,0.654484720563,0.0124201242012,0.0333003330033,0.00711007110071,0.00990009900099,0.00774007740077,0.00090000900009,0.0158401584016,0.692839254578,0.705084115564
9,IntegralYoga_test1,10,20.3329641819,"you, your, mind, we, medit, yoga, get, don't, want, our, spiritu, sri, self, me, yourself, whi, mantra, say, anyth, realiz, fruit, happi, someth, will, my, clean, realli, swami, everyth, know",0.0337541572774,0.0139632266634,1.0,0.0,0.600611871881,0.706761970804,0.0178817056396,0.0427064911246,0.0104146197681,0.00641907381935,0.00805659265082,0.00131001506517,0.014934171743,0.656671967645,0.545255206306
10,MehrBaba_test0,10,17.1626911163,"baba, you, we, me, master, mind, s, love, realiz, suffer, your, discipl, my, pure, spiritu, happi, infinit, ask, our, divin, want, shri, feel, meher, say, soul, moment, clown, perfect, bliss",0.0346718621466,0.0246866005409,0.8,0.2,0.496104332671,0.761951794477,0.0119857466796,0.00834143181082,0.0118237771299,0.00769355361192,0.028830579851,0.00153871072238,0.0138483965015,0.767066472947,0.814402369832
11,ISIS_train4,8,15.2121641636,"allah, ﻿, crusad, we, dabiq, murtadd, islam, wa, camp, alayhi, you, sallam, dābiq, pilot, abū, isi, tribal, muslim, sallallāhu, jet, my, will, ī, prophet, airstrik, ’s, your, mujāhidīn, shu'aytāt, iraqi",0.015061388254,0.0251256557178,0.125,0.875,0.476854995263,0.66313012033,0.00909424949476,0.00376630534632,0.00514422193643,0.0201175822157,0.0100128605548,9.18611060077e-05,0.00992099944883,0.713533943514,0.644983806396
12,Unitarian_train2,10,45.8984520435,"we, you, me, my, our, your, am, get, unitarian, bread, tell, i, know, let, nt, s, ask, thing, silenc, apolog, congreg, want, tree, snake, feel, talk, love, sudden, yes, realli",0.0267648320391,0.0223272891405,0.7,0.3,0.419724490636,0.611371929188,0.0185236214445,0.00995070573467,0.0224732861823,0.0110529377545,0.0132574017942,0.00376595940112,0.00988947062245,0.714304235608,0.617751760693
13,Rabbinic_test0,10,29.5391170979,"we, you, our, your, my, rabbi, me, know, evil, steinberg, koufax, ask, jew, happi, want, let, get, yom, deed, hyphen, messag, jewish, whi, us, promis, ourselv, mose, tell, am, kippur",0.0206618035199,0.0221145589186,0.6,0.4,0.614556415175,0.789057727656,0.027639938784,0.011872188471,0.0155822473682,0.00519408245606,0.0136808421834,0.00329267727125,0.0129852061401,0.694731376441,0.703677706271
14,MalcolmX_train1,5,58.3751409054,"you, nt, s, malcolm, re, we, get, your, me, ll, go, let, h, know, x, negro, got, our, want, think, tri, ve, say, m, n, my, i, whi, ca, ﻿",0.0174928355483,0.0167022414618,0.6,0.4,0.696247004768,0.781631402748,0.014792285892,0.0272343955208,0.0206216446626,0.0179488951867,0.0135480749291,0.00138245662542,0.0153222275984,0.730076420341,0.673949724804
15,DorothyDay_train4,10,23.1588861942,"we, my, our, me, worker, get, farm, too, talk, room, you, mroconnel, fr, say, reader, priest, want, ask, pay, love, us, tax, mauric, tri, am, night, prayer, i, money, away",0.023082518482,0.0195957273686,0.8,0.2,0.526935047651,0.725646375458,0.020663340182,0.00264162019372,0.014382154388,0.0125623715879,0.0199002054593,0.00369826827121,0.0113883181685,0.685699743405,0.71325549423
16,MalcolmX_test0,10,57.8231389523,"you, nt, negro, we, s, re, get, malcolm, me, your, h, our, x, know, ll, got, my, let, nonviol, want, say, go, talk, ve, ﻿, think, here, thing, tri, tell",0.0181330211487,0.0192190993812,0.5,0.5,0.579241904496,0.729706969006,0.0159488900124,0.0212115640943,0.0165693799697,0.0205910741371,0.0112377625592,0.000988187709703,0.0141793445788,0.735374607288,0.685629376301
17,MehrBaba_test1,10,22.3843290806,"mind, baba, meher, plane, love, finit, divin, we, you, spiritu, master, avatar, conscious, discipl, s, infinit, me, feel, bahinabai, answer, ignor, am, mental, perfect, get, soul, spirit, reaction, my, want",0.0310803636654,0.0155359333124,0.9,0.1,0.479575256437,0.666869315318,0.0056840565029,0.00467105633406,0.0087230570094,0.0106365017728,0.0181214474647,0.00461477854691,0.0187967809106,0.765576117066,0.744667127869
18,DorothyDay_test1,10,21.8481011391,"we, you, my, me, our, worker, know, priest, your, pray, too, love, fr, parish, say, she, christ, let, rememb, hospit, us, silon, get, tree, want, soul, god, fellow, hope, maurin",0.0225832743357,0.0214425103715,0.6,0.4,0.508598977697,0.702402151776,0.0177457452607,0.00654109381624,0.0138695415178,0.0104172975592,0.0185936648295,0.00757071043547,0.00956937799043,0.780766314636,0.630913113077
19,Rabbinic_train2,10,28.790088892,"we, our, my, you, your, jew, jewish, me, israel, ask, want, memori, am, rememb, rabbi, know, walk, moment, cousin, torah, orthodox, awar, ourselv, too, hope, shul, tell, sure, happen, franci",0.0222206344505,0.020945322429,0.6,0.4,0.625953002176,0.778557578562,0.026996572609,0.00924926052866,0.0150241795389,0.00788769425795,0.00981266726137,0.00295788534673,0.0108925301657,0.755966955923,0.717426125828
20,NaumanKhan_train3,10,71.2473120689,"you, allah, your, don't, know, say, we, get, me, want, talk, nt, someth, thing, my, swt, go, realli, tell, yourself, quran, am, s, messeng, na, qur'an, do, merci, should, whi",0.0200372725507,0.0187300004247,0.7,0.3,0.657463700633,0.763259551066,0.0132414746013,0.0485136924524,0.0187491604137,0.0205722619893,0.014066667946,0.000191905429005,0.0184613022702,0.614647504622,0.575609257677
21,IntegralYoga_train4,10,15.8455739021,"you, your, we, om, yoga, feel, vibrat, happi, whi, breath, say, should, prana, god, let, gurudev, mind, our, mantra, everyth, heaven, want, love, yantra, will, medit, sound, peac, cosmic, whatev",0.0317020198086,0.0112536352909,0.9,0.1,0.484303870487,0.598424582988,0.0208837284309,0.0305595871634,0.00467666505402,0.00604741170779,0.00532172230285,0.000725689404935,0.0168521206257,0.740252738551,0.645968399217
22,Shepherd_train2,10,36.1751430035,"you, we, s, my, your, me, don, christ, get, our, t, jesus, said, say, ask, want, go, disagr, thing, talk, christma, love, god, do, think, ill, know, i, heaven, evil",0.0282046812787,0.0242272961329,0.6,0.4,0.455125644012,0.59136384463,0.0180176819487,0.0174581266087,0.0213750139889,0.0126086469952,0.0216734435036,0.00581937553624,0.0117133584512,0.627063536819,0.668493609523
23,MehrBaba_train2,10,27.581758976,"baba, realiz, we, imperson, you, me, love, know, mind, infinit, s, master, discipl, truth, perfect, imper, real, pure, nt, conscious, spiritu, reaction, self, shri, feel, my, meher, i, our, everyth",0.0362125183793,0.0156108730047,0.9,0.1,0.485658963479,0.693085744701,0.0146450323121,0.00609047375517,0.0180854526012,0.0097633548747,0.0213399042261,0.0023246083035,0.0156678599656,0.754570374303,0.742714755867
24,IntegralYoga_train3,10,10.397133112,"you, your, yoga, we, mind, happi, want, me, don't, medit, let, ask, my, yogi, get, cri, will, say, god, nice, feel, everyth, sit, devot, eat, anyth, sincer, thing, breath, asana",0.0309131867749,0.0144745143755,1.0,0.0,0.545606575892,0.658027090397,0.014360488525,0.033820963629,0.0138236478325,0.00939471211918,0.00684471882969,0.00107368138505,0.0190578445846,0.764720020016,0.684820135754
25,IntegralYoga_test0,10,14.9002969265,"you, your, we, want, mind, everyth, don't, know, me, guru, whi, yourself, should, self, get, will, happi, our, say, yoga, pain, am, if, boat, yogavill, anyth, job, clean, let, feel",0.0302635559698,0.0193730070448,0.8,0.2,0.629678789982,0.720551263617,0.0209158757947,0.0557449553119,0.0122546761264,0.00552842532019,0.00165852759606,0.00175066801806,0.0187045056666,0.691955103922,0.660419902178
26,WBC_test0,10,36.6146259308,"shall, unto, ye, we, sin, my, you, mose, obama, your, s, god, thee, thou, heaven, me, ie, repent, say, wit, pharaoh, lord, thi, belov, antichrist, sermon, angel, rev, hath, job",0.0275651321356,0.0347088817254,0.2,0.8,0.475590318406,0.57685459044,0.0107097412696,0.00685706206702,0.012406333946,0.0150219143221,0.0222677788774,0.00378198784109,0.00802346953202,0.73744457497,0.660199409616
27,JohnPiper_train2,10,35.7116260529,"you, christ, god, we, vers, glori, your, s, say, love, nt, me, fill, will, our, thing, sin, know, promis, fear, jesus, my, let, want, wisdom, etern, spirit, whi, save, justifi",0.0294631023179,0.0234305800774,0.6,0.4,0.578309295982,0.683989007087,0.0174169534377,0.0155207528619,0.00972680665777,0.00920008427558,0.0267926118407,0.0011939040663,0.0114474331063,0.70826695513,0.681712587269
28,Bahai_test0,10,9.03320097923,"baha'i, perfect, abdu'lbaha, baha'u'llah, uniti, love, we, imperfect, p, color, my, divin, skin, lamp, will, you, —, fate, man, decre, weak, adam, spiritu, creator, spirit, tower, conting, mose, tree, garden",0.0294327068403,0.021362589775,0.6,0.4,0.408642067044,0.556431955822,0.00600343053173,0.00285877644368,0.00428816466552,0.010863350486,0.00857632933105,0.00100057175529,0.00886220697541,0.736687925211,0.638509727045
29,Unitarian_train3,10,46.4227581024,"we, my, me, you, our, hope, your, she, wonder, silenc, am, i, nt, s, flow, rememb, get, feel, know, love, joy, let, say, unitarian, justic, racism, want, color, knew, too",0.0310093985421,0.0195295948856,0.8,0.2,0.540876295623,0.682143543848,0.0175981260699,0.00777801135169,0.0235142196462,0.00924952701282,0.0102705786961,0.00988017658188,0.00969999099072,0.71224525441,0.641472645048
30,PastorAnderson_test0,10,127.84095788,"you, s, re, say, nt, we, bibl, your, go, vers, me, get, know, let, want, my, sin, okay, talk, look, whi, thing, ve, shall, christ, chapter, unto, lot, tell, god",0.0238138212433,0.0224436739878,0.6,0.4,0.58324713659,0.678629007099,0.0144180939382,0.0278715609511,0.0207497408848,0.0206676449762,0.0145720237668,0.000769649142611,0.0178045501657,0.743568093238,0.721371860481
31,WBC_train4,10,32.091725111,"shall, unto, you, we, lord, god, my, christ, s, your, ye, sin, heaven, hath, me, preach, thou, belov, wit, thi, sunday, sermon, outlin, say, our, prophet, forth, etern, nt, glori",0.0285046018906,0.0217193316804,0.8,0.2,0.488857003329,0.586819979362,0.00989659072548,0.00735175311036,0.00957343674261,0.0195912102117,0.0197527872031,0.000807884957182,0.0103005332041,0.74987045325,0.691853081381
32,MehrBaba_train4,10,16.0151278973,"baba, meher, spiritu, master, perfect, shall, we, hazrat, s, janabai, my, realiz, silenc, will, shri, manifest, sufi, happen, divin, prophet, conscious, truth, know, infinit, discipl, you, meherabad, farid, mankind, god",0.0388225682588,0.0150047314914,0.9,0.1,0.466309767482,0.638672361034,0.00707585979924,0.00197465854863,0.00510120125062,0.0097910153036,0.0203225275629,0.00575942076683,0.00822774395261,0.762846882961,0.686723568477
33,Rabbinic_train3,10,29.4145860672,"we, you, my, our, me, know, rabbi, bless, your, moment, bibl, ask, abraham, am, mose, don't, happen, will, let, esther, noth, whi, yom, kippur, i, question, jewish, should, biblic, say",0.0217735783838,0.0155880990894,0.8,0.2,0.633442172777,0.766907802093,0.0236354439693,0.0080011036005,0.0176576079459,0.00625373614751,0.0105301880719,0.00344875155194,0.0118637053387,0.78155192944,0.738917386771
34,ISIS_test1,10,36.9470360279,"allah, ibn, wa, ﻿, alayhi, sallam, you, faction, sallallāhu, kufr, rahimahullāh, prophet, your, hypocrit, murji'ah, said, mujāhidīn, kuffār, ask, irjā, say, jihād, messeng, dabiq, hypocrisi, vers, we, muslim, abandon, dollar",0.0158352704211,0.0233896147756,0.2,0.8,0.405044979954,0.671176684649,0.00423328551936,0.00545778959521,0.00304376727425,0.0233355491026,0.0141692614491,0.00048980163034,0.0122450407585,0.75738781381,0.764194934569
35,MehrBaba_train3,10,20.7371270657,"baba, you, perfect, meher, love, your, s, master, spiritu, conscious, me, nt, mediocr, we, my, happi, joy, shri, mind, re, realiz, know, feel, want, say, discipl, divin, yourself, truth, belov",0.0420663284914,0.0155021571969,1.0,0.0,0.511973148944,0.692243596606,0.00473638289916,0.0138975445594,0.00535959117537,0.0100336532469,0.0229340645644,0.00118409572479,0.0143961111804,0.698483053443,0.661309800012
36,WBC_test1,10,45.7908799648,"we, unto, you, my, me, shall, s, sin, ye, your, our, love, job, nt, thou, god, thing, say, prophet, sermon, belov, evil, lord, puritan, preach, thi, enemi, hate, christ, thee",0.030095589578,0.0307868797052,0.7,0.3,0.498682936437,0.619183611653,0.0159669688745,0.00782468094936,0.0138592134896,0.016197955766,0.0212507940174,0.00132817462609,0.00799792111798,0.705919158586,0.815212636737
37,JohnPiper_train3,10,30.3218109608,"you, we, vers, your, god, christ, nt, our, say, s, sin, gospel, salvat, me, my, whi, jesus, resurrect, let, want, bethlehem, joy, am, will, etern, us, get, lose, faith, stone",0.0263650911251,0.0308004208302,0.4,0.6,0.568122559288,0.665601576967,0.0238704534967,0.015522087511,0.0144313462265,0.00549565801066,0.0232831312665,0.000251709527206,0.0116625414272,0.700318166361,0.614028272257
38,Ghandi_train1,2,10.3941810131,"div, href, class, meta, svg, li, https, td, numlnum, rel, button, id, content, width, numcnum, octicon, viewbox, evenodd, ariahidden, mnum, fillrul, path, arialabel, datagaclick, span, tr, itemprop, numzmnum, height, github",0.00939594482986,0.00518048146197,1.0,0.0,0.174876847291,0.691297208539,0.00207828195359,0.00404110379864,0.0099295693338,0.00300196282185,0.00207828195359,0.000115460108533,0.00519570488396,0.649523447711,0.408121932949
39,PastorAnderson_test1,10,154.3157022,"you, s, re, we, say, nt, go, get, bibl, your, save, me, want, let, talk, vers, know, unto, my, whi, shall, christ, jesus, god, look, lord, ll, thing, sin, don",0.0238750115292,0.0196916695814,0.9,0.1,0.53579329924,0.632152201573,0.0161962054604,0.02448283545,0.0189555589833,0.016864620289,0.0168731897098,0.00108831645157,0.0175844516428,0.699636020882,0.732543792987
40,Bahai_train3,10,10.2946488857,"baha'i, baha'u'llah, abdu'lbaha, you, fear, me, your, hath, my, punish, spank, let, uniti, we, god, imagin, thing, should, p, everyon, —, truth, love, mankind, must, our, faith, realiz, glean, heaven",0.0341969908442,0.0186183352627,0.8,0.2,0.42850579262,0.603543258419,0.00651595744681,0.00718085106383,0.0121010638298,0.0122340425532,0.0148936170213,0.00106382978723,0.00877659574468,0.759424087458,0.610480141465
41,DorothyDay_train3,10,24.4535150528,"we, car, me, you, our, my, prison, love, worker, talk, get, poverti, your, too, know, farm, go, say, christ, pay, i, put, ask, am, thing, tri, want, will, night, prayer",0.0222609361414,0.0265188223124,0.5,0.5,0.518179475516,0.702069542263,0.0209709379128,0.00528401585205,0.0166226332012,0.0149163364157,0.00963232056363,0.00324746807574,0.011393659181,0.703863509494,0.629951516281
42,ISIS_train2,10,32.7768349648,"allah, you, your, wa, faction, sallam, alayhi, sallallāhu, regim, abū, ﻿, jihād, yarmūk, camp, ibn, said, messeng, khilāfah, mujāhidīn, dimashq, syrian, we, my, me, inde, islam, sahwah, dabiq, crusad, aknāf",0.0175270029985,0.023628296541,0.2,0.8,0.536253455063,0.72799105001,0.0045910353993,0.0125246667472,0.00563811364826,0.0186057750393,0.016471346301,0.000322177922758,0.0108332326527,0.738017255377,0.607808432121
43,Shepherd_train3,10,38.6978359222,"you, we, s, don, your, me, my, ask, t, want, get, sin, christ, know, god, ill, said, our, someon, someth, job, thing, love, thank, let, i, encourag, do, everyth, lord",0.0329150849238,0.0235616342695,0.8,0.2,0.404918989281,0.531903089755,0.0202463244324,0.0167374293835,0.0202814133829,0.0121056879189,0.0250885996,0.00431594091021,0.011754798414,0.642136609771,0.615137284655
44,JohnPiper_train4,10,35.3398709297,"you, your, vers, we, god, christ, say, worship, sin, nt, love, s, let, jesus, spirit, me, bless, my, promis, elder, husband, forgiv, perfect, our, want, know, thing, fear, truth, will",0.0313614392827,0.0213744724627,0.9,0.1,0.58097595431,0.684055112092,0.0146332800568,0.021736814065,0.0106908186823,0.00749422837862,0.0216302610549,0.00159829515184,0.0108328893625,0.692898811098,0.673711420433
45,Ghandi_test0,10,64.6730480194,"div, href, class, td, meta, svg, id, li, https, tr, numlnum, button, rel, content, width, numcnum, viewbox, ariahidden, mnum, octicon, fillrul, evenodd, path, arialabel, datagaclick, span, you, lcnum, blobcod, lnum",0.0110160855398,0.00773101457747,0.8,0.2,0.242856072401,0.716827136723,0.00449393944819,0.00678566952536,0.0164360016472,0.00542495479204,0.00384939036399,0.000644549084203,0.00558609206309,0.691882846465,0.671907901267
46,ISIS_test0,10,41.6263611317,"allah, crusad, you, ibn, your, wa, apost, alayhi, ﻿, sallam, sallallāhu, mubāhalah, messeng, plot, abū, me, jihād, my, khilāfah, said, muslim, mujāhidīn, prophet, will, shaykh, we, dabiq, kufr, rāfidah, islam",0.0174631802289,0.0233020069917,0.3,0.7,0.550321330539,0.745469063621,0.00500604757425,0.00876898266362,0.00497244993952,0.0242910899073,0.0213680956861,0.000638355059804,0.0100120951485,0.746255494937,0.693671031918
47,Shepherd_test0,10,36.5341799259,"you, we, your, s, don, me, my, want, get, t, ask, love, preacher, know, talk, ill, christ, said, god, our, bad, bless, i, mom, lord, thing, didn, got, happen, say",0.035453269032,0.0241125014442,1.0,0.0,0.493439661688,0.6321292285,0.0180781636786,0.0172155127147,0.023479108844,0.0102392918761,0.0239666941715,0.00772635211162,0.0109519165854,0.672821056579,0.63018316382
48,PastorAnderson_train3,10,156.599231958,"you, s, re, nt, say, we, bibl, get, your, go, vers, me, unto, know, save, want, let, talk, thing, whi, chapter, my, shall, look, preach, ve, sin, god, ll, tell",0.0281644064914,0.0217498650201,0.9,0.1,0.572101381015,0.666591534514,0.0153093259464,0.0278762696214,0.0201200369344,0.017082179132,0.014838411819,0.000637119113573,0.0182640812558,0.676581589219,0.753329307277
49,Unitarian_train4,10,45.8210442066,"my, we, me, you, our, am, your, sing, s, nt, hurt, i, feel, ask, know, realli, grief, let, say, get, moment, garden, love, fear, talk, too, everyon, rememb, thing, us",0.0268453462582,0.0203415423384,0.8,0.2,0.557141014989,0.686539144591,0.0201012642877,0.00997483552133,0.03156171361,0.0110056695874,0.00818603523027,0.00500257708517,0.0122487341964,0.725955707121,0.740630783212
50,Rabbinic_train4,10,27.1899108887,"we, our, mose, you, synagogu, my, moment, jew, torah, me, want, netanyahu, israel, jewish, keter, know, jewri, your, rabbi, tell, get, ask, ourselv, judaism, god, israelit, diaspora, answer, us, paint",0.0203652016944,0.0163529557217,0.8,0.2,0.571603101628,0.707490368415,0.0276573988411,0.00608657544919,0.00988459852948,0.00730389053903,0.0109558358085,0.000486926035935,0.0124653065199,0.756116158926,0.715075382721
51,NaumanKhan_test1,10,47.8172619343,"you, allah, your, we, know, don't, get, say, talk, me, go, wa, “, my, want, someth, realli, quran, و, thing, happen, our, am, whi, tell, prophet, let, …, na, abraham",0.0192284291529,0.0139631310674,0.9,0.1,0.666743670247,0.772091385102,0.0167310909825,0.0360295390296,0.0179138060347,0.0174522586973,0.0154618358045,0.000923094674898,0.0141060405008,0.612816811794,0.515008234464
52,PastorAnderson_train4,10,160.323224068,"you, s, your, nt, re, say, we, get, go, me, bibl, want, let, know, my, look, vers, preach, talk, tell, thing, save, sin, lot, ve, i, whi, husband, do, someth",0.0235625138532,0.018133620431,0.9,0.1,0.561464118406,0.636505941328,0.0125742779971,0.0332432993975,0.0291377519219,0.0149262414295,0.014843133181,0.00239351755662,0.017818408477,0.734545668786,0.704261154266
53,Shepherd_train4,10,40.7153739929,"you, we, your, me, s, get, my, don, sin, god, want, our, know, t, go, christ, said, thing, i, sure, save, heaven, tell, wisdom, say, ask, hell, ill, do, wrong",0.0331331960719,0.0255233973016,0.7,0.3,0.463765369427,0.596428947814,0.0196834685463,0.0180875116372,0.0248703285011,0.010905705546,0.0231746242851,0.00415613778428,0.0122356696369,0.695028824742,0.630607865877
54,WBC_train3,10,45.0282599926,"shall, you, unto, coven, your, christ, ye, thou, my, god, we, s, me, prophet, hell, belov, wrath, hath, lord, will, thing, thi, sodomit, say, wit, wick, saith, thee, our, glori",0.0258632939317,0.0341615558195,0.3,0.7,0.469939748339,0.569709275878,0.00940833309503,0.012096428265,0.0112671223083,0.0203036975607,0.0207898424319,0.000457548114044,0.00917955903801,0.740377472528,0.691465454664
55,SeaShepherds_train1,10,9.98944807053,"whale, shepherd, we, costa, your, danish, slaughter, me, fish, dolphin, save, rican, illeg, you, vessel, seal, coco, whaler, eat, our, arrest, stop, diminish, turtl, boat, japanes, will, marineland, crew, pilot",0.0202136138251,0.0391540841896,0.2,0.8,0.476863758628,0.550127384777,0.0163463938108,0.00698777140005,0.0103568754679,0.0119790366858,0.000499126528575,0.000124781632144,0.00786124282506,0.724330319855,0.720761625826
56,Unitarian_test0,10,43.4884419441,"we, me, you, my, fear, our, am, get, your, i, know, anger, gay, want, silenc, ask, love, say, unitarian, tell, dont, im, talk, go, angri, whi, us, thing, worth, afraid",0.0261378849339,0.0257178973548,0.7,0.3,0.490251540083,0.64257355814,0.0222357697491,0.00917666688057,0.0276262593852,0.0126419816467,0.00571135211448,0.00548674837964,0.0103959442983,0.691599777853,0.657727635508
57,ISIS_train3,10,49.4697849751,"allah, tandhīm, ibn, you, wa, abū, we, ribāt, prophet, ﻿, me, sallam, alayhi, sallallāhu, jihād, shām, hijrah, emir, “the, ’s, umar, your, messeng, said, rahimahullāh, crusad, waziristan, my, al, yemen",0.0155382744911,0.022386955769,0.2,0.8,0.476754208711,0.71335568394,0.00727730356752,0.00522543226089,0.00714051214708,0.0195611731232,0.0164696870212,0.000820748522653,0.0109980302035,0.78400916505,0.743615826644
58,Unitarian_test1,10,51.241768837,"my, we, me, you, our, want, your, evil, am, depress, love, nt, i, hope, congreg, s, know, say, feel, dont, fig, let, too, tree, everyon, get, rod, think, silenc, talk",0.0295046010009,0.0288253657145,0.6,0.4,0.516070318297,0.657480167949,0.0187517260425,0.0106324219829,0.0306545153273,0.0096106048053,0.010521955261,0.00535763601215,0.0121237227285,0.694462999608,0.696887134102
59,Rabbinic_test1,10,25.5892407894,"we, our, you, rabbi, jew, my, kaplan, “no, me, jewish, your, am, god, moment, ask, know, steinberg, abraham, jewri, mose, synagogu, get, judaism, rememb, tell, us, want, realli, torah, think",0.0205180464499,0.0157786311659,0.8,0.2,0.604562715805,0.743575025589,0.0262099932126,0.00757061556936,0.011382028925,0.00772724899494,0.00965906124367,0.00104422283715,0.013574896883,0.691986255775,0.640387832764
60,JohnPiper_test1,10,33.1582729816,"you, we, christ, god, vers, your, s, say, grace, our, hope, my, nt, exult, wonder, whi, me, faith, barnaba, let, am, sin, gospel, kind, spirit, boast, mose, jesus, shame, save",0.0374509189504,0.0234059511318,0.8,0.2,0.547574972864,0.646238030246,0.0200362861876,0.0156188372643,0.0153427467066,0.00749388656622,0.0196418711052,0.000473298098919,0.0126607241461,0.680756874836,0.635753190719
61,Shepherd_test1,10,41.8113648891,"we, you, my, me, your, s, don, our, get, t, want, ask, ill, let, i, god, christ, thing, know, said, will, lot, didn, lord, love, sermon, thank, go, trust, say",0.0347403740488,0.021637245377,0.9,0.1,0.48120048158,0.59794002229,0.0268781742629,0.0144119781017,0.0292197084625,0.00860761163512,0.0194578194051,0.0056724490469,0.01299386584,0.670249461544,0.65049031924
62,Bahai_train2,10,9.89859890938,"thi, baha'i, thou, abdu'lbaha, prejudic, my, we, baha'u'llah, heal, thee, sick, ye, me, uniti, evil, want, p, our, everyon, cure, opinion, prophet, consent, hath, parent, remedi, tree, kind, heaven, spiritu",0.0393267315507,0.0290310841359,0.8,0.2,0.369837589894,0.527374506439,0.0122675619835,0.00142045454545,0.00710227272727,0.0111053719008,0.00813533057851,0.000903925619835,0.0105888429752,0.740435741096,0.739423219823
63,NaumanKhan_test0,10,64.6013839245,"you, allah, your, we, get, say, me, talk, know, want, nt, don't, ask, thing, my, someth, happen, let, quran, go, tell, surah, na, s, whi, got, re, tri, our, ayah",0.0197817762128,0.0176900337308,0.7,0.3,0.626333305971,0.752517793805,0.015963893184,0.0396380960341,0.0159429980359,0.0214802122947,0.0197250198504,0.00104475740733,0.0163400058506,0.712335880803,0.678383513896
64,NaumanKhan_train2,10,68.8427381516,"you, allah, your, we, know, apo, quot, get, say, me, nt, talk, s, amp, don't, want, my, go, thing, realli, happen, tell, na, guy, fear, got, someth, whi, somebodi, let",0.0200550703977,0.0188977299848,0.8,0.2,0.690327982136,0.796436543379,0.0137272635916,0.0397949954778,0.0199979901517,0.0161591799819,0.0185508994071,0.00176866646568,0.0158175057783,0.629964504057,0.66904366864
65,Bahai_test1,10,9.86680412292,"baha'i, abdu'lbaha, we, baha'u'llah, color, spirit, you, prophet, your, skin, my, god, p, christ, realiti, talk, muhammad, look, divin, our, ye, heaven, thou, soul, uniti, everyon, illumin, promulg, manifest, revel",0.0287965295385,0.021282762357,0.7,0.3,0.416242072926,0.574196261309,0.00989315393748,0.00619970980082,0.00527634876665,0.0117398760058,0.00962933649914,0.00303390054083,0.00751879699248,0.798206489562,0.724544468266
