,groupId,files,timeRun,keywords,perPos,perNeg,perPosDoc,perNegDoc,judgementCount,judgementFrac,avgSD,avgEVC
0,Shepherd_train32,10,16.5951149464,"get, s, want, don, wisdom, god, ill, said, t, think",0.032458696977,0.0211910257607,1.0,0.0,154.4,0.650030226743,0.59869866282,0.606216998239
1,DorothyDay_test8,10,11.549052,"worker, get, room, too, talk, night, street, go, tri, destitut",0.0221081086112,0.019687285275,0.7,0.3,72.2,0.70556328501,0.73260076331,0.820552355105
2,Shepherd_train27,10,16.9397418499,"get, s, don, t, ill, want, christ, god, know, wisdom",0.0318627743153,0.0213928487874,0.7,0.3,154.6,0.631444003169,0.67267198518,0.692128896414
3,Unitarian_train13,10,22.6484119892,"i, unitarian, am, want, say, universalist, s, nt, dont, let",0.0259287694072,0.0184218578541,0.9,0.1,162.9,0.652979189487,0.680043406531,0.552445086157
4,NaumanKhan_train5,10,26.0975580215,"allah, know, nt, talk, say, don't, amp, get, na, go",0.0193122555583,0.0163495635223,0.8,0.2,211.8,0.725215870426,0.651933425951,0.604327602664
5,JohnPiper_train57,9,13.888021946,"christ, vers, god, s, nt, say, jesus, pray, glori, whi",0.0284514512302,0.0227079339734,0.777777777778,0.222222222222,98.3333333333,0.658054280805,0.726965645761,0.726723435288
6,JohnPiper_train26,10,15.8445630074,"god, nt, love, s, say, vers, christ, jesus, pride, get",0.0327762293542,0.0163096610465,0.9,0.1,110.5,0.721087184797,0.732891129557,0.748854326755
7,DorothyDay_train68,10,13.8582439423,"worker, talk, get, too, tri, love, christ, bread, say, ask",0.0276474805883,0.0203084246524,0.9,0.1,82.0,0.765748103805,0.720999929173,0.776696876926
8,WBC_test2,10,17.3269450665,"shall, unto, thou, thee, thi, lord, christ, god, say, hath",0.0226852794617,0.0335587161823,0.0,1.0,87.1,0.567878769814,0.784075613601,0.673596385332
9,Shepherd_train44,10,16.3388531208,"s, don, christ, get, t, know, want, ask, satan, ill",0.0333703764708,0.0205565085815,0.9,0.1,179.2,0.562502244252,0.653776783038,0.742757891506
10,Shepherd_test15,10,17.7880408764,"s, christ, don, god, get, sin, t, grace, want, ill",0.0350407070766,0.0288314625595,0.6,0.4,166.6,0.559865536971,0.676657140486,0.80182020143
11,DorothyDay_test13,10,11.1525559425,"worker, get, talk, hospit, too, am, room, labor, go, tamar",0.0253709130373,0.0221015888843,0.7,0.3,66.7,0.744185522312,0.682424935874,0.668095264094
12,PastorAnderson_test5,10,61.2982389927,"s, get, re, nt, say, go, save, want, bibl, know",0.026873371237,0.0174284064437,0.8,0.2,586.8,0.6589972809,0.751673754454,0.680997127682
13,DorothyDay_test3,10,8.64505386353,"worker, too, room, farm, get, talk, fr, mike, maurin, done",0.0267097622614,0.0189031038761,0.8,0.2,49.6,0.709596156839,0.739198829754,0.804640917521
14,DorothyDay_train29,10,8.75704979897,"worker, christ, love, too, labor, tri, i, say, get, rememb",0.0288920815909,0.0296853606602,0.4,0.6,56.7,0.707329498432,0.768866288726,0.769480184155
15,Unitarian_train25,10,21.6906049252,"garden, obstacl, feel, tell, love, say, get, i, am, silenc",0.0301173052358,0.0211727733895,0.8,0.2,151.0,0.686325770693,0.6666328615,0.578427185696
16,JohnPiper_test8,10,15.008510828,"sin, christ, god, s, vers, coven, nt, glori, say, jesus",0.0289997996614,0.0214747429633,0.8,0.2,108.8,0.68678652329,0.690172758524,0.672057412796
17,DorothyDay_train65,10,9.30841803551,"babi, worker, get, room, bed, go, farm, fr, say, hospit",0.0212788258325,0.0162208610921,0.8,0.2,51.5,0.685095805569,0.719555208758,0.593995519507
18,JohnPiper_train31,10,13.3560009003,"vers, god, christ, gift, exult, s, jesus, say, spirit, glori",0.0298788246288,0.0167440135983,0.8,0.2,102.8,0.65368155704,0.734921778475,0.787672789201
19,WBC_train13,10,18.2438149452,"unto, s, god, shall, christ, thi, lord, sin, thou, pride",0.0287186885603,0.0283918625301,0.7,0.3,83.0,0.584678962166,0.75398571879,0.800344598814
20,DorothyDay_train58,10,13.1714920998,"prison, am, worker, pray, love, too, say, talk, get, i",0.0239949165445,0.0255894635011,0.4,0.6,76.6,0.710116940093,0.748656299486,0.728715911295
21,JohnPiper_test15,10,15.1183469296,"god, vers, s, christ, jesus, say, grace, sin, will, salvat",0.0315707095966,0.0250065934188,0.8,0.2,119.7,0.711586336141,0.711575795586,0.682148541737
22,Shepherd_test9,10,17.2873167992,"know, s, get, want, don, love, thing, god, ask, ill",0.0307002580748,0.0208717968652,0.8,0.2,158.3,0.661067970966,0.606671534472,0.662886298528
23,Shepherd_train59,10,16.6511030197,"s, sin, christ, love, don, get, god, want, grace, prayer",0.0363989327115,0.0255759653249,0.7,0.3,157.0,0.565283896398,0.701152410027,0.68289384759
24,Unitarian_test6,10,22.2888939381,"wound, i, get, am, friendship, know, say, forgiv, feel, let",0.027533512184,0.0237091621866,0.9,0.1,143.6,0.613018310023,0.673012019008,0.627859125198
25,Rabbinic_train16,6,8.72249293327,"rabbi, jew, know, steinberg, ask, tell, get, god, say, want",0.017420379857,0.0218142510599,0.333333333333,0.666666666667,85.1666666667,0.751000169248,0.704516622387,0.73861344247
26,WBC_train29,10,15.6586070061,"shall, unto, hope, lord, s, ye, god, christ, thou, hath",0.0262312201386,0.029068364986,0.3,0.7,76.8,0.599755109115,0.721572799909,0.826471298669
27,JohnPiper_train41,10,14.0594248772,"vers, love, sin, s, god, say, christ, thing, want, repent",0.0326080856167,0.0228595354423,0.8,0.2,97.3,0.660260323276,0.683327082031,0.775408471898
28,DorothyDay_train64,10,9.18144583702,"worker, get, room, labor, pacifist, told, cathol, go, night, maurin",0.0254949309713,0.019310652267,0.8,0.2,52.2,0.701296050567,0.766036600427,0.737178308575
29,DorothyDay_train59,10,14.3462510109,"love, get, worker, too, am, retreat, i, know, prayer, tri",0.0277161531982,0.0168631324218,0.9,0.1,83.9,0.747142143386,0.749204480048,0.721082112214
30,Shepherd_test0,10,15.6147990227,"s, don, get, job, said, t, ill, know, want, talk",0.0333475822942,0.0238633116887,0.8,0.2,156.0,0.600532301723,0.614342410953,0.741232016827
31,WBC_test11,10,18.1224970818,"shall, unto, christ, thou, heaven, ye, say, s, lord, god",0.0244356622536,0.0322427137327,0.5,0.5,92.5,0.599099425432,0.723590101026,0.718973008683
32,WBC_train34,10,16.8534419537,"unto, shall, s, christ, ye, god, thou, sermon, obama, wit",0.0283491284474,0.024946899813,0.5,0.5,78.1,0.60520634233,0.772145381862,0.722723491127
33,Shepherd_train55,10,17.0112009048,"s, pray, ask, christ, thank, don, prayer, god, ill, said",0.0321237421716,0.0228371989446,0.7,0.3,167.1,0.621298243803,0.595166238732,0.679956524929
34,MehrBaba_test1,10,11.90203619,"baba, shri, sakhu, s, love, belov, meher, forget, mind, master",0.0352271947877,0.0170622278923,0.9,0.1,74.4,0.725501728945,0.653574877846,0.605880090122
35,MehrBaba_train20,10,10.575371027,"baba, jan, meher, spiritu, s, mind, master, feel, discipl, want",0.03351848997,0.0236789782898,0.6,0.4,58.4,0.692789840415,0.738288034953,0.812714300537
36,DorothyDay_train27,10,11.8460819721,"obedi, room, get, fr, too, worker, say, want, told, priest",0.0225524812656,0.0173051985769,0.6,0.4,68.2,0.707412797296,0.785359765529,0.750545200109
37,Shepherd_train37,10,17.5846009254,"s, trust, don, get, christ, t, say, thing, go, want",0.0365478981986,0.0194273968035,0.9,0.1,170.3,0.634665971724,0.587845701338,0.567722749045
38,DorothyDay_train36,10,13.6091740131,"worker, fr, room, farm, too, night, morn, go, han, get",0.0246514486309,0.0213922001951,0.8,0.2,69.2,0.707946872568,0.797092492034,0.626539663626
39,Unitarian_train16,10,22.8022751808,"depress, am, dont, unitarian, silenc, congreg, say, thing, fear, i",0.0280218929915,0.0257435593893,0.7,0.3,153.4,0.637656169297,0.67130078543,0.644259610469
40,WBC_test3,10,16.660943985,"shall, unto, christ, belov, sin, s, god, ye, lord, wit",0.024529546613,0.0287896081513,0.4,0.6,80.7,0.565638253548,0.743215595202,0.756932132339
41,Unitarian_test3,10,24.9552140236,"nt, hope, s, i, prison, know, am, feel, tell, get",0.0276114044233,0.0209640204587,0.8,0.2,170.0,0.66908342222,0.661327297268,0.631064232214
42,JohnPiper_test4,10,15.0865120888,"vers, joy, christ, god, hope, s, sabbath, say, exult, nt",0.033797162087,0.016424025307,0.9,0.1,112.3,0.685389903979,0.780324192561,0.622129456496
43,DorothyDay_train47,10,13.2572579384,"worker, hospit, go, i, get, too, talk, tax, tri, priest",0.0284477780892,0.0153036714053,0.9,0.1,65.9,0.668255040957,0.729490142947,0.715558763927
44,WBC_train31,10,17.2882008553,"shall, unto, sin, thou, s, lord, god, ye, thi, christ",0.023731566954,0.0324327447638,0.2,0.8,87.9,0.592342077425,0.753478535391,0.737915634383
45,DorothyDay_train63,10,12.2238881588,"worker, farm, labor, get, christ, peter, talk, room, too, poverti",0.0207008222163,0.0230938020459,0.6,0.4,71.9,0.72645504235,0.729430575816,0.675532744702
46,DorothyDay_train56,10,13.386469841,"get, too, go, babi, tri, talk, farm, love, worker, say",0.0245263879362,0.0221768999212,0.6,0.4,83.2,0.726624811728,0.796457996559,0.613633042615
47,DorothyDay_train72,10,9.58100605011,"worker, get, room, labor, farm, too, night, love, i, cathol",0.0254361003788,0.0207900656507,0.7,0.3,52.8,0.69229031488,0.679465179769,0.688593489868
48,Shepherd_test10,10,13.7278091908,"christ, s, god, prais, get, spirit, sin, say, ask, bless",0.0337289010239,0.0218506752194,0.9,0.1,133.3,0.627563774327,0.610023211366,0.81643012068
49,PastorAnderson_train8,10,52.2633121014,"s, re, say, nt, get, go, bibl, let, don, know",0.0262149291316,0.0209221540566,0.7,0.3,557.6,0.644013979048,0.715052258107,0.855904392528
50,PastorAnderson_train15,10,58.5807240009,"s, re, say, nt, bibl, get, go, vers, know, want",0.0259827229047,0.0201629953376,0.7,0.3,607.1,0.641066255725,0.747474023148,0.687241992783
51,DorothyDay_test23,10,12.5574359894,"get, worker, too, tri, love, want, room, talk, ask, go",0.0242644547015,0.0210090687718,0.5,0.5,73.4,0.674439342374,0.752865428697,0.769835161498
52,Unitarian_train9,10,20.3709759712,"s, forgiv, nt, justic, love, i, let, know, am, say",0.028278219605,0.0232362283118,0.8,0.2,134.4,0.679965809329,0.629337911233,0.570293377131
53,MehrBaba_train16,10,13.4877269268,"baba, s, plane, master, conscious, mind, sanskara, spiritu, love, meher",0.0342516814917,0.0152003619812,0.9,0.1,68.4,0.72028835035,0.766083149335,0.711070574735
54,DorothyDay_test16,10,13.2317781448,"get, worker, too, talk, room, bed, street, teresa, want, night",0.0249609409077,0.0190063416873,0.8,0.2,81.0,0.727240060051,0.725841775595,0.685590666424
55,Shepherd_train30,10,15.4554688931,"rememb, s, wisdom, get, preach, love, don, say, ask, christ",0.0348617873382,0.0239651856127,0.7,0.3,147.1,0.646017473557,0.592277764715,0.673188756734
56,DorothyDay_test6,10,14.3652029037,"worker, too, get, talk, hour, night, room, go, i, strike",0.0227665748921,0.0183229955132,0.7,0.3,80.8,0.660285087271,0.748044395555,0.672985648578
57,Unitarian_train11,10,25.2013421059,"love, i, feel, s, ourselv, let, too, compass, am, know",0.030801999315,0.0185305743161,1.0,0.0,171.8,0.684575548859,0.641865346598,0.498064038005
58,Unitarian_test4,10,17.462321043,"am, get, know, luck, i, realli, say, dont, frustrat, want",0.0294230842136,0.0211389891333,0.9,0.1,122.3,0.663574870129,0.638090729546,0.589222153573
59,JohnPiper_train51,10,14.1352038383,"vers, god, say, s, christ, nt, glori, sin, let, thing",0.0276647769684,0.0247481132589,0.6,0.4,105.2,0.713184516817,0.759005444163,0.7762536682
60,JohnPiper_train28,10,14.5643119812,"vers, god, sin, s, say, christ, nt, bless, worship, spirit",0.0350000465874,0.0232270888151,0.7,0.3,99.5,0.7090329924,0.702485352349,0.709608683162
61,Shepherd_train57,10,16.7839801311,"s, don, christ, want, sin, t, ill, said, ask, thing",0.031389266471,0.0209181402251,0.8,0.2,166.0,0.556250802264,0.586458175989,0.648801169715
62,WBC_train27,10,15.8085718155,"shall, unto, ye, sin, god, thou, job, lord, thi, let",0.0300509036171,0.0312668963242,0.5,0.5,86.1,0.60609237952,0.75568252835,0.765332932741
63,Shepherd_train42,10,16.7549390793,"s, don, sin, devil, get, t, said, want, ask, ill",0.0277085749482,0.0242899667012,0.6,0.4,163.8,0.547502364872,0.59630003425,0.406972966904
64,Rabbinic_test5,10,13.2857811451,"jew, judaism, moment, jewish, rabbi, know, jewri, ask, don't, synagogu",0.0223212715597,0.0136185570549,0.9,0.1,82.6,0.781200851349,0.698398149538,0.755198792256
65,DorothyDay_test11,10,12.2640628815,"get, worker, talk, poverti, am, room, pray, ask, farm, maurin",0.0228265641118,0.0181658390216,0.6,0.4,69.5,0.70860958229,0.71442778875,0.81056908115
66,WBC_train36,10,20.0413928032,"christ, shall, s, sin, ye, unto, spirit, love, god, lord",0.0312252604886,0.0275176084787,0.8,0.2,105.9,0.670401801292,0.780601553285,0.702014433001
67,DorothyDay_test1,10,12.8555140495,"worker, get, room, tri, poverti, peter, too, farm, priest, want",0.0275699157325,0.0194608152848,0.9,0.1,88.0,0.772784077105,0.719693767653,0.735104532342
68,Unitarian_train18,10,24.1087470055,"love, say, courag, nt, know, let, s, am, i, feel",0.0308296976946,0.0223289851737,0.8,0.2,149.4,0.698959572983,0.657805164496,0.555273496891
69,Unitarian_train23,10,19.4647390842,"love, step, want, know, say, get, hope, s, wonder, i",0.0291817201204,0.0211664510959,0.8,0.2,150.5,0.665587638864,0.672407103721,0.699221776934
70,WBC_train25,10,17.6498410702,"unto, shall, satan, s, thou, thee, god, lord, ye, say",0.023071739388,0.031134566086,0.1,0.9,93.4,0.590666155046,0.722311517225,0.694902165422
71,Shepherd_train70,10,16.2948219776,"s, christ, worship, walk, know, don, ask, get, ill, god",0.0318595847428,0.0204599379937,0.8,0.2,163.8,0.613783220676,0.627548769316,0.48835712682
72,WBC_train15,10,18.1491770744,"shall, unto, thou, god, lord, thi, ye, s, wait, afflict",0.0263473760384,0.0244276375853,0.6,0.4,101.5,0.643658176424,0.682595052903,0.68941242988
73,JohnPiper_train19,10,16.1593799591,"vers, sin, hope, god, s, say, abraham, christ, walk, faith",0.0322094954291,0.028805441347,0.5,0.5,122.6,0.656156558023,0.671403817256,0.591551192058
74,JohnPiper_test13,10,14.689399004,"vers, god, spirit, christ, s, say, gospel, nt, hope, judgment",0.0269228565081,0.01852813934,0.9,0.1,116.3,0.672586185042,0.731085710582,0.601121683226
75,DorothyDay_test18,10,15.0267260075,"worker, love, get, too, i, am, go, ask, talk, say",0.0291179391635,0.0186672073938,1.0,0.0,92.3,0.723438646607,0.753633943318,0.72922000015
76,PastorAnderson_train19,10,57.5382359028,"s, re, nt, say, get, go, want, bibl, know, let",0.0269741893095,0.0183881499297,0.8,0.2,554.9,0.697498692671,0.714486316285,0.837253574023
77,NaumanKhan_test0,10,21.9112939835,"allah, nt, get, know, say, talk, quran, s, want, go",0.0198604719978,0.0136390802864,0.8,0.2,181.3,0.701209002784,0.748812696789,0.56647044261
78,Unitarian_test5,10,19.5983991623,"am, want, sing, i, feel, love, let, say, too, know",0.0285422958629,0.0192027777911,0.8,0.2,150.1,0.633757032257,0.715875568244,0.642057962827
79,DorothyDay_train33,10,8.8747279644,"worker, get, say, priest, love, fr, farm, duffi, christ, maurin",0.0264748000308,0.0239844132994,0.6,0.4,55.6,0.732877028095,0.708190521555,0.701663199772
80,Rabbinic_train10,10,10.5847120285,"jacob, rabbi, steinberg, jewri, am, jewish, synagogu, god, isaac, plagu",0.0213595718103,0.0183317597666,0.7,0.3,57.0,0.75029245675,0.747166931027,0.681871764906
81,WBC_test6,10,16.6103320122,"shall, unto, thou, heaven, ye, lord, thee, god, christ, s",0.0266090766999,0.0235366820276,0.6,0.4,76.2,0.543429107576,0.710592772345,0.756791630479
82,JohnPiper_train47,10,12.1451869011,"vers, s, abid, say, prayer, elder, christ, jesus, thing, god",0.0285393620134,0.0246937143633,0.6,0.4,90.4,0.663715935205,0.738332117834,0.726857178649
83,DorothyDay_train42,10,12.983880043,"love, get, negro, room, tri, babi, too, talk, go, worker",0.0306841252077,0.0210057552137,0.8,0.2,85.5,0.719464230836,0.794767556601,0.722857545097
84,DorothyDay_train66,10,12.696532011,"get, worker, too, say, go, tri, talk, fear, negro, hospit",0.0261477983806,0.018868464212,0.8,0.2,76.5,0.709311609159,0.839090440315,0.46296506692
85,Shepherd_train66,10,16.8315150738,"s, sin, pray, get, don, want, judg, let, t, god",0.0322423484427,0.0262286489823,0.6,0.4,177.4,0.579266939545,0.602880221691,0.672831776682
86,DorothyDay_train77,4,6.05528283119,"peter, room, moscow, love, grave, talk, tri, farm, lenin, meant",0.0288869649416,0.0186804611969,1.0,0.0,83.75,0.816739665038,0.688211869922,0.646385284934
87,Shepherd_test20,10,15.5495100021,"s, christ, get, want, sin, ask, pray, commit, god, don",0.0274984025031,0.024971345865,0.5,0.5,147.9,0.60482512383,0.661910255132,0.679431125084
88,Shepherd_test6,10,16.3040020466,"s, get, sin, god, don, know, want, t, ill, lord",0.0294889766631,0.0229973579717,0.5,0.5,163.0,0.622745557114,0.562558076701,0.662840821868
89,PastorAnderson_train12,10,51.4511451721,"s, re, nt, say, get, go, want, bibl, know, vers",0.0249052118399,0.0210459137296,0.8,0.2,564.9,0.675878008778,0.711605066847,0.599050061358
90,MehrBaba_test3,10,12.5365312099,"baba, conscious, sanskara, meher, master, ask, s, discipl, spiritu, soul",0.028073097661,0.0146109631275,0.9,0.1,82.2,0.713139790567,0.764263385762,0.737783887779
91,MehrBaba_train26,5,4.42178988457,"baba, s, dionysus, jubbulpor, conscious, master, spiritu, mandla, devote, spirit",0.0303014727955,0.0140117723825,0.8,0.2,37.2,0.740788528894,0.765729181316,0.810339734342
92,JohnPiper_train22,10,15.1716301441,"vers, christ, spirit, god, s, say, sin, jesus, hope, love",0.0347500419772,0.0181380781201,0.8,0.2,107.6,0.646808501141,0.694735277615,0.729665713037
93,PastorAnderson_train21,10,52.76177001,"s, re, nt, say, bibl, get, go, unto, talk, sin",0.022621823113,0.0247033039465,0.6,0.4,561.0,0.6810494684,0.756399816627,0.709262255216
94,Shepherd_train35,10,16.0314509869,"s, love, get, want, don, god, ill, t, said, ask",0.0376763947899,0.0228177318465,0.8,0.2,167.4,0.62097715735,0.613494883887,0.756840939822
95,DorothyDay_train34,10,15.5968220234,"worker, get, go, room, too, labor, max, priest, tri, am",0.0251209375245,0.0222656553658,0.7,0.3,95.8,0.705110426133,0.779810145463,0.681231265119
96,Shepherd_train24,10,17.1722550392,"s, christ, get, don, ask, t, ill, want, heaven, said",0.0335867404586,0.0203549897462,0.8,0.2,174.7,0.555195376652,0.634510912206,0.6842476061
97,Unitarian_train14,10,15.3223419189,"rememb, moment, ask, am, nt, silenc, know, wonder, love, i",0.0298834662941,0.0220236797132,0.8,0.2,108.4,0.620241673783,0.704972662951,0.715211030579
98,WBC_test1,10,16.6060609818,"shall, unto, sin, ye, god, thi, thou, job, lord, s",0.0237750352168,0.030351597394,0.3,0.7,86.5,0.622445490359,0.694087032941,0.853660322903
99,NaumanKhan_train6,10,25.922576189,"allah, don't, say, know, get, quot, apo, go, want, someth",0.021426375717,0.0174187497808,0.6,0.4,185.6,0.744303877053,0.682856396852,0.644737326624
100,Rabbinic_train7,10,11.1320621967,"rabbi, jewish, israel, torah, birthright, ask, know, adam, eve, moment",0.0217609344987,0.0203924523524,0.6,0.4,58.9,0.723729928774,0.747084903869,0.666840655245
101,JohnPiper_train48,10,13.7546548843,"vers, god, righteous, christ, s, say, gospel, sin, nt, jesus",0.0329297705469,0.0198072327244,0.8,0.2,104.1,0.667495688368,0.672240609852,0.569687177853
102,JohnPiper_train54,10,14.9928181171,"vers, god, love, s, say, glori, promis, jesus, nt, let",0.0328547693899,0.0191626254332,0.8,0.2,110.8,0.68926554214,0.7091779383,0.543534604857
103,JohnPiper_test2,10,15.4542329311,"vers, god, say, s, nt, christ, let, jesus, salvat, worship",0.028572996327,0.0206823331421,0.8,0.2,110.7,0.707654246186,0.722997270968,0.6545400984
104,DorothyDay_train45,10,15.8533959389,"get, worker, too, say, labor, fr, talk, room, go, farm",0.0240093468205,0.0258842752763,0.6,0.4,91.6,0.651467887706,0.759608204785,0.721923685023
105,JohnPiper_train25,10,14.3296420574,"coven, god, vers, sin, s, christ, say, jesus, job, husband",0.0244759999039,0.0253341730656,0.5,0.5,97.6,0.704082955596,0.709507060347,0.803162738512
106,Shepherd_train50,10,15.8361730576,"s, get, don, t, christ, want, know, pray, god, didn",0.0339608230024,0.0230794887635,0.8,0.2,167.7,0.607055834266,0.62512239588,0.663417224508
107,Shepherd_train72,8,12.5331828594,"s, christ, sin, god, get, ask, want, said, ill, say",0.034016029654,0.0252002757038,0.875,0.125,156.75,0.639537593325,0.596022073826,0.697557734949
108,DorothyDay_train50,10,9.01143789291,"get, worker, feel, job, reader, room, bread, girl, too, tri",0.0231906633586,0.0204966110324,0.7,0.3,58.1,0.699194251372,0.707599577343,0.59228562058
109,DorothyDay_train70,10,11.4961299896,"worker, get, love, sin, priest, ammon, labor, retreat, say, christ",0.0254069675538,0.023901876108,0.6,0.4,74.1,0.69649512335,0.732193790406,0.72429624506
110,DorothyDay_train71,10,14.301571846,"fr, get, prayer, retreat, too, talk, fear, go, worker, priest",0.025663393039,0.0215026674193,0.8,0.2,82.6,0.740870510898,0.808797433132,0.787513074657
111,Rabbinic_test2,10,10.8931281567,"mose, know, synagogu, ritual, ask, want, ghetto, answer, moment, menorah",0.0219943449742,0.018307712538,0.7,0.3,65.6,0.74328194212,0.739682638335,0.6779059663
112,WBC_train19,10,20.5199739933,"unto, shall, thi, thou, s, ye, god, lord, thee, sin",0.0251294446804,0.0261635318353,0.5,0.5,109.3,0.657535783033,0.725241311231,0.510788564791
113,Shepherd_test16,10,15.448168993,"love, s, get, want, thing, don, say, t, god, ill",0.0407916160879,0.0256298287959,0.8,0.2,158.1,0.588929986498,0.613855263592,0.560148733825
114,DorothyDay_test21,10,12.1069719791,"worker, get, want, mike, love, too, i, talk, priest, am",0.0280936160309,0.0207328642928,0.8,0.2,76.2,0.788127701609,0.728955671268,0.762232249374
115,MehrBaba_train14,10,8.79574489594,"desir, baba, conscious, finit, spiritu, selfish, want, mental, divin, individu",0.0292661470417,0.0246539829419,0.7,0.3,47.9,0.68279705344,0.77307178874,0.378649505157
116,MehrBaba_test8,10,11.0533099174,"baba, tajuddin, love, meher, miracl, master, spiritu, shri, perfect, s",0.0355676543352,0.0186611344512,0.8,0.2,54.4,0.686823109812,0.746131423156,0.656445348726
117,DorothyDay_test14,10,9.60078501701,"worker, ammon, get, go, priest, labor, hour, wage, dont, too",0.0231799144598,0.0202359063197,0.5,0.5,54.9,0.695069223692,0.697687604831,0.663281916163
118,DorothyDay_test4,10,8.25967502594,"worker, farm, tell, too, room, feel, talk, get, fr, maurin",0.0221046510561,0.0221884313384,0.5,0.5,46.8,0.634764972866,0.698595979312,0.680408624466
119,Shepherd_train23,10,16.1888160706,"s, don, ask, t, get, ill, want, christ, said, lord",0.0332481161144,0.0237769599411,0.8,0.2,160.9,0.608917201369,0.663783108257,0.643876412197
120,NaumanKhan_test1,10,18.6512770653,"allah, quran, know, say, amp, get, someth, apo, don't, nt",0.0186579985882,0.0168110836351,0.8,0.2,152.3,0.755875056318,0.651166165923,0.560784748063
121,JohnPiper_train53,10,15.2120518684,"christ, vers, s, love, promis, god, grace, say, hope, nt",0.0411903257849,0.0160850975703,0.9,0.1,101.0,0.68363579492,0.666593674386,0.63536032748
122,WBC_train38,10,17.8788998127,"shall, unto, ye, s, god, lord, belov, thou, nt, christ",0.0230476193088,0.0256371729775,0.4,0.6,85.8,0.595911007352,0.69824017559,0.784585258406
123,JohnPiper_train32,10,13.0886271,"vers, god, s, say, jesus, nt, etern, love, whi, christ",0.0283702764807,0.0179248585255,0.8,0.2,108.8,0.706503373582,0.711326600998,0.790321526045
124,NaumanKhan_train3,10,26.9079630375,"allah, say, quran, get, know, nt, talk, want, na, thing",0.0219342510227,0.0181570498279,0.7,0.3,254.5,0.628749845739,0.642254405585,0.602839772549
125,Shepherd_test19,10,15.689852953,"s, sin, christ, god, don, ask, get, someon, faith, know",0.0332700613566,0.024124695019,0.8,0.2,160.1,0.631787477475,0.623479880615,0.485434055965
126,WBC_train23,10,16.2704868317,"shall, unto, thou, ye, hath, christ, god, grace, s, lord",0.0292246299466,0.0250517444422,0.6,0.4,88.0,0.628381313404,0.687315136347,0.734273580357
127,PastorAnderson_test1,10,53.9055669308,"s, re, nt, say, get, go, bibl, unto, want, preach",0.0242573118503,0.0176827059371,1.0,0.0,563.7,0.689907680189,0.706712446707,0.766189174877
128,WBC_train32,10,17.7254040241,"repent, shall, unto, sin, christ, preach, god, s, thou, ye",0.0246238270134,0.0304005985334,0.3,0.7,93.9,0.595944767776,0.720108916795,0.631424187819
129,Rabbinic_train9,10,11.6941618919,"jew, jewish, mose, isra, evil, ask, rabbi, israel, know, answer",0.0205735516056,0.0169578648734,0.8,0.2,66.2,0.746241681487,0.728146898763,0.799179413914
130,Unitarian_train21,10,18.705119133,"am, know, bread, get, hope, i, s, dont, want, ask",0.0274939107548,0.025107606138,0.8,0.2,132.6,0.652797004873,0.680953135227,0.6697189688
131,DorothyDay_train38,10,13.4311289787,"too, worker, poverti, fr, talk, get, love, say, tri, room",0.0265097637027,0.0200617413692,0.9,0.1,81.6,0.708479791323,0.714559085609,0.557260614558
132,JohnPiper_train35,10,14.0722329617,"god, vers, christ, love, s, spirit, say, nt, want, hope",0.0330853071216,0.0234509736313,0.8,0.2,101.0,0.667894705978,0.724821769848,0.634664291261
133,WBC_train17,10,17.4648621082,"shall, thi, unto, ye, thou, joy, lord, sermon, god, christ",0.0308761551363,0.024787131484,0.6,0.4,92.6,0.614293535035,0.680200139395,0.723779746375
134,DorothyDay_train49,10,8.79274606705,"worker, hutterit, get, am, too, room, visit, go, farm, morn",0.0253559413408,0.0190360675797,0.8,0.2,58.4,0.719826554111,0.730623097367,0.767771701505
135,Shepherd_train61,10,15.4308218956,"s, love, christ, get, don, know, said, friend, ill, ask",0.0352018376373,0.0221519580523,0.8,0.2,154.3,0.578726762855,0.587832800863,0.569029495377
136,JohnPiper_test11,10,12.0925998688,"god, save, nt, vers, s, say, abort, jesus, christ, let",0.0288822306035,0.0228765115984,0.7,0.3,96.9,0.66172214518,0.645086735436,0.796398727614
137,WBC_test12,10,17.8495941162,"shall, unto, crook, god, ye, christ, thi, thing, s, heaven",0.0326947507574,0.0239344884369,0.8,0.2,95.3,0.599174733649,0.740110903554,0.799405543743
138,MehrBaba_train18,10,8.73843812943,"baba, spiritu, master, realiz, meher, imperson, s, bahinabai, feel, discipl",0.0331912777607,0.0142473630358,1.0,0.0,48.2,0.751192019946,0.770795335388,0.655953594548
139,MehrBaba_test4,10,13.0741398335,"baba, love, meher, s, sanskara, master, self, desir, conscious, want",0.0365159735766,0.0165611618475,0.9,0.1,66.7,0.615955652736,0.760613212486,0.562526371782
140,MehrBaba_train23,10,8.60367393494,"baba, master, shri, discipl, spiritu, meher, get, love, perfect, divin",0.0379025041593,0.0153604791718,1.0,0.0,45.1,0.704565605921,0.695390333631,0.662724759564
141,DorothyDay_train24,10,14.1082999706,"get, worker, room, too, priest, jack, talk, tri, go, hospit",0.0248185542245,0.0206168116061,0.9,0.1,85.9,0.716286082687,0.7410471191,0.766794327821
142,DorothyDay_train31,10,9.8658850193,"worker, tri, strike, simon, talk, get, go, want, too, maurin",0.0274528782409,0.0210820542542,0.7,0.3,57.6,0.618245418216,0.705884640156,0.737070016045
143,Rabbinic_train12,10,12.0895190239,"rabbi, bibl, dew, truth, know, jewish, realli, mose, am, rabin",0.0193184197475,0.0183756791956,0.6,0.4,65.8,0.747326595119,0.694208369024,0.659459183716
144,WBC_test4,10,16.4303359985,"unto, shall, god, s, lord, belov, sermon, let, thing, ye",0.0252816697047,0.024185202207,0.6,0.4,87.5,0.554441320959,0.733484843459,0.820678399999
145,JohnPiper_train45,10,14.9000599384,"god, vers, s, say, let, bless, abid, know, spirit, jesus",0.027256204827,0.0144710960474,0.9,0.1,110.4,0.739067019229,0.665637112104,0.679485559848
146,JohnPiper_test7,10,12.4616959095,"christ, glori, vers, god, grace, desir, s, say, nt, husband",0.031718144389,0.021452228882,0.7,0.3,100.9,0.701313255098,0.660580573929,0.752901334728
147,DorothyDay_train40,10,10.4251129627,"priest, worker, get, prayer, too, pray, talk, i, bishop, room",0.0271793887121,0.0181184014837,0.8,0.2,62.4,0.739109873306,0.743679927812,0.71780620353
148,DorothyDay_train60,10,11.8407080173,"get, worker, love, done, too, talk, christ, poverti, pray, let",0.0276954911297,0.0215230801958,0.9,0.1,75.3,0.72523560132,0.760630820853,0.752196141048
149,DorothyDay_train55,10,9.09216809273,"get, tri, tree, worker, fr, love, too, room, mroconnel, cloth",0.0262026954545,0.017505685753,0.8,0.2,51.5,0.697431469359,0.750804487405,0.550227602266
150,DorothyDay_train75,10,9.30804395676,"love, helen, worker, retreat, say, too, get, talk, fr, street",0.0287589674408,0.0229509666744,0.6,0.4,54.1,0.679186546951,0.706230008311,0.650607496972
151,WBC_train26,10,17.4835021496,"shall, unto, ye, christ, heaven, god, lord, angel, thi, thing",0.0292786749562,0.0254055530854,0.4,0.6,88.1,0.636398928143,0.745363864094,0.759257889503
152,JohnPiper_train33,10,14.4333920479,"christ, sin, vers, god, say, s, nt, let, pray, jesus",0.0310736133985,0.0275368213172,0.7,0.3,112.8,0.69717534464,0.712272930021,0.716031688066
153,PastorAnderson_train7,10,53.1656429768,"s, re, nt, say, get, go, bibl, vers, want, let",0.0257489393381,0.0154217859896,0.8,0.2,584.1,0.690337611193,0.722378598019,0.883504578673
154,PastorAnderson_train10,10,58.6403150558,"s, nt, re, say, go, get, bibl, want, know, talk",0.0237461763413,0.0210544460903,0.6,0.4,618.4,0.688596467276,0.68616330085,0.679005324856
155,MehrBaba_train13,10,10.2319049835,"baba, love, meher, nt, s, master, self, belov, conscious, perfect",0.0418058996895,0.0147143085155,1.0,0.0,71.3,0.686432272208,0.746899267126,0.755838775969
156,MehrBaba_train24,10,11.8498620987,"baba, meher, mind, spiritu, joy, love, master, nt, want, ask",0.0315959184597,0.0207010886112,0.8,0.2,73.8,0.71697084132,0.768199012427,0.822426891965
157,Shepherd_train33,10,14.5390019417,"s, pray, christ, get, prayer, jesus, ask, grace, god, let",0.0360639446589,0.0179328932501,1.0,0.0,144.5,0.653692884504,0.638109753645,0.674057331068
158,Shepherd_train26,10,14.6717529297,"s, sin, christ, preach, don, want, god, get, love, whi",0.0318949390984,0.0221872634533,0.7,0.3,141.7,0.625349535537,0.61759279567,0.683524884854
159,Unitarian_train12,10,23.7233059406,"fear, evil, am, resist, wonder, say, know, get, let, i",0.0283876162993,0.0252423358477,0.8,0.2,158.0,0.619024057137,0.699468524708,0.737500711591
160,Unitarian_test7,10,16.1280531883,"nt, guilt, feel, s, love, bless, let, get, homeless, i",0.0337779879668,0.0269159616832,0.7,0.3,116.3,0.724105752562,0.684830745044,0.570217468754
161,JohnPiper_train56,10,15.0671081543,"vers, god, sin, s, salvat, say, prayer, nt, gospel, will",0.0305134029402,0.0187151479705,0.9,0.1,112.3,0.690994818361,0.698046763276,0.711303653457
162,JohnPiper_test0,10,14.9133119583,"merci, vers, god, s, spirit, nt, hope, love, jesus, say",0.0288469994486,0.0170864746669,0.9,0.1,105.9,0.692428005903,0.733735333181,0.654570622161
163,WBC_train35,10,17.1968340874,"shall, unto, lord, ye, thi, christ, thou, s, god, belov",0.0259073535763,0.0267622683976,0.4,0.6,87.8,0.585209769553,0.71025181059,0.807612021515
164,Shepherd_train52,10,15.2162299156,"s, christ, don, get, know, pray, god, ask, t, ill",0.0306950920821,0.0222008517879,0.7,0.3,148.6,0.616918460453,0.591844513958,0.694609755165
165,DorothyDay_train52,10,10.7964379787,"labor, worker, get, talk, room, fr, i, tri, go, love",0.0282529024138,0.0220338918245,0.6,0.4,63.1,0.688124863667,0.693900156134,0.681246420353
166,Shepherd_train47,10,16.1896429062,"s, don, get, pray, want, t, know, said, ill, ask",0.0286334753647,0.020327011008,0.9,0.1,170.3,0.60114938403,0.634827481183,0.68142986825
167,Rabbinic_test0,10,12.4028449059,"synagogu, prayer, jew, know, jewish, torah, rabbi, jewri, mose, moment",0.0228211506362,0.0190081821202,0.7,0.3,71.1,0.742284648054,0.732355463975,0.727833773998
168,Shepherd_train68,10,16.4853150845,"s, love, don, preach, want, t, get, know, ask, christ",0.0329819421307,0.0201956157788,0.9,0.1,168.9,0.583662158355,0.619145337901,0.573330694162
169,Shepherd_test14,10,17.6772708893,"s, know, christ, ill, ask, god, get, fear, sin, want",0.027840188459,0.0275326481263,0.4,0.6,165.3,0.647762148878,0.635731669464,0.614750800131
170,DorothyDay_test12,10,12.6400039196,"car, too, worker, get, i, go, fr, farm, night, prison",0.0250282322195,0.0204707408267,0.7,0.3,83.5,0.783357518156,0.778063956768,0.777846420227
171,PastorAnderson_test4,10,59.8795318604,"s, re, say, nt, go, get, bibl, vers, let, know",0.0268260926798,0.0206601758619,0.8,0.2,616.9,0.633342833118,0.73937635021,0.696374769944
172,DorothyDay_test2,10,12.1508579254,"worker, get, farm, am, christ, too, love, i, talk, prison",0.0258586351781,0.0180587565299,0.9,0.1,63.8,0.717173470872,0.763408783752,0.717915244908
173,DorothyDay_train28,10,7.41169404984,"love, worker, retreat, get, fr, christ, tri, farm, go, hospit",0.0281812991524,0.021489000498,0.7,0.3,47.6,0.647445049153,0.764194998232,0.665945940963
174,Unitarian_train26,10,22.8914620876,"say, i, am, listen, nt, told, cloth, silenc, too, s",0.0274327938641,0.0183182064751,0.9,0.1,155.4,0.621040094809,0.65809916716,0.539819753092
175,JohnPiper_test9,10,14.830231905,"god, christ, vers, s, say, jesus, sin, forgiv, promis, love",0.02840325303,0.0210722374461,0.8,0.2,102.6,0.671487275248,0.752772372575,0.703515921956
176,WBC_train22,10,15.2323129177,"unto, shall, ye, s, god, sin, thou, ie, lord, wit",0.0215908006905,0.02736693886,0.5,0.5,76.9,0.555713236003,0.792907576255,0.756137345903
177,Shepherd_test4,10,16.2250630856,"s, get, don, grace, sin, christ, preacher, preach, god, pray",0.0382190623117,0.0236691083772,0.8,0.2,164.9,0.612255261692,0.62340469263,0.733759608408
178,JohnPiper_test16,10,14.0707161427,"vers, god, s, love, hope, say, nt, grace, faith, christ",0.0423837982176,0.0234047864743,0.8,0.2,116.9,0.703188907253,0.670571969352,0.668932430786
179,Shepherd_test8,10,15.9356908798,"s, sin, god, christ, don, better, bad, evil, mind, want",0.0341792044699,0.0240097773127,0.7,0.3,154.1,0.619710426885,0.638053906736,0.589327313331
180,PastorAnderson_test3,10,53.9703199863,"s, re, nt, say, get, go, bibl, vers, want, sin",0.0277731611413,0.0183081393846,0.9,0.1,517.3,0.704548733942,0.700118623268,0.838158778989
181,Rabbinic_train15,10,9.73349189758,"rabbi, cave, trial, bar, yochai, yizkor, know, moment, rememb, rebecca",0.0230324256785,0.0156919022269,0.9,0.1,55.8,0.774227678712,0.688190741115,0.631964869636
182,WBC_train41,9,16.0858879089,"shall, unto, christ, thou, ye, bless, say, curs, s, sin",0.0284523331012,0.0291253352252,0.444444444444,0.555555555556,83.5555555556,0.527237744249,0.751812496183,0.851079495264
183,NaumanKhan_train8,4,17.0431101322,"allah, say, wa, get, want, quran, ayah, talk, someth, know",0.0238239626358,0.0132436577943,0.75,0.25,422.25,0.757717793462,0.66008343262,0.605983203266
184,JohnPiper_train42,10,16.2669548988,"glori, god, wisdom, hope, sin, say, s, vers, nt, christ",0.0330465305509,0.0176693771937,0.9,0.1,114.7,0.670798477998,0.752022916966,0.653593793077
185,Shepherd_train63,10,17.3578519821,"s, get, pray, preacher, god, ill, christ, ask, said, know",0.0297749066397,0.0183307795598,0.9,0.1,150.8,0.623769567225,0.595819982056,0.559677293107
186,Shepherd_test3,10,15.4886801243,"s, thank, christ, pray, sin, don, ask, preach, preacher, hope",0.0365866621085,0.0181841478872,0.9,0.1,161.9,0.643903202302,0.612644489957,0.580220555697
187,WBC_test10,10,15.0848250389,"shall, unto, fear, god, sin, thou, lord, s, christ, wit",0.0266316897336,0.0283688980094,0.3,0.7,72.4,0.582269732747,0.734926191757,0.770867875451
188,MehrBaba_test6,10,10.6324868202,"baba, imperson, realiz, meher, love, mind, pure, s, want, feel",0.0333375937949,0.0125431710272,0.9,0.1,90.3,0.740121143003,0.701626630555,0.692159119277
189,MehrBaba_train21,10,9.7277200222,"baba, nt, s, love, sufi, spiritu, master, spirit, infinit, want",0.0342285539181,0.0202271580776,0.9,0.1,60.3,0.709582950432,0.765011877788,0.731904053274
190,PastorAnderson_train22,8,42.8738129139,"s, nt, re, say, bibl, get, go, want, let, thing",0.0204557958759,0.0170697667865,0.75,0.25,548.625,0.729457130951,0.740798658836,0.610300081127
191,DorothyDay_train26,10,12.1929500103,"worker, prison, tri, too, farm, girl, labor, love, get, say",0.0287500444622,0.0221376460534,0.9,0.1,76.1,0.747974668141,0.722402832804,0.665214912887
192,Shepherd_train38,10,17.2753531933,"s, get, don, want, t, god, said, ill, happi, ask",0.0301674609514,0.0223935468403,0.7,0.3,185.0,0.573365995257,0.628731890244,0.77911777787
193,DorothyDay_train37,10,9.70932888985,"worker, fr, labor, room, get, ammon, meet, farm, talk, visit",0.0252287480568,0.0170715601011,0.7,0.3,52.0,0.711013329788,0.734860564439,0.706646482079
194,Shepherd_train29,10,16.7901258469,"s, don, get, want, t, walk, christ, ask, must, know",0.0334090956388,0.0236721104241,0.8,0.2,176.4,0.571958156665,0.572048691822,0.598109570879
195,JohnPiper_train38,10,12.7717881203,"sin, vers, god, s, say, christ, gift, nt, jesus, promis",0.0296894213101,0.027923997634,0.4,0.6,102.5,0.712186482808,0.682714517783,0.731087450883
196,Unitarian_test0,10,20.1372599602,"feel, flower, love, want, get, hope, fig, say, tree, ask",0.0292979637885,0.025057302976,0.8,0.2,123.0,0.589766828813,0.671298963031,0.417845175261
197,JohnPiper_test5,10,14.7765100002,"vers, god, christ, nt, say, s, sin, wrath, let, righteous",0.0372681073251,0.0221003464859,0.8,0.2,107.0,0.683092070641,0.677812916822,0.635081021739
198,DorothyDay_train46,10,9.21411108971,"get, pilgrimag, too, worker, retreat, joe, farm, prayer, go, room",0.0217216935033,0.0280993129955,0.4,0.6,52.0,0.686916850053,0.745928782888,0.664346598776
199,JohnPiper_train20,10,15.660574913,"god, s, vers, hope, grace, christ, love, pray, let, whi",0.0364569401043,0.0178444241137,0.8,0.2,119.0,0.699038654676,0.743007761122,0.547094378327
200,DorothyDay_train62,10,11.3514831066,"fr, worker, get, priest, retreat, too, night, roy, bed, strike",0.0270387759485,0.0176099027672,0.8,0.2,68.0,0.613973300506,0.758822800003,0.793704673506
201,DorothyDay_train57,10,11.7699239254,"love, get, worker, room, know, thing, christ, tri, am, too",0.0248135627859,0.0217164636395,0.7,0.3,75.9,0.714380092779,0.683600854598,0.793255274281
202,DorothyDay_train73,10,10.5084547997,"worker, prayer, too, say, talk, get, i, want, go, dakota",0.0268281455796,0.0171963079982,0.9,0.1,62.3,0.705570463043,0.802998916599,0.680076203763
203,Shepherd_test13,10,16.0845768452,"s, don, christ, get, said, god, want, t, ill, know",0.0296579994004,0.0219466990867,0.9,0.1,152.9,0.580990547954,0.638862991993,0.542098928029
204,PastorAnderson_train9,10,56.0331189632,"s, re, nt, say, bibl, go, get, know, vers, unto",0.0229035613377,0.0179584655078,0.8,0.2,593.6,0.646217321294,0.750501062623,0.740321456265
205,PastorAnderson_train16,10,59.5168180466,"s, re, say, nt, go, bibl, get, want, know, vers",0.0250336623774,0.0210128384837,0.7,0.3,671.9,0.616956344659,0.735847668652,0.669741887103
206,DorothyDay_train69,10,10.6170330048,"prayer, worker, pray, get, talk, thing, too, am, priest, christ",0.026639311015,0.0211336430049,0.8,0.2,63.9,0.74571032029,0.745776794913,0.755398533272
207,MehrBaba_train11,10,9.76440501213,"baba, love, conscious, hors, master, s, pure, realiz, meher, perfect",0.0435013903301,0.0179116749015,0.9,0.1,64.1,0.701249098676,0.755673023318,0.824231502801
208,Shepherd_train31,10,15.0244810581,"s, get, walk, sin, christ, god, thing, let, lord, want",0.0352211998223,0.0226237843633,0.9,0.1,150.1,0.603730103776,0.663416249347,0.750580819519
209,DorothyDay_test9,10,6.72252011299,"worker, bomb, talk, atom, chapter, tri, go, convers, trip, summari",0.0224854470668,0.0222006937587,0.3,0.7,36.1,0.663802218374,0.745454797622,0.685250613735
210,Unitarian_train10,10,22.0125570297,"s, nt, trust, am, say, authent, love, i, feel, know",0.0259564375931,0.0191850211425,0.7,0.3,149.5,0.596178353482,0.658676104652,0.582984266464
211,JohnPiper_train37,10,13.7932589054,"sin, vers, say, love, spirit, s, jesus, god, gift, perfect",0.0317555928485,0.0195035755273,0.7,0.3,103.8,0.750939988946,0.710497449428,0.654559995791
212,JohnPiper_train50,10,14.8353409767,"grace, vers, sin, s, god, christ, say, hope, jesus, nt",0.0303561074355,0.0226495383447,0.7,0.3,102.8,0.697085635994,0.702731254081,0.758347707902
213,JohnPiper_train29,10,14.0821459293,"spirit, vers, christ, say, god, s, let, fear, nt, jesus",0.0292739957276,0.027179356582,0.6,0.4,101.2,0.682642328115,0.708911420291,0.695352676566
214,Shepherd_train54,10,17.7271280289,"s, ask, don, christ, bless, t, god, want, knock, get",0.034718086142,0.0214526050697,0.9,0.1,171.9,0.556178666759,0.644099099016,0.603712928027
215,Shepherd_train45,10,15.170083046,"s, get, christ, sin, god, ask, prayer, lord, said, love",0.0306400875347,0.0228124822537,0.8,0.2,139.7,0.609291885437,0.630171839567,0.76790033579
216,Shepherd_train64,10,16.4600098133,"ask, s, sin, god, pray, prayer, get, don, listen, know",0.0320605271274,0.0240400088882,0.8,0.2,157.8,0.663674711582,0.561695739975,0.591175464179
217,DorothyDay_test10,10,8.71922111511,"talk, worker, pray, get, fr, priest, joy, too, want, hour",0.0319656981942,0.017375494933,1.0,0.0,54.8,0.671781362518,0.756987420091,0.620025591398
218,PastorAnderson_test6,10,57.7663629055,"s, re, say, go, nt, get, want, bibl, let, know",0.0259272667628,0.0182982757692,0.9,0.1,667.2,0.609507623634,0.721139665306,0.755571659782
219,DorothyDay_test0,10,13.3355140686,"fr, retreat, worker, too, talk, priest, dolci, danvill, told, rayna",0.024682594555,0.0208949398309,0.7,0.3,76.2,0.711256899844,0.730791684025,0.797393190735
220,NaumanKhan_train4,10,35.688959837,"allah, know, get, say, don't, talk, nt, want, na, someth",0.0205736864793,0.014246048657,0.9,0.1,296.5,0.802510782301,0.681307419947,0.522201011656
221,Unitarian_train24,10,19.7632608414,"am, want, nt, i, s, congreg, say, know, ask, tell",0.0287226455265,0.021538881167,0.8,0.2,139.6,0.686498006846,0.644920941767,0.480935996848
222,WBC_train24,10,16.1056449413,"shall, unto, s, god, christ, sodomit, belov, preach, prophet, ye",0.0218714578062,0.030257006303,0.4,0.6,81.1,0.590480217808,0.745694810412,0.806705898795
223,WBC_train28,10,16.3256208897,"unto, shall, ye, sin, god, lord, christ, thou, thi, s",0.0248372163086,0.0286884625826,0.3,0.7,86.7,0.605744945963,0.690501517165,0.696174393613
224,JohnPiper_train18,10,13.7504050732,"vers, jesus, nt, s, god, say, joy, righteous, hope, let",0.0312172868172,0.021704777818,0.9,0.1,107.3,0.619336921031,0.683666582451,0.750973996419
225,JohnPiper_test14,10,15.7311720848,"god, vers, sin, s, say, christ, nt, prayer, glori, whi",0.0311748715807,0.0234064703213,0.7,0.3,120.9,0.726931491654,0.674085192531,0.601961482813
226,JohnPiper_train27,10,13.4833228588,"vers, god, glori, s, meek, wisdom, say, christ, let, elder",0.0278539276467,0.0236014350333,0.6,0.4,97.5,0.651187929294,0.737651555018,0.745087274569
227,JohnPiper_train39,10,14.9575400352,"vers, say, god, christ, s, righteous, save, sin, nt, spirit",0.0315087020893,0.0286207849121,0.6,0.4,113.1,0.659539764177,0.702729793924,0.695349827125
228,JohnPiper_train40,10,14.3436660767,"vers, god, s, christ, say, jesus, nt, grace, merci, shall",0.0307093291362,0.0189697959029,0.9,0.1,106.9,0.68130998025,0.689454007406,0.720025458169
229,Shepherd_train58,10,15.5282268524,"s, get, don, sin, bless, job, want, god, lord, t",0.0319229043961,0.025351068484,0.5,0.5,158.2,0.562031744884,0.603042725747,0.525821663904
230,Shepherd_train65,10,16.1368939877,"s, rememb, pray, troubl, prayer, want, don, god, get, ask",0.0337141805028,0.0214962874007,0.8,0.2,171.8,0.652204606349,0.636018731969,0.659075545059
231,Shepherd_test21,10,17.2346339226,"s, don, get, bless, prayer, know, god, want, t, christ",0.0352399986443,0.0199828476607,1.0,0.0,185.1,0.601514605658,0.669903055237,0.716523866473
232,Shepherd_test1,10,16.2313489914,"s, don, want, god, get, christ, ask, sunday, know, t",0.0305588884452,0.0242350699646,0.6,0.4,153.3,0.628494865368,0.612453960811,0.685193657317
233,PastorAnderson_train13,10,58.5977480412,"s, re, say, nt, get, go, bibl, preach, ve, sin",0.0257066727818,0.0186985314042,0.8,0.2,645.3,0.572076181932,0.685105389598,0.674362485455
234,MehrBaba_test0,10,11.4393689632,"baba, s, nt, master, meher, feel, perfect, know, discipl, spiritu",0.0328014531909,0.0186760348893,0.8,0.2,72.2,0.666560617548,0.731603995247,0.876047823454
235,PastorAnderson_train20,10,55.5155248642,"s, re, say, nt, get, vers, go, bibl, let, unto",0.0226033901763,0.0197481073977,0.6,0.4,537.8,0.656236425294,0.703930927046,0.656464218115
236,Shepherd_train36,10,16.0413508415,"s, get, don, grace, christ, ask, t, encourag, god, thing",0.0324876014381,0.0188079436509,0.8,0.2,171.0,0.598107272944,0.656474140682,0.764641028637
237,DorothyDay_train35,10,11.4266159534,"retreat, worker, get, love, morn, talk, fr, too, am, poverti",0.0281698527785,0.0239187640345,0.7,0.3,67.4,0.718831788021,0.71206478942,0.749155716974
238,Unitarian_train17,10,25.0358018875,"am, get, i, let, feel, s, say, too, ask, grief",0.0285717559737,0.0210832717909,0.8,0.2,171.6,0.648870638748,0.70008528538,0.653929977611
239,WBC_test0,10,17.7668418884,"shall, unto, god, sin, christ, thou, hath, ye, thi, preach",0.0290958273909,0.0292780294609,0.5,0.5,88.5,0.63718282404,0.717730452928,0.707727138518
240,Unitarian_test2,10,21.4437878132,"nt, say, s, know, i, want, tell, get, silenc, love",0.0254885070854,0.0209510206869,0.7,0.3,141.8,0.676841439696,0.678896983312,0.725470245779
241,Rabbinic_train6,10,13.1302039623,"rabbi, jew, know, jewish, israel, moment, koufax, jewri, want, torah",0.0196741974779,0.0208689221597,0.5,0.5,79.6,0.777419781107,0.765765318371,0.585761043502
242,JohnPiper_train49,10,14.4434969425,"vers, worship, christ, god, say, prayer, hope, s, sacrific, love",0.0296751890178,0.0226668575676,0.8,0.2,112.7,0.725552636245,0.648488163375,0.461110180446
243,JohnPiper_test3,10,15.8225469589,"christ, vers, god, s, hope, say, fear, jesus, sin, fill",0.0299785474526,0.0236548675193,0.9,0.1,125.4,0.703582325623,0.698900655866,0.641303570432
244,DorothyDay_train44,10,9.88349604607,"worker, bread, get, too, peter, love, want, farm, labor, talk",0.0275633029627,0.0193734907215,0.9,0.1,64.5,0.700833333917,0.739944851879,0.676650997349
245,WBC_train30,10,15.5625071526,"shall, unto, ye, god, s, heaven, sermon, lord, thou, christ",0.0274584135941,0.025566448794,0.5,0.5,81.0,0.642764843859,0.741277064439,0.662681629579
246,Shepherd_train51,10,15.4548749924,"s, get, christ, want, don, t, know, god, say, i",0.0307556488453,0.0198617974638,0.9,0.1,163.9,0.591270208271,0.595087298332,0.602323638312
247,DorothyDay_train51,10,14.9511189461,"too, worker, get, street, talk, go, say, retreat, priest, farm",0.01975738476,0.0194554086286,0.4,0.6,89.1,0.707448556752,0.720370331439,0.773111075752
248,Shepherd_train48,10,15.9997770786,"s, christ, want, don, get, god, sin, t, walk, said",0.0335855410649,0.0221837026335,0.9,0.1,161.7,0.604474321374,0.640174664738,0.623976014591
249,Rabbinic_test3,10,10.9469490051,"esther, jew, durkheim, know, convers, let, cain, rabbi, jewish, god",0.0216509882548,0.0152314643784,0.9,0.1,64.8,0.777999850446,0.757810587216,0.722109841354
250,Shepherd_test11,10,15.4870331287,"s, christ, ask, get, want, preacher, know, don, god, said",0.0337520940371,0.0210453172979,0.9,0.1,156.8,0.642561830615,0.653461705797,0.595122312451
251,PastorAnderson_train14,10,57.0562229156,"s, nt, re, say, go, bibl, get, know, want, unto",0.0239379334009,0.0161943411579,0.8,0.2,592.8,0.709453725985,0.74726566895,0.836753061575
252,DorothyDay_test22,10,14.3898181915,"worker, get, farm, too, talk, go, maurin, room, helen, shall",0.0231459843557,0.0158344712122,0.8,0.2,86.0,0.75506643482,0.704840392499,0.775558593355
253,Shepherd_test2,10,15.4772369862,"s, don, get, judg, t, want, christ, know, ill, ask",0.0330322582802,0.0222798221455,0.9,0.1,169.1,0.598034707667,0.604414268685,0.586208080399
254,MehrBaba_train17,10,10.9375431538,"baba, sai, perfect, master, s, love, plane, mr, meher, avatar",0.0327843330108,0.019108989349,0.7,0.3,61.6,0.727805868635,0.824116240695,0.710586112621
255,DorothyDay_test17,10,8.79592394829,"worker, farm, get, go, tri, fr, too, teamster, room, talk",0.0228420543662,0.0219122614536,0.6,0.4,49.7,0.643705792412,0.704494026896,0.656404358354
256,WBC_train37,10,20.0893380642,"ye, shall, unto, christ, thi, thou, s, sin, let, god",0.0248361511766,0.0255387236343,0.4,0.6,112.1,0.662357159186,0.744687242973,0.811047659952
257,DorothyDay_test7,10,9.72596597672,"worker, get, pray, prayer, room, night, talk, visit, bob, go",0.0230611330826,0.0203250754371,0.5,0.5,55.4,0.669851831477,0.727624445163,0.5951299917
258,Shepherd_train22,10,15.2623291016,"s, get, christ, want, god, don, ill, elder, walk, ask",0.0353607982307,0.0191827207781,1.0,0.0,148.5,0.619913586198,0.588707189308,0.591687450057
259,NaumanKhan_test2,10,21.8090410233,"allah, say, nt, quran, know, get, s, don't, someth, talk",0.0187832900684,0.0164326523057,0.8,0.2,213.5,0.756060932372,0.622637603876,0.770886828456
260,JohnPiper_train52,10,13.5532958508,"vers, s, job, god, christ, say, weak, sheep, jesus, answer",0.0315078430168,0.023457482485,0.7,0.3,108.9,0.711443754463,0.671194226266,0.702737193603
261,WBC_train39,10,21.717826128,"crook, lot, shall, unto, s, christ, god, sin, ye, thou",0.0281890539796,0.0319448659521,0.5,0.5,127.1,0.587930862403,0.691030695321,0.797368640883
262,Shepherd_train56,10,16.1641919613,"s, get, don, ask, christ, want, sin, t, thing, said",0.0314896183496,0.0223455849484,0.8,0.2,153.4,0.621361829295,0.617507696224,0.515062291223
263,Shepherd_train71,10,16.4870789051,"s, don, christ, get, t, ask, said, want, ill, know",0.0307636145429,0.0183436189126,0.9,0.1,167.2,0.57072128308,0.614658069508,0.646104475619
264,Shepherd_train43,10,16.5211567879,"s, christ, don, want, get, t, encourag, god, testimoni, ill",0.0312569196131,0.0215604504561,0.9,0.1,148.8,0.560865055327,0.616865225721,0.645766244399
265,Shepherd_train49,10,15.5790901184,"s, don, get, christ, t, ill, want, god, said, pray",0.0279405181509,0.0200586274886,0.9,0.1,163.4,0.617511300411,0.590101514834,0.59160525367
266,Rabbinic_test4,10,10.499186039,"apolog, â€œno, kaplan, moment, jewri, israel, rabbi, torah, isra, steinberg",0.0211087524427,0.0192167730598,0.5,0.5,64.1,0.716971777807,0.738261305737,0.728985301793
267,Shepherd_test18,10,17.7733969688,"s, get, want, trust, ill, go, christ, joy, don, god",0.0335365330568,0.0207582233457,0.9,0.1,180.6,0.620190053749,0.571743236808,0.611723671648
268,PastorAnderson_test0,10,56.5199589729,"s, re, nt, say, get, bibl, go, want, vers, let",0.0304803744222,0.0168847867204,0.9,0.1,606.3,0.692486796543,0.708716931195,0.741891153555
269,JohnPiper_train36,10,15.1007709503,"god, s, say, vers, let, nt, sin, save, christ, jesus",0.0262962423104,0.0180121707674,0.9,0.1,119.4,0.67493639912,0.713050412756,0.704464572743
270,Unitarian_train19,10,26.0877449512,"dream, am, know, say, s, let, i, feel, get, want",0.0287913869095,0.0172432022267,0.9,0.1,177.5,0.65939820869,0.655180040933,0.656056811349
271,Rabbinic_train8,10,12.4299938679,"torah, rabbi, jewish, jew, rememb, convers, mose, moment, judaism, congreg",0.0179769418832,0.0168237227944,0.7,0.3,72.7,0.781706171733,0.704725890701,0.629422193185
272,Unitarian_train22,10,19.8968029022,"disappoint, nt, i, say, ask, s, am, let, know, love",0.0263361195427,0.0246894807362,0.6,0.4,137.9,0.700091563569,0.656192260845,0.594526357869
273,DorothyDay_train39,10,16.0208470821,"love, room, worker, get, hospit, talk, go, say, farm, tri",0.0300392184227,0.0225816898994,0.9,0.1,95.7,0.731813804858,0.772326296309,0.731351246819
274,JohnPiper_train34,10,14.0672798157,"vers, christ, god, s, love, say, etern, salvat, worship, nt",0.0345738850342,0.0209444411995,0.9,0.1,97.6,0.696241492839,0.673838186479,0.740868164707
275,WBC_train14,10,16.1994168758,"shall, thi, unto, thou, ye, thee, lord, god, shalt, say",0.023550823348,0.0277635152907,0.4,0.6,84.2,0.6185373259,0.767375880675,0.733309215116
276,DorothyDay_train48,10,11.3841688633,"worker, room, night, farm, poverti, ask, love, get, peggi, street",0.0249095255871,0.0183307712984,0.9,0.1,67.0,0.692724147777,0.720740824795,0.598400892056
277,Shepherd_train60,10,15.698102951,"s, don, christ, get, t, worri, want, talk, thing, ill",0.0358542311409,0.0222192276841,0.8,0.2,162.1,0.548615492597,0.611401684791,0.498236965481
278,JohnPiper_test12,10,14.3200421333,"god, vers, christ, say, s, love, nt, glori, faith, coven",0.0344543740029,0.0217648725556,0.8,0.2,101.8,0.654806648368,0.643342481087,0.501794946378
279,DorothyDay_test19,10,7.70004487038,"worker, get, fr, got, acr, talk, comfort, pay, silenc, cathol",0.0242286031178,0.0226032829138,0.7,0.3,42.7,0.636644252601,0.756395888182,0.800666376486
280,PastorAnderson_train18,10,54.9249520302,"s, re, nt, get, say, go, preach, bibl, want, vers",0.0251685470632,0.0174897602793,0.8,0.2,587.2,0.714369612727,0.757690680465,0.711915959464
281,MehrBaba_test5,10,10.8404037952,"baba, master, s, mind, feel, conscious, pure, crave, discipl, love",0.0339068146225,0.0176592365464,0.8,0.2,61.7,0.749968199833,0.787473063056,0.745977556647
282,JohnPiper_train23,10,14.4707567692,"worship, christ, god, vers, jesus, s, nt, say, prayer, satan",0.0283778041254,0.0195294723806,0.8,0.2,105.4,0.678600379034,0.746395714493,0.59858718164
283,DorothyDay_train32,10,9.57634997368,"get, love, worker, joy, prison, am, too, room, i, reader",0.0313211043703,0.0210109187969,0.7,0.3,56.3,0.677149990359,0.702261876421,0.635140877959
284,Rabbinic_train11,10,11.4723398685,"mose, am, know, goldston, moment, jacob, want, abraham, happen, israel",0.0202450277109,0.0194878880284,0.6,0.4,65.6,0.759349659554,0.74639901963,0.585941122613
285,WBC_test7,10,15.9463479519,"shall, unto, coven, ye, god, thee, thi, thou, lord, s",0.0245768177087,0.0288056587508,0.3,0.7,81.3,0.591292428532,0.66689047202,0.768779732893
286,JohnPiper_train46,10,14.9265930653,"vers, nt, god, s, righteous, say, sin, job, hear, feel",0.0358513110186,0.0242187492056,0.7,0.3,120.8,0.692142036664,0.73528346475,0.615744271725
287,DorothyDay_train43,10,12.8826849461,"worker, too, get, street, love, ask, i, christ, hour, go",0.027793998751,0.0221356778574,0.6,0.4,80.1,0.71446026871,0.741357181917,0.681492259788
288,DorothyDay_train67,10,11.1169559956,"worker, get, labor, night, too, room, talk, want, fr, maurin",0.0243437460218,0.0209147410992,0.9,0.1,66.9,0.689917587472,0.799137122062,0.621905607057
289,Shepherd_train67,10,14.6911220551,"s, get, don, want, christ, worship, said, t, go, whi",0.0327252019409,0.0236931513044,0.6,0.4,157.3,0.632709207894,0.576519385909,0.660356862565
290,DorothyDay_train76,10,12.7391688824,"worker, get, farm, talk, camp, too, priest, hospit, larri, maurin",0.0223738234492,0.0241063595699,0.5,0.5,74.3,0.709424210634,0.789180563472,0.83801763113
291,Shepherd_test7,10,15.129527092,"s, god, don, thank, want, know, get, christ, ask, bless",0.0342758757862,0.0216805810584,0.7,0.3,156.3,0.649589094268,0.638602881731,0.6397321466
292,PastorAnderson_train11,10,62.9876589775,"s, re, nt, say, get, go, bibl, vers, know, look",0.0261305447718,0.0203139011402,0.7,0.3,631.8,0.652895151993,0.727912159745,0.78751094653
293,MehrBaba_train12,10,9.02942609787,"baba, mira, shri, love, mind, narad, s, soul, buddha, spiritu",0.033707066033,0.0179503331578,0.9,0.1,48.2,0.746503299503,0.793977892776,0.839717374589
294,MehrBaba_test2,10,9.74915599823,"baba, plane, spiritu, meher, master, mind, imagin, discipl, madmast, s",0.0334989869977,0.01655374346,1.0,0.0,45.1,0.758626003617,0.80600234662,0.753961839426
295,MehrBaba_train25,10,7.90646791458,"infinit, baba, realiz, mind, divin, conscious, meher, reaction, i, know",0.0338724380404,0.0140449987848,0.8,0.2,54.2,0.790297486881,0.733013807642,0.642875380433
296,Shepherd_train34,10,15.8574352264,"s, don, get, want, preacher, christ, preach, t, let, ask",0.0308749413785,0.0260139362425,0.7,0.3,154.0,0.636262808731,0.562778827488,0.632633328329
297,Shepherd_train25,10,17.2768969536,"s, don, get, know, t, ask, ill, evil, sin, go",0.0306313043844,0.0251644248004,0.8,0.2,184.8,0.585404522026,0.585796025029,0.754720580473
298,Unitarian_train15,10,23.4686698914,"am, nt, get, s, feel, want, let, i, magic, say",0.0300827401055,0.0209867534013,0.9,0.1,165.7,0.670269703709,0.677142307661,0.556379899723
299,NaumanKhan_train7,10,20.0523040295,"allah, know, say, don't, talk, ask, get, thing, want, someth",0.0222116909082,0.018587830187,0.7,0.3,168.3,0.714594987012,0.621030577461,0.630377749918
300,JohnPiper_train55,10,13.3667709827,"vers, god, christ, prayer, s, say, hope, let, nt, glori",0.0297325728839,0.0191591889254,0.9,0.1,102.2,0.695730877025,0.663158343111,0.638907512977
301,JohnPiper_test1,10,13.6615989208,"vers, god, say, glori, s, love, let, christ, pray, prayer",0.0278460697224,0.0181403221236,0.8,0.2,102.0,0.669818881789,0.790703716169,0.813980083068
302,JohnPiper_train24,10,11.9793069363,"vers, god, righteous, christ, s, say, nt, fountain, grace, yuml",0.0376993117626,0.0194132713883,1.0,0.0,87.6,0.644818327449,0.768120607607,0.651771101545
303,Shepherd_train53,10,16.9807300568,"s, get, don, ask, said, t, want, heaven, think, god",0.0296217576409,0.021547391748,0.8,0.2,174.7,0.564432717763,0.63652566559,0.71261464024
304,DorothyDay_train53,10,12.1228790283,"worker, labor, get, priest, room, talk, let, too, strike, go",0.0281524336255,0.0207164699996,0.9,0.1,73.7,0.743722818706,0.784999188095,0.873149979023
305,Shepherd_train46,10,15.78134799,"s, get, christ, don, want, said, walk, listen, enoch, ask",0.0341002012812,0.0205228054467,1.0,0.0,161.1,0.635159043394,0.622015360577,0.709211096886
306,Rabbinic_test1,10,11.036028862,"rabbi, know, schulwei, hartman, ourselv, torah, god, keter, jewish, forgiv",0.0183217272959,0.0223752574649,0.4,0.6,63.6,0.752131773151,0.69813322468,0.803933594955
307,WBC_train18,10,15.1206109524,"shall, unto, ye, thou, s, lord, thi, heaven, god, judg",0.0307275937881,0.0228443223626,0.7,0.3,72.3,0.596092023915,0.798001703985,0.619737507651
308,Shepherd_test17,10,16.7512059212,"s, thank, get, don, christ, ask, sin, ill, said, t",0.0348379378513,0.0200808326565,1.0,0.0,169.4,0.607959189192,0.573295241663,0.640555965181
309,JohnPiper_train30,10,13.4157571793,"vers, god, christ, zion, grace, s, say, glori, exult, spirit",0.0336500200117,0.0194429535229,0.7,0.3,104.1,0.684976284079,0.744308244132,0.783987555339
310,DorothyDay_test20,10,9.18201184273,"worker, farm, hour, bread, love, i, want, christ, talk, go",0.0272995678891,0.0255020610106,0.7,0.3,57.2,0.69039775114,0.683200518221,0.732652847288
311,MehrBaba_train15,10,9.76628994942,"baba, nt, s, meher, shri, perfect, love, mind, avatar, conscious",0.0337249424681,0.0161193245648,0.9,0.1,62.8,0.681407809009,0.746529458466,0.686945144926
312,DorothyDay_test15,10,10.9193079472,"we, our, get, me, my, worker, too, tri, prison, go",0.0218273388452,0.022498488306,0.4,0.6,60.2,0.724826711181,0.704566194422,0.559150382492
313,WBC_train33,10,16.1601939201,"shall, unto, obama, god, s, lord, ye, thou, christ, sermon",0.0241968231739,0.0257287100604,0.4,0.6,80.8,0.607659166159,0.772226818789,0.795332395874
314,DorothyDay_test5,10,9.25759506226,"worker, love, too, priest, farm, say, ask, reader, know, prison",0.0290397617945,0.0197374879954,0.7,0.3,54.1,0.708300751982,0.769486123739,0.802721964961
315,WBC_test9,10,16.6443619728,"unto, shall, thou, god, ye, thee, s, thi, sin, etern",0.0237485047479,0.0275478425369,0.4,0.6,92.0,0.59033582299,0.68426038461,0.656186481619
316,Unitarian_train27,6,15.037006855,"courag, nt, s, love, know, say, ask, congreg, get, i",0.0314179835273,0.0209649101335,0.833333333333,0.166666666667,174.833333333,0.753506799796,0.644049274792,0.663132158468
317,WBC_train21,10,16.3719201088,"shall, unto, ye, god, s, thi, lord, ie, thou, belov",0.0291293657742,0.0268612412126,0.6,0.4,83.2,0.594051593421,0.725764547025,0.781598797649
318,Shepherd_train41,10,15.4703280926,"s, ask, get, christ, want, don, ill, god, lord, love",0.0345052793147,0.0221636746197,0.8,0.2,163.6,0.595898868973,0.589599836896,0.704769670572
319,DorothyDay_train54,10,13.0782420635,"worker, rememb, too, get, love, i, babi, night, want, walk",0.0273746699741,0.021324521473,0.8,0.2,85.2,0.716822406403,0.732396728256,0.686713331651
320,JohnPiper_test17,10,14.3107199669,"christ, grace, vers, god, hope, s, job, endur, say, nt",0.0341583577871,0.0200959264235,0.8,0.2,114.0,0.716436421965,0.738493639094,0.731344786209
321,WBC_test8,10,20.3572700024,"shall, unto, ye, hell, god, thou, thee, s, lord, hath",0.0237534981638,0.030979079127,0.3,0.7,100.0,0.573580633016,0.704015502904,0.793631660693
322,PastorAnderson_test2,10,54.3254621029,"s, re, nt, say, get, go, bibl, know, let, vers",0.0215526445939,0.0166538808875,0.8,0.2,557.2,0.666403171455,0.689387274697,0.646977175193
323,Unitarian_train20,10,18.2352011204,"nt, hurt, let, love, i, s, am, say, know, vision",0.0275589578116,0.0162718331339,0.9,0.1,129.3,0.660605307533,0.681992107683,0.726799501898
324,Rabbinic_train14,10,12.170814991,"we, our, you, failur, israel, torah, my, your, ask, know",0.0229437583319,0.018354701868,0.8,0.2,75.6,0.767638648126,0.722668727149,0.725176889024
325,WBC_train40,10,17.1957159042,"unto, shall, thou, god, s, dark, ye, thee, sermon, say",0.0252815168302,0.0262370677788,0.5,0.5,88.1,0.613041199237,0.717008524291,0.727470146376
326,Unitarian_test8,10,18.0561141968,"am, i, know, nt, get, love, s, let, hope, want",0.0288569868376,0.0282433811575,0.6,0.4,128.9,0.683106494538,0.683063317528,0.654708817539
327,JohnPiper_train43,10,14.3296859264,"vers, god, grace, christ, say, s, glori, heaven, nt, worship",0.0388426886874,0.024816393209,0.8,0.2,105.4,0.722381312869,0.729443812298,0.635405853486
328,WBC_train16,10,25.4553821087,"shall, unto, injuri, spirit, god, ye, christ, glori, lord, s",0.0295159396772,0.0292516704721,0.4,0.6,128.0,0.593160905714,0.764930296571,0.78885499486
329,Shepherd_train62,10,17.6426448822,"s, don, t, get, want, said, ill, christ, ask, jesus",0.0286710512297,0.0265592586367,0.6,0.4,182.3,0.596775956841,0.62085583673,0.696228684682
330,JohnPiper_test10,10,13.9812858105,"vers, god, s, jonah, love, job, truth, answer, say, bless",0.035051273755,0.024032383394,0.6,0.4,117.4,0.713338846541,0.753158624271,0.822209488858
331,WBC_train20,10,15.1538870335,"shall, unto, s, lord, thou, forget, glori, ye, god, sermon",0.0220039967621,0.0272702798133,0.2,0.8,69.2,0.531820983908,0.711175549305,0.691326188004
332,MehrBaba_train19,10,10.1350600719,"baba, meher, dr, kenmor, s, spiritu, maya, master, conscious, shri",0.0308902615384,0.0153941445938,0.8,0.2,55.8,0.662634918836,0.730275945703,0.590543246805
333,MehrBaba_test7,10,6.48652601242,"perfect, conscious, baba, love, imperson, shri, soul, spiritu, manifest, subtl",0.0372296032852,0.0201254476264,0.8,0.2,36.8,0.711023980091,0.670796669012,0.606665271845
334,MehrBaba_train22,10,9.34248495102,"baba, meher, love, perfect, mystic, evil, s, pure, feel, want",0.0374240561334,0.0174809785455,0.9,0.1,58.6,0.836878592812,0.694061932723,0.690028931573
335,DorothyDay_train25,10,8.76280999184,"worker, talk, farm, room, love, tri, too, get, go, christ",0.027858876403,0.020773042485,0.5,0.5,53.3,0.683622116218,0.729264892558,0.661601726638
336,Shepherd_train40,10,16.074575901,"s, get, christ, ask, want, know, ill, don, said, god",0.032092807913,0.0213933556287,0.9,0.1,154.4,0.639953629059,0.61400683145,0.719743432622
337,Shepherd_train39,10,16.726610899,"s, get, christ, worship, want, god, let, ill, ask, heaven",0.029777167962,0.0216132984623,0.9,0.1,160.8,0.600012354633,0.622222056986,0.6350001076
338,DorothyDay_train30,10,16.2782769203,"love, retreat, worker, get, too, say, strike, sin, christ, god",0.0273579154027,0.0197358674047,0.8,0.2,115.5,0.740277325801,0.706386470813,0.648979350786
339,Rabbinic_train13,10,13.5345630646,"bless, rabbi, know, happi, refuge, ask, ourselv, complaint, let, jacob",0.0220809369608,0.0227651578339,0.4,0.6,81.1,0.762445448274,0.717678173625,0.609979965609
340,Shepherd_train28,10,16.9751849174,"christ, s, grace, get, ask, don, preach, worship, ill, god",0.0311608655506,0.0204502447162,0.9,0.1,157.3,0.553871342839,0.588423260487,0.616930260893
341,WBC_test5,10,21.2441549301,"shall, unto, sin, god, prayer, ye, lord, s, hath, christ",0.0250174924054,0.0276839049621,0.5,0.5,125.7,0.688490097161,0.718521396902,0.814774574289
342,Unitarian_test1,10,20.3342359066,"listen, feel, know, wonder, bread, say, harm, nt, moment, i",0.027022496082,0.0220916944119,0.6,0.4,131.0,0.708084698267,0.666378447593,0.602335144059
343,JohnPiper_train44,10,14.8525011539,"christ, vers, hope, god, s, glori, grace, spirit, love, say",0.0299992245866,0.0237120125897,0.5,0.5,108.1,0.698196317677,0.688869898116,0.815897829369
344,JohnPiper_test6,10,14.9639620781,"vers, god, s, nt, pray, prayer, truth, say, christ, let",0.0284903139479,0.0215500785927,0.6,0.4,109.3,0.697210177677,0.746245647591,0.65002462678
345,DorothyDay_train41,10,12.0254640579,"too, worker, get, love, christ, tree, go, talk, ask, put",0.027566597868,0.0215987045348,0.7,0.3,73.3,0.649773420344,0.768726838722,0.722534907934
346,JohnPiper_train21,10,12.9079220295,"grace, god, vers, s, etern, christ, say, sin, nt, jesus",0.0359438533325,0.0209608277375,0.8,0.2,97.8,0.70887420211,0.768084609582,0.681447006653
347,DorothyDay_train61,10,12.2334179878,"get, room, worker, prayer, go, night, too, fr, tamar, street",0.0246818467443,0.0196799090196,0.8,0.2,65.8,0.688732756667,0.713132979752,0.66354001829
348,Shepherd_train69,10,16.5729877949,"s, sin, christ, ask, bless, god, ill, preacher, get, know",0.0310749448251,0.0235572585476,0.8,0.2,164.1,0.597594277718,0.582722153118,0.591106396553
349,DorothyDay_train74,10,11.7954678535,"worker, get, am, go, too, dont, tri, talk, say, know",0.023660442484,0.021764083677,0.6,0.4,78.5,0.709321563924,0.74579089588,0.761872949219
350,Shepherd_test12,10,16.9350421429,"s, get, don, preach, christ, prais, t, ask, want, ill",0.030897979548,0.0203371945613,0.9,0.1,182.2,0.667269565889,0.636308257493,0.732057486402
351,Shepherd_test5,10,15.4579319954,"s, get, christ, don, ill, t, god, want, talk, said",0.0283938871734,0.0258457422329,0.6,0.4,155.0,0.598256569731,0.61246316738,0.584993910412
352,MehrBaba_train9,10,12.605547905,"baba, mind, meher, tajuddin, infinit, s, love, sai, realiz, divin",0.0339417463209,0.0242003056761,0.8,0.2,91.8,0.765477415546,0.744992236683,0.81569803487
353,PastorAnderson_train17,10,56.6057920456,"s, re, nt, say, bibl, get, go, know, want, vers",0.0263798308303,0.019118534589,0.8,0.2,595.2,0.667273985059,0.696959722407,0.81369915533
354,MehrBaba_train10,10,11.0836610794,"baba, master, babajan, spiritu, s, meher, perfect, stay, saint, hazrat",0.0328793920498,0.0150878837595,1.0,0.0,50.7,0.699708810941,0.726471433798,0.728388431918
